date,equity,cash,n_open,open,n_entries,n_exits,n_resting,n_live
2024-09-04,100000.0,100000.0,0,,0,0,0,0
2024-09-05,100056.69583592676,73349.11845694983,4,"CDNS,NVDA,PANW,SMCI",4,0,12,12
2024-09-06,99088.10673987793,53695.02101677835,7,"CDNS,CPRT,DG,KLAC,ODFL,PANW,SMCI",4,1,12,16
2024-09-09,99865.506323346,53695.02101677835,7,"CDNS,CPRT,DG,KLAC,ODFL,PANW,SMCI",0,0,8,11
2024-09-10,100134.76520484983,60535.74696049415,6,"CPRT,DG,KLAC,ODFL,PANW,SMCI",0,1,9,12
2024-09-11,100763.57702575023,60895.36314893927,6,"CNC,CPRT,DG,ODFL,PANW,WDAY",2,2,11,14
2024-09-12,101141.64413415204,54263.3265353476,7,"APTV,CNC,CPRT,GM,HUM,ODFL,PANW",3,2,11,15
2024-09-13,101565.37496721497,47656.35969213674,8,"CNC,CPRT,GM,HPE,HUM,MRNA,ODFL,PANW",2,1,9,14
2024-09-16,101539.89212989033,41040.829624151105,9,"ADBE,CNC,CPRT,GRMN,HPE,HUM,MRNA,ODFL,PANW",2,1,8,13
2024-09-17,102057.66130181123,41147.52287377301,9,"ADBE,CNC,CPRT,DLTR,GRMN,HPE,HUM,MRNA,PANW",1,1,7,18
2024-09-18,101966.78864528451,41147.52287377301,9,"ADBE,CNC,CPRT,DLTR,GRMN,HPE,HUM,MRNA,PANW",0,0,6,13
2024-09-19,102152.14162839108,48543.82974092807,8,"ADBE,CNC,CPRT,DLTR,GRMN,HUM,MRNA,PANW",0,1,7,12
2024-09-20,101681.49660957063,48543.82974092807,8,"ADBE,CNC,CPRT,DLTR,GRMN,HUM,MRNA,PANW",0,0,7,11
2024-09-23,101929.40128623192,41748.840087912395,9,"ADBE,CNC,CPRT,DLTR,GRMN,HUM,LEN,MRNA,PANW",1,0,7,21
2024-09-24,101909.41362421957,34965.44589301947,10,"ADBE,CNC,CPRT,DLTR,FDX,GRMN,HUM,LEN,MRNA,PANW",1,0,6,17
2024-09-25,101311.71444637027,34965.44589301947,10,"ADBE,CNC,CPRT,DLTR,FDX,GRMN,HUM,LEN,MRNA,PANW",0,0,5,19
2024-09-26,101631.98123134309,28188.15389171188,11,"ADBE,CNC,CPRT,DLTR,FDX,GM,GRMN,HUM,LEN,MRNA,PANW",1,0,5,22
2024-09-27,102194.3442746681,21372.905726826768,12,"ADBE,CNC,CPRT,DLTR,FDX,GM,GRMN,HUM,LEN,MRNA,PANW,ZBH",1,0,4,27
2024-09-30,102234.57141034586,21372.905726826768,12,"ADBE,CNC,CPRT,DLTR,FDX,GM,GRMN,HUM,LEN,MRNA,PANW,ZBH",0,0,3,20
2024-10-01,100375.14108998697,27038.198683849798,11,"ADBE,CNC,CPRT,DLTR,FDX,GM,GRMN,LEN,MRNA,PANW,ZBH",0,1,4,27
2024-10-02,99955.5551974794,27038.198683849798,11,"ADBE,CNC,CPRT,DLTR,FDX,GM,GRMN,LEN,MRNA,PANW,ZBH",0,0,4,19
2024-10-03,99256.1824658947,20416.475732002968,12,"ADBE,CNC,CPRT,DLTR,FDX,GM,GRMN,LEN,MRNA,NKE,PANW,ZBH",1,0,4,21
2024-10-04,99583.50531693175,20416.475732002968,12,"ADBE,CNC,CPRT,DLTR,FDX,GM,GRMN,LEN,MRNA,NKE,PANW,ZBH",0,0,3,19
2024-10-07,98382.69524652124,20416.475732002968,12,"ADBE,CNC,CPRT,DLTR,FDX,GM,GRMN,LEN,MRNA,NKE,PANW,ZBH",0,0,3,21
2024-10-08,98830.17251754928,34309.0876331018,10,"ADBE,CNC,DLTR,FDX,GM,GRMN,LEN,MRNA,NKE,ZBH",0,2,5,23
2024-10-09,99560.67589666632,34309.0876331018,10,"ADBE,CNC,DLTR,FDX,GM,GRMN,LEN,MRNA,NKE,ZBH",0,0,5,24
2024-10-10,99207.83427735302,34309.0876331018,10,"ADBE,CNC,DLTR,FDX,GM,GRMN,LEN,MRNA,NKE,ZBH",0,0,5,19
2024-10-11,99389.46794414648,41384.8983209198,9,"ADBE,CNC,DLTR,FDX,GRMN,LEN,MRNA,NKE,ZBH",0,1,6,25
2024-10-14,99646.06617282133,34739.434392179224,10,"ADBE,CNC,DLTR,FDX,GRMN,LEN,MRNA,NKE,TSLA,ZBH",1,0,6,25
2024-10-15,99352.47299395979,34739.434392179224,10,"ADBE,CNC,DLTR,FDX,GRMN,LEN,MRNA,NKE,TSLA,ZBH",0,0,5,25
2024-10-16,99921.54196784183,28076.947041765547,11,"ADBE,AOS,CNC,DLTR,FDX,GRMN,LEN,MRNA,NKE,TSLA,ZBH",1,0,5,39
2024-10-17,98725.02294297077,28076.947041765547,11,"ADBE,AOS,CNC,DLTR,FDX,GRMN,LEN,MRNA,NKE,TSLA,ZBH",0,0,4,30
2024-10-18,98783.57829963218,28076.947041765547,11,"ADBE,AOS,CNC,DLTR,FDX,GRMN,LEN,MRNA,NKE,TSLA,ZBH",0,0,4,33
2024-10-21,97869.06900515116,28076.947041765547,11,"ADBE,AOS,CNC,DLTR,FDX,GRMN,LEN,MRNA,NKE,TSLA,ZBH",0,0,4,31
2024-10-22,97250.66122485936,28076.947041765547,11,"ADBE,AOS,CNC,DLTR,FDX,GRMN,LEN,MRNA,NKE,TSLA,ZBH",0,0,4,30
2024-10-23,96534.4286674665,28076.947041765547,11,"ADBE,AOS,CNC,DLTR,FDX,GRMN,LEN,MRNA,NKE,TSLA,ZBH",0,0,4,40
2024-10-24,97576.8089813845,35270.72849334083,10,"ADBE,AOS,CNC,DLTR,FDX,GRMN,LEN,MRNA,NKE,ZBH",0,1,5,45
2024-10-25,97547.338440457,35270.72849334083,10,"ADBE,AOS,CNC,DLTR,FDX,GRMN,LEN,MRNA,NKE,ZBH",0,0,5,59
2024-10-28,97799.27403726339,35270.72849334083,10,"ADBE,AOS,CNC,DLTR,FDX,GRMN,LEN,MRNA,NKE,ZBH",0,0,5,59
2024-10-29,97404.5683385227,35270.72849334083,10,"ADBE,AOS,CNC,DLTR,FDX,GRMN,LEN,MRNA,NKE,ZBH",0,0,5,63
2024-10-30,98207.64324475615,42400.72110531075,9,"ADBE,AOS,CNC,DLTR,FDX,LEN,MRNA,NKE,ZBH",0,1,6,66
2024-10-31,97986.1140042063,42400.72110531075,9,"ADBE,AOS,CNC,DLTR,FDX,LEN,MRNA,NKE,ZBH",0,0,6,74
2024-11-01,98480.50684827522,42400.72110531075,9,"ADBE,AOS,CNC,DLTR,FDX,LEN,MRNA,NKE,ZBH",0,0,6,99
2024-11-04,98406.99132506558,42400.72110531075,9,"ADBE,AOS,CNC,DLTR,FDX,LEN,MRNA,NKE,ZBH",0,0,6,97
2024-11-05,98960.87370654586,35802.62335740892,10,"ADBE,AOS,CNC,DLTR,EL,FDX,LEN,MRNA,NKE,ZBH",1,0,6,92
2024-11-06,98023.90866732135,29277.50884869717,11,"ADBE,AOS,CNC,DLTR,EL,FDX,GPC,LEN,MRNA,NKE,ZBH",1,0,5,88
2024-11-07,98334.95790230685,29277.50884869717,11,"ADBE,AOS,CNC,DLTR,EL,FDX,GPC,LEN,MRNA,NKE,ZBH",0,0,4,84
2024-11-08,97214.14827827936,29277.50884869717,11,"ADBE,AOS,CNC,DLTR,EL,FDX,GPC,LEN,MRNA,NKE,ZBH",0,0,4,82
2024-11-11,97274.87815057313,33537.92643936518,10,"ADBE,AOS,CNC,DLTR,EL,FDX,GPC,LEN,NKE,ZBH",0,1,5,85
2024-11-12,96874.8089906165,33537.92643936518,10,"ADBE,AOS,CNC,DLTR,EL,FDX,GPC,LEN,NKE,ZBH",0,0,5,80
2024-11-13,97349.08480975241,33537.92643936518,10,"ADBE,AOS,CNC,DLTR,EL,FDX,GPC,LEN,NKE,ZBH",0,0,5,81
2024-11-14,97619.34872627092,33537.92643936518,10,"ADBE,AOS,CNC,DLTR,EL,FDX,GPC,LEN,NKE,ZBH",0,0,5,82
2024-11-15,97053.49817849994,27062.76750440753,11,"ADBE,AOS,CNC,DLTR,EL,ELV,FDX,GPC,LEN,NKE,ZBH",1,0,5,80
2024-11-18,97464.86821075727,34228.70479638943,10,"ADBE,AOS,CNC,DLTR,EL,ELV,FDX,GPC,LEN,NKE",0,1,5,79
2024-11-19,96990.89562526454,27774.469225533718,11,"ADBE,AOS,CNC,DLTR,EL,ELV,FDX,GPC,LEN,NKE,TTD",1,0,5,74
2024-11-20,97111.12002016009,27774.469225533718,11,"ADBE,AOS,CNC,DLTR,EL,ELV,FDX,GPC,LEN,NKE,TTD",0,0,4,80
2024-11-21,98492.00956602869,27774.469225533718,11,"ADBE,AOS,CNC,DLTR,EL,ELV,FDX,GPC,LEN,NKE,TTD",0,0,4,77
2024-11-22,99579.46768358971,35572.88388099865,10,"ADBE,AOS,CNC,DLTR,EL,ELV,GPC,LEN,NKE,TTD",0,1,5,77
2024-11-25,101479.81392023688,28816.007637719067,11,"ADBE,AOS,CNC,DLTR,EL,ELV,GPC,LEN,NKE,TGT,TTD",1,0,5,76
2024-11-26,100449.62447036174,22113.539971528662,12,"ADBE,AOS,CNC,DLTR,EL,ELV,GPC,LEN,NKE,SMCI,TGT,TTD",1,0,4,69
2024-11-27,100916.48742708685,22113.539971528662,12,"ADBE,AOS,CNC,DLTR,EL,ELV,GPC,LEN,NKE,SMCI,TGT,TTD",0,0,3,73
2024-11-29,100555.25869034132,22113.539971528662,12,"ADBE,AOS,CNC,DLTR,EL,ELV,GPC,LEN,NKE,SMCI,TGT,TTD",0,0,3,74
2024-12-02,103125.30414791888,29465.798840061085,11,"ADBE,AOS,CNC,DLTR,EL,ELV,GPC,LEN,NKE,SMCI,TGT",0,1,4,73
2024-12-03,102768.84876597399,29465.798840061085,11,"ADBE,AOS,CNC,DLTR,EL,ELV,GPC,LEN,NKE,SMCI,TGT",0,0,4,69
2024-12-04,103092.70692991145,29465.798840061085,11,"ADBE,AOS,CNC,DLTR,EL,ELV,GPC,LEN,NKE,SMCI,TGT",0,0,4,70
2024-12-05,102183.60015808081,29465.798840061085,11,"ADBE,AOS,CNC,DLTR,EL,ELV,GPC,LEN,NKE,SMCI,TGT",0,0,4,70
2024-12-06,102774.23168106712,29465.798840061085,11,"ADBE,AOS,CNC,DLTR,EL,ELV,GPC,LEN,NKE,SMCI,TGT",0,0,4,74
2024-12-09,103725.97447396629,29465.798840061085,11,"ADBE,AOS,CNC,DLTR,EL,ELV,GPC,LEN,NKE,SMCI,TGT",0,0,4,73
2024-12-10,102615.64626944673,34590.06117927888,10,"ADBE,AOS,DLTR,EL,ELV,GPC,LEN,NKE,SMCI,TGT",0,1,5,73
2024-12-11,101856.32860813165,34590.06117927888,10,"ADBE,AOS,DLTR,EL,ELV,GPC,LEN,NKE,SMCI,TGT",0,0,5,77
2024-12-12,100340.55734787029,40292.144696503514,9,"ADBE,AOS,DLTR,EL,ELV,GPC,NKE,SMCI,TGT",0,1,6,67
2024-12-13,99669.23165204428,39564.660426745846,9,"AOS,DLTR,EL,ELV,GPC,NKE,ORCL,SMCI,TGT",1,1,7,70
2024-12-16,98513.7956507709,46093.63576641565,8,"AOS,EL,ELV,GPC,NKE,ORCL,SMCI,TGT",0,1,7,70
2024-12-17,98198.60489487855,46093.63576641565,8,"AOS,EL,ELV,GPC,NKE,ORCL,SMCI,TGT",0,0,7,69
2024-12-18,96731.20868260777,33174.92106266168,10,"ADM,AMGN,AOS,EL,ELV,GPC,NKE,ORCL,SMCI,TGT",2,0,7,72
2024-12-19,96545.81568135512,26737.785206228917,11,"ADM,AMGN,AOS,EL,ELV,GPC,INCY,NKE,ORCL,SMCI,TGT",1,0,5,58
2024-12-20,97189.37532195525,13791.925694903744,13,"ADM,AMGN,AOS,EL,ELV,GPC,INCY,MU,NKE,ORCL,SMCI,TGT,VRTX",2,0,4,61
2024-12-23,97667.15723922465,13791.925694903744,13,"ADM,AMGN,AOS,EL,ELV,GPC,INCY,MU,NKE,ORCL,SMCI,TGT,VRTX",0,0,2,61
2024-12-24,98369.04203750871,13791.925694903744,13,"ADM,AMGN,AOS,EL,ELV,GPC,INCY,MU,NKE,ORCL,SMCI,TGT,VRTX",0,0,2,58
2024-12-26,98463.35724287946,13791.925694903744,13,"ADM,AMGN,AOS,EL,ELV,GPC,INCY,MU,NKE,ORCL,SMCI,TGT,VRTX",0,0,2,58
2024-12-27,97672.28170668564,13791.925694903744,13,"ADM,AMGN,AOS,EL,ELV,GPC,INCY,MU,NKE,ORCL,SMCI,TGT,VRTX",0,0,2,57
2024-12-30,96385.55665885328,13791.925694903744,13,"ADM,AMGN,AOS,EL,ELV,GPC,INCY,MU,NKE,ORCL,SMCI,TGT,VRTX",0,0,2,57
2024-12-31,96697.6291901184,13791.925694903744,13,"ADM,AMGN,AOS,EL,ELV,GPC,INCY,MU,NKE,ORCL,SMCI,TGT,VRTX",0,0,2,65
2025-01-02,96528.89970895639,13791.925694903744,13,"ADM,AMGN,AOS,EL,ELV,GPC,INCY,MU,NKE,ORCL,SMCI,TGT,VRTX",0,0,2,57
2025-01-03,97359.74427988475,19636.64266825542,12,"ADM,AMGN,AOS,EL,ELV,GPC,INCY,MU,ORCL,SMCI,TGT,VRTX",0,1,3,53
2025-01-06,99022.98087217886,13027.267033257558,13,"ADM,AMGN,AOS,APTV,EL,ELV,GPC,INCY,MU,ORCL,SMCI,TGT,VRTX",1,0,3,54
2025-01-07,99120.34026148188,20478.48919883751,12,"ADM,AMGN,AOS,APTV,EL,ELV,GPC,INCY,ORCL,SMCI,TGT,VRTX",0,1,3,51
2025-01-08,98838.30003854181,20478.48919883751,12,"ADM,AMGN,AOS,APTV,EL,ELV,GPC,INCY,ORCL,SMCI,TGT,VRTX",0,0,3,49
2025-01-10,98173.44023244813,20478.48919883751,12,"ADM,AMGN,AOS,APTV,EL,ELV,GPC,INCY,ORCL,SMCI,TGT,VRTX",0,0,3,52
2025-01-13,98926.16070392352,20478.48919883751,12,"ADM,AMGN,AOS,APTV,EL,ELV,GPC,INCY,ORCL,SMCI,TGT,VRTX",0,0,3,82
2025-01-14,98917.74523120446,13898.799535945367,13,"ADM,AMGN,AOS,APTV,EL,ELV,GPC,INCY,MRNA,ORCL,SMCI,TGT,VRTX",1,0,3,81
2025-01-15,99275.77976042542,13898.799535945367,13,"ADM,AMGN,AOS,APTV,EL,ELV,GPC,INCY,MRNA,ORCL,SMCI,TGT,VRTX",0,0,2,71
2025-01-16,99441.49922656055,13898.799535945367,13,"ADM,AMGN,AOS,APTV,EL,ELV,GPC,INCY,MRNA,ORCL,SMCI,TGT,VRTX",0,0,2,65
2025-01-17,99592.74719934881,19842.00729847711,12,"ADM,AMGN,APTV,EL,ELV,GPC,INCY,MRNA,ORCL,SMCI,TGT,VRTX",0,1,3,68
2025-01-21,101091.25699657464,13074.2167168515,13,"ADM,AMGN,APTV,DHI,EL,ELV,GPC,INCY,MRNA,ORCL,SMCI,TGT,VRTX",1,0,3,67
2025-01-22,102472.6266092353,20355.760624774455,12,"ADM,AMGN,APTV,DHI,EL,ELV,GPC,INCY,MRNA,SMCI,TGT,VRTX",0,1,3,67
2025-01-23,103825.7920054437,28687.186038149826,11,"ADM,AMGN,APTV,DHI,EL,ELV,GPC,INCY,SMCI,TGT,VRTX",0,1,4,67
2025-01-24,103774.7516591278,28687.186038149826,11,"ADM,AMGN,APTV,DHI,EL,ELV,GPC,INCY,SMCI,TGT,VRTX",0,0,4,78
2025-01-27,104434.17801741156,36080.52379326457,10,"ADM,AMGN,APTV,DHI,EL,ELV,GPC,INCY,SMCI,TGT",0,1,5,70
2025-01-28,103373.1375324763,36080.52379326457,10,"ADM,AMGN,APTV,DHI,EL,ELV,GPC,INCY,SMCI,TGT",0,0,5,125
2025-01-29,103148.8496177172,29202.583009856222,11,"ADM,AMGN,APTV,CEG,DHI,EL,ELV,GPC,INCY,SMCI,TGT",1,0,5,105
2025-01-30,104510.07725342785,15284.485578614856,13,"ADM,AMGN,APTV,CEG,CIEN,COHR,DHI,EL,ELV,GPC,INCY,SMCI,TGT",2,0,4,105
2025-01-31,103840.3324948073,15284.485578614856,13,"ADM,AMGN,APTV,CEG,CIEN,COHR,DHI,EL,ELV,GPC,INCY,SMCI,TGT",0,0,2,107
2025-02-03,102644.10274200547,15284.485578614856,13,"ADM,AMGN,APTV,CEG,CIEN,COHR,DHI,EL,ELV,GPC,INCY,SMCI,TGT",0,0,2,100
2025-02-04,101980.01232209071,15284.485578614856,13,"ADM,AMGN,APTV,CEG,CIEN,COHR,DHI,EL,ELV,GPC,INCY,SMCI,TGT",0,0,2,173
2025-02-05,102880.450772002,22462.67135935235,12,"ADM,APTV,CEG,CIEN,COHR,DHI,EL,ELV,GPC,INCY,SMCI,TGT",0,1,3,140
2025-02-06,103738.73357792551,30380.817648403667,11,"ADM,APTV,CEG,CIEN,DHI,EL,ELV,GPC,INCY,SMCI,TGT",0,1,4,138
2025-02-07,103471.29577797902,36878.79924614125,10,"ADM,APTV,CEG,CIEN,DHI,ELV,GPC,INCY,SMCI,TGT",0,1,5,134
2025-02-10,104512.46188648196,36306.85177945973,10,"ADM,APTV,CEG,CIEN,DHI,ELV,HII,INCY,SMCI,TGT",1,1,6,127
2025-02-11,103234.91727499949,36306.85177945973,10,"ADM,APTV,CEG,CIEN,DHI,ELV,HII,INCY,SMCI,TGT",0,0,5,122
2025-02-12,103140.2918601444,29434.061860969625,11,"ADM,APTV,CEG,CIEN,DHI,ELV,FIS,HII,INCY,SMCI,TGT",1,0,5,122
2025-02-13,103763.60375249197,29434.061860969625,11,"ADM,APTV,CEG,CIEN,DHI,ELV,FIS,HII,INCY,SMCI,TGT",0,0,4,150
2025-02-14,105061.6967022256,29434.061860969625,11,"ADM,APTV,CEG,CIEN,DHI,ELV,FIS,HII,INCY,SMCI,TGT",0,0,4,139
2025-02-18,105938.22526148113,31802.295803334124,11,"ADM,APTV,CEG,CIEN,DHI,DVA,ELV,FIS,HII,INCY,TGT",1,1,5,138
2025-02-19,105706.08379158047,31802.295803334124,11,"ADM,APTV,CEG,CIEN,DHI,DVA,ELV,FIS,HII,INCY,TGT",0,0,4,132
2025-02-20,105365.28116806771,38034.53875657481,10,"ADM,APTV,CEG,CIEN,DHI,DVA,FIS,HII,INCY,TGT",0,1,5,134
2025-02-21,103970.26779887752,38034.53875657481,10,"ADM,APTV,CEG,CIEN,DHI,DVA,FIS,HII,INCY,TGT",0,0,5,127
2025-02-24,103290.49240804571,31136.270233538766,11,"ADM,APTV,AVGO,CEG,CIEN,DHI,DVA,FIS,HII,INCY,TGT",1,0,5,119
2025-02-25,103574.4029903828,31136.270233538766,11,"ADM,APTV,AVGO,CEG,CIEN,DHI,DVA,FIS,HII,INCY,TGT",0,0,4,111
2025-02-26,103677.02194553695,24226.99665977847,12,"ADM,APTV,AVGO,CEG,CIEN,DHI,DVA,FIS,HII,INCY,SRE,TGT",1,0,4,110
2025-02-27,102079.83515484263,24226.99665977847,12,"ADM,APTV,AVGO,CEG,CIEN,DHI,DVA,FIS,HII,INCY,SRE,TGT",0,0,3,107
2025-02-28,102689.8555660155,23924.361835785443,12,"ADM,APTV,AVGO,CEG,CIEN,DHI,DVA,FIS,HII,INCY,SRE,VTRS",1,1,4,110
2025-03-03,100741.09104789782,23924.361835785443,12,"ADM,APTV,AVGO,CEG,CIEN,DHI,DVA,FIS,HII,INCY,SRE,VTRS",0,0,3,112
2025-03-04,100076.69545965974,23924.361835785443,12,"ADM,APTV,AVGO,CEG,CIEN,DHI,DVA,FIS,HII,INCY,SRE,VTRS",0,0,3,100
2025-03-05,101609.36696482582,23924.361835785443,12,"ADM,APTV,AVGO,CEG,CIEN,DHI,DVA,FIS,HII,INCY,SRE,VTRS",0,0,3,129
2025-03-06,100576.97618719265,23924.361835785443,12,"ADM,APTV,AVGO,CEG,CIEN,DHI,DVA,FIS,HII,INCY,SRE,VTRS",0,0,3,114
2025-03-07,102152.11766337544,31878.202284559866,11,"ADM,APTV,AVGO,CEG,CIEN,DHI,DVA,FIS,INCY,SRE,VTRS",0,1,4,144
2025-03-10,101361.52095074726,31878.202284559866,11,"ADM,APTV,AVGO,CEG,CIEN,DHI,DVA,FIS,INCY,SRE,VTRS",0,0,4,124
2025-03-11,100109.62279457989,31878.202284559866,11,"ADM,APTV,AVGO,CEG,CIEN,DHI,DVA,FIS,INCY,SRE,VTRS",0,0,4,184
2025-03-12,100020.04769476313,31878.202284559866,11,"ADM,APTV,AVGO,CEG,CIEN,DHI,DVA,FIS,INCY,SRE,VTRS",0,0,4,149
2025-03-13,98954.26587820724,31878.202284559866,11,"ADM,APTV,AVGO,CEG,CIEN,DHI,DVA,FIS,INCY,SRE,VTRS",0,0,4,133
2025-03-14,100082.24210058467,31878.202284559866,11,"ADM,APTV,AVGO,CEG,CIEN,DHI,DVA,FIS,INCY,SRE,VTRS",0,0,4,129
2025-03-17,100330.29130000093,31878.202284559866,11,"ADM,APTV,AVGO,CEG,CIEN,DHI,DVA,FIS,INCY,SRE,VTRS",0,0,4,124
2025-03-18,99945.15334884616,31878.202284559866,11,"ADM,APTV,AVGO,CEG,CIEN,DHI,DVA,FIS,INCY,SRE,VTRS",0,0,4,115
2025-03-19,100583.89546769205,31878.202284559866,11,"ADM,APTV,AVGO,CEG,CIEN,DHI,DVA,FIS,INCY,SRE,VTRS",0,0,4,118
2025-03-20,100290.13948012255,31878.202284559866,11,"ADM,APTV,AVGO,CEG,CIEN,DHI,DVA,FIS,INCY,SRE,VTRS",0,0,4,116
2025-03-21,99963.92893438658,31878.202284559866,11,"ADM,APTV,AVGO,CEG,CIEN,DHI,DVA,FIS,INCY,SRE,VTRS",0,0,4,121
2025-03-24,101069.69928234107,37737.06384719845,10,"APTV,AVGO,CEG,CIEN,DHI,DVA,FIS,INCY,SRE,VTRS",0,1,5,128
2025-03-25,100511.49296533063,43679.82894557104,9,"APTV,AVGO,CEG,CIEN,DHI,DVA,FIS,SRE,VTRS",0,1,6,117
2025-03-26,100052.43883454977,43679.82894557104,9,"APTV,AVGO,CEG,CIEN,DHI,DVA,FIS,SRE,VTRS",0,0,6,113
2025-03-27,98994.0335288439,43679.82894557104,9,"APTV,AVGO,CEG,CIEN,DHI,DVA,FIS,SRE,VTRS",0,0,6,111
2025-03-28,97959.42862926467,43679.82894557104,9,"APTV,AVGO,CEG,CIEN,DHI,DVA,FIS,SRE,VTRS",0,0,6,115
2025-03-31,98060.45484133411,43679.82894557104,9,"APTV,AVGO,CEG,CIEN,DHI,DVA,FIS,SRE,VTRS",0,0,6,107
2025-04-01,98165.738648983,43679.82894557104,9,"APTV,AVGO,CEG,CIEN,DHI,DVA,FIS,SRE,VTRS",0,0,6,140
2025-04-02,99328.56600774734,43679.82894557104,9,"APTV,AVGO,CEG,CIEN,DHI,DVA,FIS,SRE,VTRS",0,0,6,125
2025-04-03,95915.82352257965,43679.82894557104,9,"APTV,AVGO,CEG,CIEN,DHI,DVA,FIS,SRE,VTRS",0,0,6,139
2025-04-04,93876.760300024,46136.108189122344,8,"APTV,AVGO,DHI,DVA,FIS,NKE,SRE,VTRS",1,2,8,325
2025-04-07,93087.48923087069,46136.108189122344,8,"APTV,AVGO,DHI,DVA,FIS,NKE,SRE,VTRS",0,0,7,341
2025-04-08,91981.22105763899,51351.34057805338,7,"AVGO,DHI,DVA,FIS,NKE,SRE,VTRS",0,1,8,372
2025-04-09,95512.02701448016,44991.21559156288,8,"AVGO,DHI,DVA,FIS,GRMN,NKE,SRE,VTRS",1,0,8,320
2025-04-10,93453.45031326055,44991.21559156288,8,"AVGO,DHI,DVA,FIS,GRMN,NKE,SRE,VTRS",0,0,7,276
2025-04-11,94657.59789147283,44991.21559156288,8,"AVGO,DHI,DVA,FIS,GRMN,NKE,SRE,VTRS",0,0,7,336
2025-04-14,94683.0914197653,44991.21559156288,8,"AVGO,DHI,DVA,FIS,GRMN,NKE,SRE,VTRS",0,0,7,287
2025-04-15,94194.70749140436,44991.21559156288,8,"AVGO,DHI,DVA,FIS,GRMN,NKE,SRE,VTRS",0,0,7,264
2025-04-16,93293.55295529673,44991.21559156288,8,"AVGO,DHI,DVA,FIS,GRMN,NKE,SRE,VTRS",0,0,7,264
2025-04-17,94334.99630096892,44991.21559156288,8,"AVGO,DHI,DVA,FIS,GRMN,NKE,SRE,VTRS",0,0,7,277
2025-04-21,93679.52800032948,38732.010798355695,9,"AVGO,DHI,DVA,FIS,GRMN,NKE,SRE,UNH,VTRS",1,0,7,271
2025-04-22,94847.09411032032,44241.59611684534,8,"AVGO,DVA,FIS,GRMN,NKE,SRE,UNH,VTRS",0,1,7,259
2025-04-23,95327.58803576647,37867.87982691207,9,"AVGO,BBY,DVA,FIS,GRMN,NKE,SRE,UNH,VTRS",1,0,7,254
2025-04-24,96529.45660659013,37867.87982691207,9,"AVGO,BBY,DVA,FIS,GRMN,NKE,SRE,UNH,VTRS",0,0,6,215
2025-04-25,96678.85340201514,37867.87982691207,9,"AVGO,BBY,DVA,FIS,GRMN,NKE,SRE,UNH,VTRS",0,0,6,212
2025-04-28,96800.37558355923,37867.87982691207,9,"AVGO,BBY,DVA,FIS,GRMN,NKE,SRE,UNH,VTRS",0,0,6,209
2025-04-29,96822.60429107801,37867.87982691207,9,"AVGO,BBY,DVA,FIS,GRMN,NKE,SRE,UNH,VTRS",0,0,6,197
2025-04-30,96343.32024247746,31456.374897253037,10,"AVGO,BBY,DVA,FIS,GRMN,NKE,SRE,SWKS,UNH,VTRS",1,0,6,203
2025-05-01,96430.49635437039,31456.374897253037,10,"AVGO,BBY,DVA,FIS,GRMN,NKE,SRE,SWKS,UNH,VTRS",0,0,5,247
2025-05-02,97525.69043303584,31456.374897253037,10,"AVGO,BBY,DVA,FIS,GRMN,NKE,SRE,SWKS,UNH,VTRS",0,0,5,248
2025-05-05,97190.46376496277,31456.374897253037,10,"AVGO,BBY,DVA,FIS,GRMN,NKE,SRE,SWKS,UNH,VTRS",0,0,5,236
2025-05-06,96489.21723761538,31456.374897253037,10,"AVGO,BBY,DVA,FIS,GRMN,NKE,SRE,SWKS,UNH,VTRS",0,0,5,233
2025-05-07,97246.71431937075,31456.374897253037,10,"AVGO,BBY,DVA,FIS,GRMN,NKE,SRE,SWKS,UNH,VTRS",0,0,5,234
2025-05-08,98078.22541929752,31456.374897253037,10,"AVGO,BBY,DVA,FIS,GRMN,NKE,SRE,SWKS,UNH,VTRS",0,0,5,221
2025-05-09,97804.60198051689,31456.374897253037,10,"AVGO,BBY,DVA,FIS,GRMN,NKE,SRE,SWKS,UNH,VTRS",0,0,5,210
2025-05-12,100298.41462869135,38722.093376079945,9,"AVGO,DVA,FIS,GRMN,NKE,SRE,SWKS,UNH,VTRS",0,1,6,208
2025-05-13,99394.437921976,38722.093376079945,9,"AVGO,DVA,FIS,GRMN,NKE,SRE,SWKS,UNH,VTRS",0,0,6,190
2025-05-14,98773.40654892125,46157.50314461878,8,"AVGO,DVA,GRMN,NKE,SRE,SWKS,UNH,VTRS",0,1,7,187
2025-05-15,99067.5238957862,50096.858865319584,7,"AVGO,DVA,GRMN,NKE,SRE,SWKS,VTRS",0,1,8,178
2025-05-16,99867.17633058512,43465.93165916718,8,"AVGO,DVA,GRMN,NKE,SRE,SWKS,UNH,VTRS",1,0,8,180
2025-05-19,100136.95025303742,57512.78435157251,6,"AVGO,GRMN,NKE,SRE,SWKS,VTRS",0,2,9,172
2025-05-20,100292.21366489877,57512.78435157251,6,"AVGO,GRMN,NKE,SRE,SWKS,VTRS",0,0,9,193
2025-05-21,99215.31488712123,57512.78435157251,6,"AVGO,GRMN,NKE,SRE,SWKS,VTRS",0,0,9,179
2025-05-22,99323.60357337314,57512.78435157251,6,"AVGO,GRMN,NKE,SRE,SWKS,VTRS",0,0,9,172
2025-05-23,98915.64997969635,64891.50805573023,5,"GRMN,NKE,SRE,SWKS,VTRS",0,1,10,165
2025-05-27,99872.34587425698,58228.68352464374,6,"GRMN,NKE,SRE,SWKS,VTRS,WDAY",1,0,10,217
2025-05-28,99337.201708681,65611.92274416155,5,"GRMN,NKE,SWKS,VTRS,WDAY",0,1,10,216
2025-05-29,99530.98392880277,65611.92274416155,5,"GRMN,NKE,SWKS,VTRS,WDAY",0,0,10,207
2025-05-30,99520.91623690436,72099.28605562479,4,"GRMN,NKE,SWKS,WDAY",0,1,11,206
2025-06-02,99621.74384767923,72099.28605562479,4,"GRMN,NKE,SWKS,WDAY",0,0,11,202
2025-06-03,100068.26614715562,72099.28605562479,4,"GRMN,NKE,SWKS,WDAY",0,0,11,192
2025-06-04,100099.92253274511,72099.28605562479,4,"GRMN,NKE,SWKS,WDAY",0,0,11,184
2025-06-05,100081.73456916775,72099.28605562479,4,"GRMN,NKE,SWKS,WDAY",0,0,11,183
2025-06-06,100316.38371889395,72099.28605562479,4,"GRMN,NKE,SWKS,WDAY",0,0,11,179
2025-06-09,100439.92352704247,58708.612126218715,6,"BF-B,GRMN,NKE,REGN,SWKS,WDAY",2,0,11,178
2025-06-10,100999.52806793546,58708.612126218715,6,"BF-B,GRMN,NKE,REGN,SWKS,WDAY",0,0,9,176
2025-06-11,100496.82695670844,58708.612126218715,6,"BF-B,GRMN,NKE,REGN,SWKS,WDAY",0,0,9,173
2025-06-12,100264.2369592227,52020.14451187813,7,"BF-B,GRMN,NKE,REGN,ROST,SWKS,WDAY",1,0,9,172
2025-06-13,99335.4434229706,45397.710893828924,8,"BF-B,GRMN,HPQ,NKE,REGN,ROST,SWKS,WDAY",1,0,8,172
2025-06-16,99622.71429943708,45397.710893828924,8,"BF-B,GRMN,HPQ,NKE,REGN,ROST,SWKS,WDAY",0,0,7,191
2025-06-17,98705.1917592239,45397.710893828924,8,"BF-B,GRMN,HPQ,NKE,REGN,ROST,SWKS,WDAY",0,0,7,174
2025-06-18,98459.11042635565,45397.710893828924,8,"BF-B,GRMN,HPQ,NKE,REGN,ROST,SWKS,WDAY",0,0,7,169
2025-06-20,98554.97249253618,45397.710893828924,8,"BF-B,GRMN,HPQ,NKE,REGN,ROST,SWKS,WDAY",0,0,7,167
2025-06-23,98878.3542877258,45397.710893828924,8,"BF-B,GRMN,HPQ,NKE,REGN,ROST,SWKS,WDAY",0,0,7,165
2025-06-24,99528.23188492298,45397.710893828924,8,"BF-B,GRMN,HPQ,NKE,REGN,ROST,SWKS,WDAY",0,0,7,163
2025-06-25,99203.8845144847,45397.710893828924,8,"BF-B,GRMN,HPQ,NKE,REGN,ROST,SWKS,WDAY",0,0,7,169
2025-06-26,99647.67544600999,45397.710893828924,8,"BF-B,GRMN,HPQ,NKE,REGN,ROST,SWKS,WDAY",0,0,7,166
2025-06-27,100182.06060846506,52588.45477726509,7,"BF-B,GRMN,HPQ,REGN,ROST,SWKS,WDAY",0,1,8,165
2025-06-30,100297.111277174,52588.45477726509,7,"BF-B,GRMN,HPQ,REGN,ROST,SWKS,WDAY",0,0,8,163
2025-07-01,101391.38770524348,52588.45477726509,7,"BF-B,GRMN,HPQ,REGN,ROST,SWKS,WDAY",0,0,8,164
2025-07-02,102079.8361195982,52588.45477726509,7,"BF-B,GRMN,HPQ,REGN,ROST,SWKS,WDAY",0,0,8,163
2025-07-03,102227.51528013419,52588.45477726509,7,"BF-B,GRMN,HPQ,REGN,ROST,SWKS,WDAY",0,0,8,162
2025-07-07,101477.00799748965,52588.45477726509,7,"BF-B,GRMN,HPQ,REGN,ROST,SWKS,WDAY",0,0,8,159
2025-07-08,102060.98695458562,52588.45477726509,7,"BF-B,GRMN,HPQ,REGN,ROST,SWKS,WDAY",0,0,8,141
2025-07-09,102103.76682459831,52588.45477726509,7,"BF-B,GRMN,HPQ,REGN,ROST,SWKS,WDAY",0,0,8,140
2025-07-10,102129.65570833453,59902.87735355289,6,"BF-B,HPQ,REGN,ROST,SWKS,WDAY",0,1,9,129
2025-07-11,101745.76458103929,59902.87735355289,6,"BF-B,HPQ,REGN,ROST,SWKS,WDAY",0,0,9,130
2025-07-14,101363.46411154026,59902.87735355289,6,"BF-B,HPQ,REGN,ROST,SWKS,WDAY",0,0,9,123
2025-07-15,100484.51299172876,59902.87735355289,6,"BF-B,HPQ,REGN,ROST,SWKS,WDAY",0,0,9,123
2025-07-16,100653.60888958143,59902.87735355289,6,"BF-B,HPQ,REGN,ROST,SWKS,WDAY",0,0,9,123
2025-07-17,101180.91766833598,59902.87735355289,6,"BF-B,HPQ,REGN,ROST,SWKS,WDAY",0,0,9,123
2025-07-18,101232.50577921607,59902.87735355289,6,"BF-B,HPQ,REGN,ROST,SWKS,WDAY",0,0,9,120
2025-07-21,101284.18727874113,59902.87735355289,6,"BF-B,HPQ,REGN,ROST,SWKS,WDAY",0,0,9,119
2025-07-22,102394.64226299484,59902.87735355289,6,"BF-B,HPQ,REGN,ROST,SWKS,WDAY",0,0,9,116
2025-07-23,102939.1978610701,59902.87735355289,6,"BF-B,HPQ,REGN,ROST,SWKS,WDAY",0,0,9,121
2025-07-24,102637.05865246279,53060.9750700569,7,"BF-B,HPQ,OTIS,REGN,ROST,SWKS,WDAY",1,0,9,122
2025-07-25,102825.53075494833,46211.01324717303,8,"BF-B,CMG,HPQ,OTIS,REGN,ROST,SWKS,WDAY",1,0,8,128
2025-07-28,102232.88016966709,46211.01324717303,8,"BF-B,CMG,HPQ,OTIS,REGN,ROST,SWKS,WDAY",0,0,7,119
2025-07-29,102109.1172273384,46211.01324717303,8,"BF-B,CMG,HPQ,OTIS,REGN,ROST,SWKS,WDAY",0,0,7,117
2025-07-30,101342.67899310275,46211.01324717303,8,"BF-B,CMG,HPQ,OTIS,REGN,ROST,SWKS,WDAY",0,0,7,131
2025-07-31,100207.70203096149,53222.46885071664,7,"BF-B,CMG,HPQ,OTIS,REGN,ROST,WDAY",0,1,8,131
2025-08-01,99973.8457038425,53222.46885071664,7,"BF-B,CMG,HPQ,OTIS,REGN,ROST,WDAY",0,0,8,102
2025-08-04,100925.54034057021,46494.651747137454,8,"BF-B,CMG,GWW,HPQ,OTIS,REGN,ROST,WDAY",1,0,8,122
2025-08-05,100945.46219906636,39755.154354240774,9,"BF-B,CMG,GWW,HPQ,OTIS,PSKY,REGN,ROST,WDAY",1,0,7,113
2025-08-06,101001.61473524125,33023.520641917006,10,"BF-B,CMG,GWW,HPQ,IT,OTIS,PSKY,REGN,ROST,WDAY",1,0,6,113
2025-08-07,100784.17311804405,26297.881608358683,11,"BF-B,CMG,GWW,HPQ,IT,OTIS,PSKY,REGN,ROST,SMCI,WDAY",1,0,5,110
2025-08-08,99873.82352725165,12977.964855236514,13,"BAX,BF-B,CMG,FTNT,GWW,HPQ,IT,OTIS,PSKY,REGN,ROST,SMCI,WDAY",2,0,4,107
2025-08-11,98885.09383157513,12977.964855236514,13,"BAX,BF-B,CMG,FTNT,GWW,HPQ,IT,OTIS,PSKY,REGN,ROST,SMCI,WDAY",0,0,2,99
2025-08-12,101104.75379092983,12977.964855236514,13,"BAX,BF-B,CMG,FTNT,GWW,HPQ,IT,OTIS,PSKY,REGN,ROST,SMCI,WDAY",0,0,2,99
2025-08-13,103640.97900601303,21058.640922804232,12,"BAX,BF-B,CMG,COIN,FTNT,GWW,IT,OTIS,REGN,ROST,SMCI,WDAY",1,2,4,95
2025-08-14,102924.09103192108,21058.640922804232,12,"BAX,BF-B,CMG,COIN,FTNT,GWW,IT,OTIS,REGN,ROST,SMCI,WDAY",0,0,3,93
2025-08-15,103488.84507768782,14181.790724973856,13,"BAX,BF-B,CMG,COIN,FTNT,GWW,IT,OTIS,REGN,ROST,SMCI,TPR,WDAY",1,0,3,105
2025-08-18,103582.62324667038,14181.790724973856,13,"BAX,BF-B,CMG,COIN,FTNT,GWW,IT,OTIS,REGN,ROST,SMCI,TPR,WDAY",0,0,2,99
2025-08-19,102960.55948392747,14181.790724973856,13,"BAX,BF-B,CMG,COIN,FTNT,GWW,IT,OTIS,REGN,ROST,SMCI,TPR,WDAY",0,0,2,94
2025-08-20,103260.0386601311,14181.790724973856,13,"BAX,BF-B,CMG,COIN,FTNT,GWW,IT,OTIS,REGN,ROST,SMCI,TPR,WDAY",0,0,2,93
2025-08-21,102710.16770439141,14181.790724973856,13,"BAX,BF-B,CMG,COIN,FTNT,GWW,IT,OTIS,REGN,ROST,SMCI,TPR,WDAY",0,0,2,93
2025-08-22,104542.0267034602,21997.519332368112,12,"BAX,BF-B,CMG,COIN,FTNT,GWW,IT,OTIS,ROST,SMCI,TPR,WDAY",0,1,3,90
2025-08-25,103447.27439842324,21997.519332368112,12,"BAX,BF-B,CMG,COIN,FTNT,GWW,IT,OTIS,ROST,SMCI,TPR,WDAY",0,0,3,90
2025-08-26,103477.77696613997,28131.804402346614,11,"BAX,BF-B,CMG,COIN,FTNT,GWW,IT,OTIS,ROST,SMCI,TPR",0,1,4,68
2025-08-27,104011.64622611075,28131.804402346614,11,"BAX,BF-B,CMG,COIN,FTNT,GWW,IT,OTIS,ROST,SMCI,TPR",0,0,4,66
2025-08-28,103522.79393065974,28131.804402346614,11,"BAX,BF-B,CMG,COIN,FTNT,GWW,IT,OTIS,ROST,SMCI,TPR",0,0,4,66
2025-08-29,103275.96685054639,28131.804402346614,11,"BAX,BF-B,CMG,COIN,FTNT,GWW,IT,OTIS,ROST,SMCI,TPR",0,0,4,69
2025-09-02,102827.67734956139,21276.6646107318,12,"BAX,BF-B,CMG,COIN,FTNT,GWW,IT,MRVL,OTIS,ROST,SMCI,TPR",1,0,4,71
2025-09-03,102036.90215408412,21276.6646107318,12,"BAX,BF-B,CMG,COIN,FTNT,GWW,IT,MRVL,OTIS,ROST,SMCI,TPR",0,0,3,113
2025-09-04,102344.01193434327,28827.069844123747,11,"BAX,BF-B,CMG,COIN,FTNT,GWW,IT,MRVL,OTIS,SMCI,TPR",0,1,4,95
2025-09-05,102559.21382915473,28827.069844123747,11,"BAX,BF-B,CMG,COIN,FTNT,GWW,IT,MRVL,OTIS,SMCI,TPR",0,0,4,90
2025-09-08,102484.28291089705,28827.069844123747,11,"BAX,BF-B,CMG,COIN,FTNT,GWW,IT,MRVL,OTIS,SMCI,TPR",0,0,4,86
2025-09-09,103366.42251165482,35500.58523609426,10,"BAX,CMG,COIN,FTNT,GWW,IT,MRVL,OTIS,SMCI,TPR",0,1,5,87
2025-09-10,102828.36566648676,28648.403572967258,11,"BAX,CMG,COIN,FTNT,GWW,HRL,IT,MRVL,OTIS,SMCI,TPR",1,0,5,87
2025-09-11,104179.30653389763,21713.774376828893,12,"BAX,CMG,COIN,FTNT,GWW,HRL,IT,MRVL,OTIS,SMCI,SNPS,TPR",1,0,4,85
2025-09-12,103836.9188838159,21713.774376828893,12,"BAX,CMG,COIN,FTNT,GWW,HRL,IT,MRVL,OTIS,SMCI,SNPS,TPR",0,0,3,81
2025-09-15,104199.10174985812,21713.774376828893,12,"BAX,CMG,COIN,FTNT,GWW,HRL,IT,MRVL,OTIS,SMCI,SNPS,TPR",0,0,3,79
2025-09-16,104403.41099636187,21713.774376828893,12,"BAX,CMG,COIN,FTNT,GWW,HRL,IT,MRVL,OTIS,SMCI,SNPS,TPR",0,0,3,78
2025-09-17,104518.39533161861,21713.774376828893,12,"BAX,CMG,COIN,FTNT,GWW,HRL,IT,MRVL,OTIS,SMCI,SNPS,TPR",0,0,3,80
2025-09-18,106929.34928234332,21713.774376828893,12,"BAX,CMG,COIN,FTNT,GWW,HRL,IT,MRVL,OTIS,SMCI,SNPS,TPR",0,0,3,74
2025-09-19,107022.85770025289,29834.346775533133,11,"BAX,CMG,COIN,FTNT,GWW,HRL,IT,MRVL,OTIS,SMCI,SNPS",0,1,4,73
2025-09-22,107451.77085245222,29834.346775533133,11,"BAX,CMG,COIN,FTNT,GWW,HRL,IT,MRVL,OTIS,SMCI,SNPS",0,0,4,74
2025-09-23,106637.33058514608,29834.346775533133,11,"BAX,CMG,COIN,FTNT,GWW,HRL,IT,MRVL,OTIS,SMCI,SNPS",0,0,4,75
2025-09-24,106231.0677779534,38022.23910410218,10,"BAX,CMG,COIN,FTNT,GWW,HRL,IT,OTIS,SMCI,SNPS",0,1,5,75
2025-09-25,105880.81972510756,38022.23910410218,10,"BAX,CMG,COIN,FTNT,GWW,HRL,IT,OTIS,SMCI,SNPS",0,0,5,75
2025-09-26,106500.3489875738,38022.23910410218,10,"BAX,CMG,COIN,FTNT,GWW,HRL,IT,OTIS,SMCI,SNPS",0,0,5,89
2025-09-29,106916.81280802345,38022.23910410218,10,"BAX,CMG,COIN,FTNT,GWW,HRL,IT,OTIS,SMCI,SNPS",0,0,5,80
2025-09-30,107477.80123417827,38022.23910410218,10,"BAX,CMG,COIN,FTNT,GWW,HRL,IT,OTIS,SMCI,SNPS",0,0,5,78
2025-10-01,108184.29128727317,30812.935730728168,11,"BAX,CMG,COIN,FTNT,GWW,HRL,IT,OTIS,SMCI,SNPS,WAT",1,0,5,79
2025-10-02,108950.97490859614,23549.800210210647,12,"BAX,CMG,COIN,FTNT,GWW,HRL,IT,OTIS,SMCI,SNPS,VRTX,WAT",1,0,4,72
2025-10-03,109312.56783566091,31335.408489853544,11,"BAX,CMG,FTNT,GWW,HRL,IT,OTIS,SMCI,SNPS,VRTX,WAT",0,1,4,71
2025-10-06,109496.45853859861,31335.408489853544,11,"BAX,CMG,FTNT,GWW,HRL,IT,OTIS,SMCI,SNPS,VRTX,WAT",0,0,4,67
2025-10-07,109047.50175167547,39455.852482986316,10,"BAX,CMG,FTNT,GWW,HRL,IT,OTIS,SNPS,VRTX,WAT",0,1,5,65
2025-10-08,109798.1947004151,39455.852482986316,10,"BAX,CMG,FTNT,GWW,HRL,IT,OTIS,SNPS,VRTX,WAT",0,0,5,67
2025-10-09,109438.14536192073,39455.852482986316,10,"BAX,CMG,FTNT,GWW,HRL,IT,OTIS,SNPS,VRTX,WAT",0,0,5,69
2025-10-10,107669.31229431038,39455.852482986316,10,"BAX,CMG,FTNT,GWW,HRL,IT,OTIS,SNPS,VRTX,WAT",0,0,5,68
2025-10-13,108329.11891302437,32239.55597502394,11,"BAX,CMG,FTNT,GWW,HRL,IT,MOS,OTIS,SNPS,VRTX,WAT",1,0,5,66
2025-10-14,108745.81248737432,32239.55597502394,11,"BAX,CMG,FTNT,GWW,HRL,IT,MOS,OTIS,SNPS,VRTX,WAT",0,0,4,67
2025-10-15,108150.88868407364,32239.55597502394,11,"BAX,CMG,FTNT,GWW,HRL,IT,MOS,OTIS,SNPS,VRTX,WAT",0,0,4,92
2025-10-16,108149.494082978,32239.55597502394,11,"BAX,CMG,FTNT,GWW,HRL,IT,MOS,OTIS,SNPS,VRTX,WAT",0,0,4,82
2025-10-17,108574.31091584062,32239.55597502394,11,"BAX,CMG,FTNT,GWW,HRL,IT,MOS,OTIS,SNPS,VRTX,WAT",0,0,4,83
2025-10-20,109283.78598018756,32239.55597502394,11,"BAX,CMG,FTNT,GWW,HRL,IT,MOS,OTIS,SNPS,VRTX,WAT",0,0,4,87
2025-10-21,110266.05575427705,40236.38131069351,10,"BAX,CMG,FTNT,GWW,HRL,IT,MOS,OTIS,SNPS,VRTX",0,1,5,84
2025-10-22,109919.84761640175,47250.27985636219,9,"BAX,CMG,FTNT,GWW,HRL,IT,MOS,SNPS,VRTX",0,1,6,89
2025-10-23,109807.8057433523,53435.48136151972,8,"BAX,FTNT,GWW,HRL,IT,MOS,SNPS,VRTX",0,1,7,85
2025-10-24,110087.37520703478,53435.48136151972,8,"BAX,FTNT,GWW,HRL,IT,MOS,SNPS,VRTX",0,0,7,91
2025-10-27,110295.90672023267,38731.79590361414,10,"BAX,DECK,FTNT,GWW,HRL,IT,MOS,ROP,SNPS,VRTX",2,0,7,93
2025-10-28,109551.64302663915,38731.79590361414,10,"BAX,DECK,FTNT,GWW,HRL,IT,MOS,ROP,SNPS,VRTX",0,0,5,88
2025-10-29,107707.789395775,31544.247511047997,11,"BAX,DECK,FFIV,FTNT,GWW,HRL,IT,MOS,ROP,SNPS,VRTX",1,0,5,94
2025-10-30,105612.79141967249,17428.90892978124,13,"BAX,DECK,FFIV,FTNT,GNRC,GRMN,GWW,HRL,IT,MOS,ROP,SNPS,VRTX",2,0,4,88
2025-10-31,106215.21234866205,17375.236737247888,13,"BAX,CMG,DECK,FFIV,FTNT,GNRC,GRMN,HRL,IT,MOS,ROP,SNPS,VRTX",1,1,3,102
2025-11-03,105543.58566128778,17375.236737247888,13,"BAX,CMG,DECK,FFIV,FTNT,GNRC,GRMN,HRL,IT,MOS,ROP,SNPS,VRTX",0,0,2,95
2025-11-04,103306.42498215211,23668.97993692158,12,"BAX,CMG,DECK,FFIV,FTNT,GNRC,GRMN,HRL,MOS,ROP,SNPS,VRTX",0,1,3,90
2025-11-05,103525.88858663508,23668.97993692158,12,"BAX,CMG,DECK,FFIV,FTNT,GNRC,GRMN,HRL,MOS,ROP,SNPS,VRTX",0,0,3,120
2025-11-06,101817.21985844843,35903.57483392562,10,"CMG,DECK,FFIV,GNRC,GRMN,HRL,MOS,ROP,SNPS,VRTX",0,2,5,108
2025-11-07,102011.59107066842,35903.57483392562,10,"CMG,DECK,FFIV,GNRC,GRMN,HRL,MOS,ROP,SNPS,VRTX",0,0,5,108
2025-11-10,102274.12042920815,35903.57483392562,10,"CMG,DECK,FFIV,GNRC,GRMN,HRL,MOS,ROP,SNPS,VRTX",0,0,5,116
2025-11-11,102486.0000821221,22261.755159603395,12,"AXON,CMG,DECK,EBAY,FFIV,GNRC,GRMN,HRL,MOS,ROP,SNPS,VRTX",2,0,5,113
2025-11-12,103378.42973045696,22261.755159603395,12,"AXON,CMG,DECK,EBAY,FFIV,GNRC,GRMN,HRL,MOS,ROP,SNPS,VRTX",0,0,3,104
2025-11-13,102335.30450690928,22261.755159603395,12,"AXON,CMG,DECK,EBAY,FFIV,GNRC,GRMN,HRL,MOS,ROP,SNPS,VRTX",0,0,3,100
2025-11-14,101984.17216547366,15455.856407185645,13,"AXON,CMG,DECK,EBAY,FFIV,GNRC,GRMN,HRL,MOS,ROP,SNPS,VRTX,XYZ",1,0,3,94
2025-11-17,99802.14952812012,15455.856407185645,13,"AXON,CMG,DECK,EBAY,FFIV,GNRC,GRMN,HRL,MOS,ROP,SNPS,VRTX,XYZ",0,0,2,112
2025-11-18,99846.96367085824,15455.856407185645,13,"AXON,CMG,DECK,EBAY,FFIV,GNRC,GRMN,HRL,MOS,ROP,SNPS,VRTX,XYZ",0,0,2,97
2025-11-19,100063.73643987649,15455.856407185645,13,"AXON,CMG,DECK,EBAY,FFIV,GNRC,GRMN,HRL,MOS,ROP,SNPS,VRTX,XYZ",0,0,2,91
2025-11-20,99076.31345156711,15455.856407185645,13,"AXON,CMG,DECK,EBAY,FFIV,GNRC,GRMN,HRL,MOS,ROP,SNPS,VRTX,XYZ",0,0,2,97
2025-11-21,100725.45653112448,15455.856407185645,13,"AXON,CMG,DECK,EBAY,FFIV,GNRC,GRMN,HRL,MOS,ROP,SNPS,VRTX,XYZ",0,0,2,87
2025-11-24,100477.866018308,15455.856407185645,13,"AXON,CMG,DECK,EBAY,FFIV,GNRC,GRMN,HRL,MOS,ROP,SNPS,VRTX,XYZ",0,0,2,80
2025-11-25,102417.62080522768,8638.690623796176,14,"AXON,CMG,DECK,EBAY,FFIV,GNRC,GRMN,HRL,MOS,ROP,SNPS,VRTX,XYZ,ZTS",1,0,2,80
2025-11-26,103149.22330184428,8638.690623796176,14,"AXON,CMG,DECK,EBAY,FFIV,GNRC,GRMN,HRL,MOS,ROP,SNPS,VRTX,XYZ,ZTS",0,0,1,82
2025-11-28,104031.47061869428,8638.690623796176,14,"AXON,CMG,DECK,EBAY,FFIV,GNRC,GRMN,HRL,MOS,ROP,SNPS,VRTX,XYZ,ZTS",0,0,1,83
2025-12-01,104101.97338040329,8638.690623796176,14,"AXON,CMG,DECK,EBAY,FFIV,GNRC,GRMN,HRL,MOS,ROP,SNPS,VRTX,XYZ,ZTS",0,0,1,83
2025-12-02,103893.77462739147,8638.690623796176,14,"AXON,CMG,DECK,EBAY,FFIV,GNRC,GRMN,HRL,MOS,ROP,SNPS,VRTX,XYZ,ZTS",0,0,1,80
2025-12-03,105255.91866943412,8638.690623796176,14,"AXON,CMG,DECK,EBAY,FFIV,GNRC,GRMN,HRL,MOS,ROP,SNPS,VRTX,XYZ,ZTS",0,0,1,78
2025-12-04,105892.70289723219,8638.690623796176,14,"AXON,CMG,DECK,EBAY,FFIV,GNRC,GRMN,HRL,MOS,ROP,SNPS,VRTX,XYZ,ZTS",0,0,1,79
2025-12-05,106081.58513791076,8638.690623796176,14,"AXON,CMG,DECK,EBAY,FFIV,GNRC,GRMN,HRL,MOS,ROP,SNPS,VRTX,XYZ,ZTS",0,0,1,79
2025-12-08,105836.31273826584,8638.690623796176,14,"AXON,CMG,DECK,EBAY,FFIV,GNRC,GRMN,HRL,MOS,ROP,SNPS,VRTX,XYZ,ZTS",0,0,1,80
2025-12-09,105606.98049639647,15159.817818634503,13,"AXON,CMG,DECK,EBAY,FFIV,GNRC,GRMN,MOS,ROP,SNPS,VRTX,XYZ,ZTS",0,1,2,80
2025-12-10,106955.26065342293,22857.60135073104,12,"AXON,CMG,DECK,EBAY,FFIV,GNRC,GRMN,MOS,ROP,VRTX,XYZ,ZTS",0,1,3,79
2025-12-11,108179.88115941078,22857.60135073104,12,"AXON,CMG,DECK,EBAY,FFIV,GNRC,GRMN,MOS,ROP,VRTX,XYZ,ZTS",0,0,3,78
2025-12-12,108547.15923589937,31352.736896174465,11,"AXON,CMG,EBAY,FFIV,GNRC,GRMN,MOS,ROP,VRTX,XYZ,ZTS",0,1,4,80
2025-12-15,107764.47044519875,31352.736896174465,11,"AXON,CMG,EBAY,FFIV,GNRC,GRMN,MOS,ROP,VRTX,XYZ,ZTS",0,0,4,79
2025-12-16,107244.82470093307,31352.736896174465,11,"AXON,CMG,EBAY,FFIV,GNRC,GRMN,MOS,ROP,VRTX,XYZ,ZTS",0,0,4,79
2025-12-17,106923.88075800688,31352.736896174465,11,"AXON,CMG,EBAY,FFIV,GNRC,GRMN,MOS,ROP,VRTX,XYZ,ZTS",0,0,4,79
2025-12-18,107098.07657301832,31352.736896174465,11,"AXON,CMG,EBAY,FFIV,GNRC,GRMN,MOS,ROP,VRTX,XYZ,ZTS",0,0,4,79
2025-12-19,107663.80772926517,31352.736896174465,11,"AXON,CMG,EBAY,FFIV,GNRC,GRMN,MOS,ROP,VRTX,XYZ,ZTS",0,0,4,80
2025-12-22,108348.91130137136,31352.736896174465,11,"AXON,CMG,EBAY,FFIV,GNRC,GRMN,MOS,ROP,VRTX,XYZ,ZTS",0,0,4,77
2025-12-23,108062.82321474334,31352.736896174465,11,"AXON,CMG,EBAY,FFIV,GNRC,GRMN,MOS,ROP,VRTX,XYZ,ZTS",0,0,4,76
2025-12-24,108593.99602483137,31352.736896174465,11,"AXON,CMG,EBAY,FFIV,GNRC,GRMN,MOS,ROP,VRTX,XYZ,ZTS",0,0,4,77
2025-12-26,108636.14835749564,31352.736896174465,11,"AXON,CMG,EBAY,FFIV,GNRC,GRMN,MOS,ROP,VRTX,XYZ,ZTS",0,0,4,73
2025-12-29,108294.67783494534,31352.736896174465,11,"AXON,CMG,EBAY,FFIV,GNRC,GRMN,MOS,ROP,VRTX,XYZ,ZTS",0,0,4,72
2025-12-30,107958.65840382487,31352.736896174465,11,"AXON,CMG,EBAY,FFIV,GNRC,GRMN,MOS,ROP,VRTX,XYZ,ZTS",0,0,4,73
2025-12-31,107472.20629086219,31352.736896174465,11,"AXON,CMG,EBAY,FFIV,GNRC,GRMN,MOS,ROP,VRTX,XYZ,ZTS",0,0,4,71
2026-01-02,107781.39908031854,39381.055662430415,10,"AXON,CMG,EBAY,FFIV,GNRC,GRMN,MOS,ROP,XYZ,ZTS",0,1,5,71
2026-01-05,109812.43732646848,39381.055662430415,10,"AXON,CMG,EBAY,FFIV,GNRC,GRMN,MOS,ROP,XYZ,ZTS",0,0,5,68
2026-01-06,110721.47661204849,39381.055662430415,10,"AXON,CMG,EBAY,FFIV,GNRC,GRMN,MOS,ROP,XYZ,ZTS",0,0,5,69
2026-01-07,110370.70593009703,47232.71595436038,9,"AXON,CMG,EBAY,FFIV,GNRC,GRMN,MOS,ROP,ZTS",0,1,6,72
2026-01-08,111236.21582326741,56210.846696628454,8,"AXON,EBAY,FFIV,GNRC,GRMN,MOS,ROP,ZTS",0,1,7,75
2026-01-09,111494.11568134416,56210.846696628454,8,"AXON,EBAY,FFIV,GNRC,GRMN,MOS,ROP,ZTS",0,0,7,66
2026-01-12,111653.43237495654,56210.846696628454,8,"AXON,EBAY,FFIV,GNRC,GRMN,MOS,ROP,ZTS",0,0,7,67
2026-01-13,111815.25467404799,54917.14223432174,8,"AXON,EBAY,FFIV,GNRC,GRMN,ROP,SYF,ZTS",1,1,8,74
2026-01-14,111672.01287364245,47474.061832885345,9,"AXON,EBAY,FFIV,FTNT,GNRC,GRMN,ROP,SYF,ZTS",1,0,7,65
2026-01-15,111956.62397447324,47474.061832885345,9,"AXON,EBAY,FFIV,FTNT,GNRC,GRMN,ROP,SYF,ZTS",0,0,6,64
2026-01-16,111630.66678344418,47474.061832885345,9,"AXON,EBAY,FFIV,FTNT,GNRC,GRMN,ROP,SYF,ZTS",0,0,6,64
2026-01-20,109884.04251772683,40136.044761854406,10,"AXON,EBAY,FFIV,FTNT,GNRC,GRMN,HPE,ROP,SYF,ZTS",1,0,6,66
2026-01-21,110980.7302396514,40136.044761854406,10,"AXON,EBAY,FFIV,FTNT,GNRC,GRMN,HPE,ROP,SYF,ZTS",0,0,5,126
2026-01-22,111628.27582706927,40136.044761854406,10,"AXON,EBAY,FFIV,FTNT,GNRC,GRMN,HPE,ROP,SYF,ZTS",0,0,5,89
2026-01-23,111619.23619438872,32693.759647307914,11,"ABT,AXON,EBAY,FFIV,FTNT,GNRC,GRMN,HPE,ROP,SYF,ZTS",1,0,5,87
2026-01-26,112028.6947397518,32693.759647307914,11,"ABT,AXON,EBAY,FFIV,FTNT,GNRC,GRMN,HPE,ROP,SYF,ZTS",0,0,4,85
2026-01-27,110859.25574437047,38132.52786434478,10,"ABT,AXON,EBAY,FFIV,FTNT,GNRC,GRMN,HPE,SYF,ZTS",0,1,5,79
2026-01-28,110600.4384161213,38699.16330178737,10,"ABT,AXON,EBAY,FTNT,GNRC,GRMN,HPE,SYF,UNH,ZTS",1,1,6,84
2026-01-29,109878.54303502556,38699.16330178737,10,"ABT,AXON,EBAY,FTNT,GNRC,GRMN,HPE,SYF,UNH,ZTS",0,0,5,85
2026-01-30,109123.0882338221,38699.16330178737,10,"ABT,AXON,EBAY,FTNT,GNRC,GRMN,HPE,SYF,UNH,ZTS",0,0,5,90
2026-02-02,109564.3617754465,37804.433795992096,10,"ABT,AXON,CVS,EBAY,FTNT,HPE,LVS,SYF,UNH,ZTS",2,2,7,84
2026-02-03,109520.65774084072,30523.412779853905,11,"ABT,APH,AXON,CVS,EBAY,FTNT,HPE,LVS,SYF,UNH,ZTS",1,0,5,94
2026-02-04,108447.42802946824,38547.568079257035,10,"ABT,APH,AXON,CVS,EBAY,FTNT,LVS,SYF,UNH,ZTS",0,1,5,102
2026-02-05,107584.71819874464,38547.568079257035,10,"ABT,APH,AXON,CVS,EBAY,FTNT,LVS,SYF,UNH,ZTS",0,0,5,107
2026-02-06,109361.20926955636,38547.568079257035,10,"ABT,APH,AXON,CVS,EBAY,FTNT,LVS,SYF,UNH,ZTS",0,0,5,116
2026-02-09,109921.88501910408,46946.66946037304,9,"ABT,APH,AXON,CVS,EBAY,LVS,SYF,UNH,ZTS",0,1,6,105
2026-02-10,109998.43451376562,39605.19706854125,10,"ABT,APH,AXON,CVS,EBAY,LVS,SYF,UNH,WAT,ZTS",1,0,6,103
2026-02-11,109913.65714865347,39605.19706854125,10,"ABT,APH,AXON,CVS,EBAY,LVS,SYF,UNH,WAT,ZTS",0,0,5,100
2026-02-12,109045.47511856652,51182.27296261351,8,"ABT,APH,CVS,LVS,SYF,UNH,WAT,ZTS",0,2,7,92
2026-02-13,109852.12846736063,43865.0511127476,9,"ABT,APH,BAX,CVS,LVS,SYF,UNH,WAT,ZTS",1,0,7,96
2026-02-17,110178.27193343666,43865.0511127476,9,"ABT,APH,BAX,CVS,LVS,SYF,UNH,WAT,ZTS",0,0,6,101
2026-02-18,111117.19538624381,43865.0511127476,9,"ABT,APH,BAX,CVS,LVS,SYF,UNH,WAT,ZTS",0,0,6,104
2026-02-19,110793.32164269782,43865.0511127476,9,"ABT,APH,BAX,CVS,LVS,SYF,UNH,WAT,ZTS",0,0,6,105
2026-02-20,111095.90111892746,43865.0511127476,9,"ABT,APH,BAX,CVS,LVS,SYF,UNH,WAT,ZTS",0,0,6,110
2026-02-23,109888.95321490322,29228.39960621371,11,"ABT,APH,BAX,CVS,IT,LVS,PYPL,SYF,UNH,WAT,ZTS",2,0,6,108
2026-02-24,110147.37848154968,29228.39960621371,11,"ABT,APH,BAX,CVS,IT,LVS,PYPL,SYF,UNH,WAT,ZTS",0,0,4,108
2026-02-25,110916.39617165577,29228.39960621371,11,"ABT,APH,BAX,CVS,IT,LVS,PYPL,SYF,UNH,WAT,ZTS",0,0,4,107
2026-02-26,111263.49791745629,29228.39960621371,11,"ABT,APH,BAX,CVS,IT,LVS,PYPL,SYF,UNH,WAT,ZTS",0,0,4,105
2026-02-27,111315.7576335833,36373.675481013845,10,"ABT,APH,BAX,CVS,IT,LVS,PYPL,SYF,UNH,WAT",0,1,5,102
2026-03-02,110200.42129631981,36373.675481013845,10,"ABT,APH,BAX,CVS,IT,LVS,PYPL,SYF,UNH,WAT",0,0,5,134
2026-03-03,109797.31813657167,36373.675481013845,10,"ABT,APH,BAX,CVS,IT,LVS,PYPL,SYF,UNH,WAT",0,0,5,177
2026-03-04,110428.42178539987,36373.675481013845,10,"ABT,APH,BAX,CVS,IT,LVS,PYPL,SYF,UNH,WAT",0,0,5,213
2026-03-05,110169.87529364374,36373.675481013845,10,"ABT,APH,BAX,CVS,IT,LVS,PYPL,SYF,UNH,WAT",0,0,5,159
2026-03-06,108450.5466501909,36373.675481013845,10,"ABT,APH,BAX,CVS,IT,LVS,PYPL,SYF,UNH,WAT",0,0,5,145
2026-03-09,108847.9101624595,36373.675481013845,10,"ABT,APH,BAX,CVS,IT,LVS,PYPL,SYF,UNH,WAT",0,0,5,190
2026-03-10,107590.9351208333,29205.87333089119,11,"ABT,APH,BAX,CVS,IT,LVS,PYPL,ROL,SYF,UNH,WAT",1,0,5,160
2026-03-11,107818.37644437281,29205.87333089119,11,"ABT,APH,BAX,CVS,IT,LVS,PYPL,ROL,SYF,UNH,WAT",0,0,4,138
2026-03-12,106493.14046611058,29205.87333089119,11,"ABT,APH,BAX,CVS,IT,LVS,PYPL,ROL,SYF,UNH,WAT",0,0,4,131
2026-03-13,106906.39448677577,29205.87333089119,11,"ABT,APH,BAX,CVS,IT,LVS,PYPL,ROL,SYF,UNH,WAT",0,0,4,148
2026-03-16,106977.26836133673,29205.87333089119,11,"ABT,APH,BAX,CVS,IT,LVS,PYPL,ROL,SYF,UNH,WAT",0,0,4,132
2026-03-17,107732.17786335843,29205.87333089119,11,"ABT,APH,BAX,CVS,IT,LVS,PYPL,ROL,SYF,UNH,WAT",0,0,4,128
2026-03-18,105976.73457875279,29205.87333089119,11,"ABT,APH,BAX,CVS,IT,LVS,PYPL,ROL,SYF,UNH,WAT",0,0,4,124
2026-03-19,105821.49574142926,29205.87333089119,11,"ABT,APH,BAX,CVS,IT,LVS,PYPL,ROL,SYF,UNH,WAT",0,0,4,123
2026-03-20,105023.65691419662,29205.87333089119,11,"ABT,APH,BAX,CVS,IT,LVS,PYPL,ROL,SYF,UNH,WAT",0,0,4,140
2026-03-23,105727.31023629304,29205.87333089119,11,"ABT,APH,BAX,CVS,IT,LVS,PYPL,ROL,SYF,UNH,WAT",0,0,4,128
2026-03-24,105117.96567465932,22191.52600329984,12,"ABT,APH,BAX,CVS,IT,LVS,PYPL,ROL,SMCI,SYF,UNH,WAT",1,0,4,131
2026-03-25,105847.0013484834,22191.52600329984,12,"ABT,APH,BAX,CVS,IT,LVS,PYPL,ROL,SMCI,SYF,UNH,WAT",0,0,3,131
2026-03-26,104578.48623618417,22191.52600329984,12,"ABT,APH,BAX,CVS,IT,LVS,PYPL,ROL,SMCI,SYF,UNH,WAT",0,0,3,131
2026-03-27,103036.03868672808,22191.52600329984,12,"ABT,APH,BAX,CVS,IT,LVS,PYPL,ROL,SMCI,SYF,UNH,WAT",0,0,3,133
2026-03-30,102975.39700167929,22191.52600329984,12,"ABT,APH,BAX,CVS,IT,LVS,PYPL,ROL,SMCI,SYF,UNH,WAT",0,0,3,126
2026-03-31,105378.50908979904,22191.52600329984,12,"ABT,APH,BAX,CVS,IT,LVS,PYPL,ROL,SMCI,SYF,UNH,WAT",0,0,3,124
2026-04-01,105354.21195043033,22191.52600329984,12,"ABT,APH,BAX,CVS,IT,LVS,PYPL,ROL,SMCI,SYF,UNH,WAT",0,0,3,126
2026-04-02,106202.96372791473,22191.52600329984,12,"ABT,APH,BAX,CVS,IT,LVS,PYPL,ROL,SMCI,SYF,UNH,WAT",0,0,3,125
2026-04-06,105822.43301300026,22191.52600329984,12,"ABT,APH,BAX,CVS,IT,LVS,PYPL,ROL,SMCI,SYF,UNH,WAT",0,0,3,194
2026-04-07,106714.90711776211,15079.365860068563,13,"ABT,AES,APH,BAX,CVS,IT,LVS,PYPL,ROL,SMCI,SYF,UNH,WAT",1,0,3,170
2026-04-08,108586.51675147512,15079.365860068563,13,"ABT,AES,APH,BAX,CVS,IT,LVS,PYPL,ROL,SMCI,SYF,UNH,WAT",0,0,2,162
2026-04-09,108766.9358008663,15079.365860068563,13,"ABT,AES,APH,BAX,CVS,IT,LVS,PYPL,ROL,SMCI,SYF,UNH,WAT",0,0,2,164
2026-04-10,108678.94197577049,15079.365860068563,13,"ABT,AES,APH,BAX,CVS,IT,LVS,PYPL,ROL,SMCI,SYF,UNH,WAT",0,0,2,157
2026-04-13,110819.08446149228,15079.365860068563,13,"ABT,AES,APH,BAX,CVS,IT,LVS,PYPL,ROL,SMCI,SYF,UNH,WAT",0,0,2,146
2026-04-14,111611.19553792493,15079.365860068563,13,"ABT,AES,APH,BAX,CVS,IT,LVS,PYPL,ROL,SMCI,SYF,UNH,WAT",0,0,2,141
2026-04-15,111762.40419363602,22219.570347751567,12,"ABT,AES,APH,BAX,CVS,IT,LVS,PYPL,ROL,SMCI,UNH,WAT",0,1,3,141
2026-04-16,112360.38689578677,22219.570347751567,12,"ABT,AES,APH,BAX,CVS,IT,LVS,PYPL,ROL,SMCI,UNH,WAT",0,0,3,137
2026-04-17,113571.27209238788,22219.570347751567,12,"ABT,AES,APH,BAX,CVS,IT,LVS,PYPL,ROL,SMCI,UNH,WAT",0,0,3,135
2026-04-20,113929.8350002085,22219.570347751567,12,"ABT,AES,APH,BAX,CVS,IT,LVS,PYPL,ROL,SMCI,UNH,WAT",0,0,3,144
2026-04-21,114112.53250169182,23408.229208346223,12,"ABT,AES,APH,BAX,CVS,HUM,IT,LVS,PYPL,ROL,SMCI,WAT",1,1,4,135
2026-04-22,113862.23501590187,23408.229208346223,12,"ABT,AES,APH,BAX,CVS,HUM,IT,LVS,PYPL,ROL,SMCI,WAT",0,0,3,123
2026-04-23,111867.27678403507,23408.229208346223,12,"ABT,AES,APH,BAX,CVS,HUM,IT,LVS,PYPL,ROL,SMCI,WAT",0,0,3,122
2026-04-24,112788.13537352343,22199.862683000236,12,"AES,APH,BAX,CVS,HUM,IT,LVS,NOW,PYPL,ROL,SMCI,WAT",1,1,4,144
2026-04-27,112534.79878806464,22199.862683000236,12,"AES,APH,BAX,CVS,HUM,IT,LVS,NOW,PYPL,ROL,SMCI,WAT",0,0,3,135
2026-04-28,112494.78173420025,14709.264050144593,13,"AES,APH,BAX,CVS,HII,HUM,IT,LVS,NOW,PYPL,ROL,SMCI,WAT",1,0,3,132
2026-04-29,112568.55524440565,22818.422053473914,12,"AES,APH,BAX,HII,HUM,IT,LVS,NOW,PYPL,ROL,SMCI,WAT",0,1,3,141
2026-04-30,113189.48427156142,22818.422053473914,12,"AES,APH,BAX,HII,HUM,IT,LVS,NOW,PYPL,ROL,SMCI,WAT",0,0,3,137
2026-05-01,112253.68702955692,15328.098512701072,13,"AES,APH,BAX,HII,HUM,IT,LVS,NOW,PYPL,ROL,SMCI,WAT,WTW",1,0,3,148
2026-05-04,112208.33514315965,22139.005735419036,12,"AES,APH,BAX,HII,HUM,IT,NOW,PYPL,ROL,SMCI,WAT,WTW",0,1,3,137
2026-05-05,111619.19276257922,29183.36235533379,11,"AES,BAX,HII,HUM,IT,NOW,PYPL,ROL,SMCI,WAT,WTW",0,1,4,134
2026-05-06,112354.44226468074,31258.434495091587,11,"AES,BAX,HII,HUM,IT,META,NOW,PYPL,ROL,WAT,WTW",1,1,5,124
2026-05-07,113418.19720433853,31258.434495091587,11,"AES,BAX,HII,HUM,IT,META,NOW,PYPL,ROL,WAT,WTW",0,0,4,137
2026-05-08,113692.50519086854,32778.06235744422,11,"AES,BAX,HII,IT,META,NOW,PYPL,ROL,TPR,WAT,WTW",1,1,5,128
2026-05-11,112876.81342489395,25265.441641079487,12,"AES,BAX,HII,IT,META,NOW,PYPL,ROL,TPR,TTD,WAT,WTW",1,0,4,131
2026-05-12,113157.48245809977,33031.46995517686,11,"AES,BAX,HII,IT,META,NOW,PYPL,ROL,TPR,TTD,WTW",0,1,4,124
2026-05-13,112032.81192602048,33031.46995517686,11,"AES,BAX,HII,IT,META,NOW,PYPL,ROL,TPR,TTD,WTW",0,0,4,118
2026-05-14,112448.59333395216,33031.46995517686,11,"AES,BAX,HII,IT,META,NOW,PYPL,ROL,TPR,TTD,WTW",0,0,4,116
2026-05-15,112784.86693711579,39503.55020699559,10,"AES,HII,IT,META,NOW,PYPL,ROL,TPR,TTD,WTW",0,1,5,114
2026-05-18,114876.18903103378,48349.25301004313,9,"AES,HII,IT,META,PYPL,ROL,TPR,TTD,WTW",0,1,6,137
2026-05-19,113913.40762085587,40751.02689667994,10,"AES,COR,HII,IT,META,PYPL,ROL,TPR,TTD,WTW",1,0,6,116
2026-05-20,114350.01031765086,40751.02689667994,10,"AES,COR,HII,IT,META,PYPL,ROL,TPR,TTD,WTW",0,0,5,122
2026-05-21,114662.84050522884,33112.4443039789,11,"AES,COR,HAS,HII,IT,META,PYPL,ROL,TPR,TTD,WTW",1,0,5,115
2026-05-22,115358.3302276461,48545.06309179951,9,"AES,COR,HAS,HII,META,ROL,TPR,TTD,WTW",0,2,6,121
2026-05-26,115237.72305374724,48545.06309179951,9,"AES,COR,HAS,HII,META,ROL,TPR,TTD,WTW",0,0,6,117
2026-05-27,114856.3348776782,48545.06309179951,9,"AES,COR,HAS,HII,META,ROL,TPR,TTD,WTW",0,0,6,110
2026-05-28,114591.30304129593,48545.06309179951,9,"AES,COR,HAS,HII,META,ROL,TPR,TTD,WTW",0,0,6,116
2026-05-29,114135.06926436222,40934.605296995804,10,"AES,COR,HAS,HII,META,REGN,ROL,TPR,TTD,WTW",1,0,6,113
2026-06-01,113624.24735498194,41766.47780589211,10,"AES,COR,FISV,HAS,HII,META,REGN,ROL,TPR,WTW",1,1,6,111
2026-06-02,112921.76006072917,41766.47780589211,10,"AES,COR,FISV,HAS,HII,META,REGN,ROL,TPR,WTW",0,0,5,115
2026-06-03,113112.67235640423,41766.47780589211,10,"AES,COR,FISV,HAS,HII,META,REGN,ROL,TPR,WTW",0,0,5,124
2026-06-04,114086.09804546443,34154.889926111086,11,"AES,COR,FISV,HAS,HII,META,MTD,REGN,ROL,TPR,WTW",1,0,5,130
2026-06-05,113595.95023205824,34154.889926111086,11,"AES,COR,FISV,HAS,HII,META,MTD,REGN,ROL,TPR,WTW",0,0,4,126
2026-06-08,112627.29517789764,34154.889926111086,11,"AES,COR,FISV,HAS,HII,META,MTD,REGN,ROL,TPR,WTW",0,0,4,122
2026-06-09,113772.47678673235,40264.59212842157,10,"AES,COR,FISV,HAS,HII,META,MTD,REGN,TPR,WTW",0,1,5,115
2026-06-10,112643.45185010417,40264.59212842157,10,"AES,COR,FISV,HAS,HII,META,MTD,REGN,TPR,WTW",0,0,5,106
2026-06-11,113320.8689583438,40264.59212842157,10,"AES,COR,FISV,HAS,HII,META,MTD,REGN,TPR,WTW",0,0,5,111
2026-06-12,113493.7383165659,41021.07266829386,10,"AES,COR,FDXF,FISV,HAS,HII,META,MTD,REGN,WTW",1,1,6,110
2026-06-15,112891.66777850923,41021.07266829386,10,"AES,COR,FDXF,FISV,HAS,HII,META,MTD,REGN,WTW",0,0,5,104
2026-06-16,113065.47255745949,41021.07266829386,10,"AES,COR,FDXF,FISV,HAS,HII,META,MTD,REGN,WTW",0,0,5,124
2026-06-17,111934.80057762747,41021.07266829386,10,"AES,COR,FDXF,FISV,HAS,HII,META,MTD,REGN,WTW",0,0,5,111
2026-06-18,111762.3585594919,33575.76981741409,11,"AES,COR,FDXF,FISV,HAS,HII,LULU,META,MTD,REGN,WTW",1,0,5,111
2026-06-22,110872.44306653953,26181.8446397179,12,"AES,COR,FDXF,FISV,HAS,HII,LULU,META,MTD,REGN,SMCI,WTW",1,0,4,105
2026-06-23,111334.59291909859,26181.8446397179,12,"AES,COR,FDXF,FISV,HAS,HII,LULU,META,MTD,REGN,SMCI,WTW",0,0,3,109
2026-06-24,111753.50232951215,26181.8446397179,12,"AES,COR,FDXF,FISV,HAS,HII,LULU,META,MTD,REGN,SMCI,WTW",0,0,3,143
2026-06-25,111468.7801272195,26181.8446397179,12,"AES,COR,FDXF,FISV,HAS,HII,LULU,META,MTD,REGN,SMCI,WTW",0,0,3,131
2026-06-26,112354.00267749635,26181.8446397179,12,"AES,COR,FDXF,FISV,HAS,HII,LULU,META,MTD,REGN,SMCI,WTW",0,0,3,121
2026-06-29,111119.88048206782,26181.8446397179,12,"AES,COR,FDXF,FISV,HAS,HII,LULU,META,MTD,REGN,SMCI,WTW",0,0,3,132
2026-06-30,111318.56758663166,26181.8446397179,12,"AES,COR,FDXF,FISV,HAS,HII,LULU,META,MTD,REGN,SMCI,WTW",0,0,3,125
2026-07-01,112726.8354801978,26181.8446397179,12,"AES,COR,FDXF,FISV,HAS,HII,LULU,META,MTD,REGN,SMCI,WTW",0,0,3,120
2026-07-02,112792.54221834587,27011.514853550925,12,"AES,COR,FDXF,FISV,HAS,HII,LULU,META,REGN,SMCI,TER,WTW",1,1,4,124
2026-07-06,112917.77496599515,27011.514853550925,12,"AES,COR,FDXF,FISV,HAS,HII,LULU,META,REGN,SMCI,TER,WTW",0,0,3,120
2026-07-07,112384.03196971766,44020.52784105335,10,"AES,FDXF,FISV,HAS,HII,LULU,META,REGN,SMCI,TER",0,2,5,88
2026-07-08,112116.60487842943,51261.92074408058,9,"FDXF,FISV,HAS,HII,LULU,META,REGN,SMCI,TER",0,1,6,88
2026-07-09,113608.80743740199,51261.92074408058,9,"FDXF,FISV,HAS,HII,LULU,META,REGN,SMCI,TER",0,0,6,88
2026-07-10,113927.03214664206,59344.48402755843,8,"FDXF,FISV,HAS,HII,LULU,REGN,SMCI,TER",0,1,7,93
2026-07-13,113571.97777942257,59344.48402755843,8,"FDXF,FISV,HAS,HII,LULU,REGN,SMCI,TER",0,0,7,90
2026-07-14,112938.59297039639,59344.48402755843,8,"FDXF,FISV,HAS,HII,LULU,REGN,SMCI,TER",0,0,7,91
2026-07-15,112798.2280350223,59344.48402755843,8,"FDXF,FISV,HAS,HII,LULU,REGN,SMCI,TER",0,0,7,116
2026-07-16,112485.37194760967,51819.52865367239,9,"ELV,FDXF,FISV,HAS,HII,LULU,REGN,SMCI,TER",1,0,7,108
2026-07-17,112033.94106513647,44355.685499593674,10,"ELV,FDXF,FISV,FOXA,HAS,HII,LULU,REGN,SMCI,TER",1,0,6,120
2026-07-20,112286.61770634705,36864.8095879506,11,"ELV,FDXF,FISV,FOX,FOXA,HAS,HII,LULU,REGN,SMCI,TER",1,0,5,139
2026-07-21,114085.36387628836,36864.8095879506,11,"ELV,FDXF,FISV,FOX,FOXA,HAS,HII,LULU,REGN,SMCI,TER",0,0,4,118
2026-07-22,114289.66017481509,36864.8095879506,11,"ELV,FDXF,FISV,FOX,FOXA,HAS,HII,LULU,REGN,SMCI,TER",0,0,4,121
2026-07-23,114017.43823312658,36864.8095879506,11,"ELV,FDXF,FISV,FOX,FOXA,HAS,HII,LULU,REGN,SMCI,TER",0,0,4,122
2026-07-24,114086.47828651246,36864.8095879506,11,"ELV,FDXF,FISV,FOX,FOXA,HAS,HII,LULU,REGN,SMCI,TER",0,0,4,139
2026-07-27,114519.0552393814,36864.8095879506,11,"ELV,FDXF,FISV,FOX,FOXA,HAS,HII,LULU,REGN,SMCI,TER",0,0,4,110
2026-07-28,115905.44647172051,36864.8095879506,11,"ELV,FDXF,FISV,FOX,FOXA,HAS,HII,LULU,REGN,SMCI,TER",0,0,4,118
2026-07-29,114769.1738028652,51386.36979012589,9,"ELV,FDXF,FISV,FOX,FOXA,HAS,LULU,SMCI,TER",0,2,6,139
2026-07-30,115655.50356702176,43689.496776321976,10,"ELV,FDXF,FISV,FOX,FOXA,HAS,LULU,ROL,SMCI,TER",1,0,6,131
2026-07-31,115631.09001170009,43689.496776321976,10,"ELV,FDXF,FISV,FOX,FOXA,HAS,LULU,ROL,SMCI,TER",0,0,5,157
2026-08-03,116442.56316920558,35950.60579666024,11,"ELV,FDXF,FISV,FOX,FOXA,HAS,LULU,RDDT,ROL,SMCI,TER",1,0,5,146
2026-08-04,118261.67150045143,35950.60579666024,11,"ELV,FDXF,FISV,FOX,FOXA,HAS,LULU,RDDT,ROL,SMCI,TER",0,0,4,145
2026-08-05,117330.31946271764,35950.60579666024,11,"ELV,FDXF,FISV,FOX,FOXA,HAS,LULU,RDDT,ROL,SMCI,TER",0,0,4,148
2026-08-06,117814.11585412447,44356.01139091163,10,"ELV,FDXF,FISV,FOX,FOXA,HAS,RDDT,ROL,SMCI,TER",0,1,5,139
2026-08-07,119277.29815198253,44356.01139091163,10,"ELV,FDXF,FISV,FOX,FOXA,HAS,RDDT,ROL,SMCI,TER",0,0,5,146
2026-08-10,118620.61543927381,44356.01139091163,10,"ELV,FDXF,FISV,FOX,FOXA,HAS,RDDT,ROL,SMCI,TER",0,0,5,130
2026-08-11,118496.7213064311,52679.05699414993,9,"ELV,FDXF,FISV,FOX,FOXA,RDDT,ROL,SMCI,TER",0,1,6,133
2026-08-12,120227.23969530017,52679.05699414993,9,"ELV,FDXF,FISV,FOX,FOXA,RDDT,ROL,SMCI,TER",0,0,6,127
2026-08-13,122754.52781644948,61102.89827816328,8,"ELV,FDXF,FISV,FOX,FOXA,RDDT,ROL,TER",0,1,7,129
2026-08-14,123911.32271327704,87487.23667514868,5,"ELV,FDXF,FISV,ROL,TER",0,3,10,123
2026-08-17,123566.61769046474,87487.23667514868,5,"ELV,FDXF,FISV,ROL,TER",0,0,10,123
2026-08-18,122803.958214947,87487.23667514868,5,"ELV,FDXF,FISV,ROL,TER",0,0,10,119
2026-08-19,122416.07119205293,79331.09655274193,6,"ELV,FDXF,FICO,FISV,ROL,TER",1,0,10,136
2026-08-20,122386.51774008226,71183.61972095813,7,"DDOG,ELV,FDXF,FICO,FISV,ROL,TER",1,0,9,122
2026-08-21,122909.32306846228,71183.61972095813,7,"DDOG,ELV,FDXF,FICO,FISV,ROL,TER",0,0,8,118
2026-08-24,122103.1414316359,63036.04376329001,8,"CMI,DDOG,ELV,FDXF,FICO,FISV,ROL,TER",1,0,8,108
2026-08-25,121453.68699736516,68631.41312218372,7,"CMI,DDOG,ELV,FICO,FISV,ROL,TER",0,1,8,111
2026-08-26,121753.8779141065,68631.41312218372,7,"CMI,DDOG,ELV,FICO,FISV,ROL,TER",0,0,8,114
2026-08-27,122365.44252821963,68631.41312218372,7,"CMI,DDOG,ELV,FICO,FISV,ROL,TER",0,0,8,118
2026-08-28,121765.33619125497,68631.41312218372,7,"CMI,DDOG,ELV,FICO,FISV,ROL,TER",0,0,8,112
2026-08-31,121531.3180421023,75592.15935313897,6,"CMI,DDOG,ELV,FICO,ROL,TER",0,1,9,113
2026-09-01,121001.20824539848,67557.16246224816,7,"CMI,DDOG,ELV,FICO,PCG,ROL,TER",1,0,9,112
2026-09-02,120202.44232793813,59552.4095119642,8,"CMI,DDOG,ELV,FICO,PCG,PYPL,ROL,TER",1,0,8,121
2026-09-03,121278.99572847175,59552.4095119642,8,"CMI,DDOG,ELV,FICO,PCG,PYPL,ROL,TER",0,0,7,106
2026-09-04,120265.91922306268,59552.4095119642,8,"CMI,DDOG,ELV,FICO,PCG,PYPL,ROL,TER",0,0,7,105
