ticker,gap_date,entry_date,exit_date,bucket,gap_pct,entry_price,exit_price,exit_reason,units,position_dollars,cash_cost,proceeds,pnl_pct,pnl_dollar,days_held,slots,sector,entry_month
NVDA,2024-09-04,2024-09-05,2024-09-06,2-3%,-2.398,105.5154,107.892,tp_gap_filled,63.1501,6663.31,6663.31,6813.39,2.252,150.08,1,15,Information Technology,2024-09
CDNS,2024-09-04,2024-09-05,2024-09-10,2-3%,-2.829,249.279,256.0237,tp_gap_filled,26.7191,6660.51,6660.51,6840.73,2.706,180.21,3,15,Information Technology,2024-09
SMCI,2024-09-04,2024-09-05,2024-09-11,3-5%,-4.903,42.054,44.1338,tp_gap_filled,158.5263,6666.67,6666.67,6996.37,4.946,329.7,4,15,Information Technology,2024-09
KLAC,2024-09-05,2024-09-06,2024-09-11,2-3%,-2.594,72.6506,74.4365,tp_gap_filled,91.0679,6616.13,6616.13,6778.77,2.458,162.64,3,15,Information Technology,2024-09
DG,2024-09-04,2024-09-06,2024-09-12,2-3%,-2.459,81.8117,83.7062,tp_gap_filled,80.6943,6601.74,6601.74,6754.61,2.316,152.87,4,15,Consumer Staples,2024-09
WDAY,2024-09-09,2024-09-11,2024-09-12,2-3%,-2.313,248.9587,254.3454,tp_gap_filled,26.9346,6705.61,6705.61,6850.7,2.164,145.09,1,15,Information Technology,2024-09
APTV,2024-09-10,2024-09-12,2024-09-13,2-3%,-2.939,67.1171,69.0109,tp_gap_filled,100.4746,6743.56,6743.56,6933.85,2.822,190.29,1,15,Consumer Discretionary,2024-09
GM,2024-09-10,2024-09-12,2024-09-16,2-3%,-2.996,46.026,47.3526,tp_gap_filled,146.4964,6742.64,6742.64,6936.99,2.882,194.35,2,15,Consumer Discretionary,2024-09
ODFL,2024-09-05,2024-09-06,2024-09-17,3-5%,-4.309,187.3972,195.4444,tp_gap_filled,35.3378,6622.2,6622.2,6906.57,4.294,284.37,7,15,Industrials,2024-09
HPE,2024-09-05,2024-09-13,2024-09-19,5-10%,-8.631,17.1671,18.7512,tp_gap_filled,394.4438,6771.48,6771.48,7396.31,9.227,624.83,4,15,Information Technology,2024-09
HUM,2024-09-11,2024-09-12,2024-10-01,3-5%,-4.619,330.7504,277.5525,stop,20.4116,6751.15,6751.15,5665.29,-16.084,-1085.85,13,15,Health Care,2024-09
PANW,2024-09-04,2024-09-05,2024-10-08,3-5%,-3.315,171.8216,177.3575,tp_gap_filled,38.7634,6660.39,6660.39,6874.98,3.222,214.59,23,15,Information Technology,2024-09
CPRT,2024-09-05,2024-09-06,2024-10-08,5-10%,-5.749,50.05,52.9969,tp_gap_filled,132.4158,6627.41,6627.41,7017.64,5.888,390.22,22,15,Industrials,2024-09
GM,2024-09-25,2024-09-26,2024-10-11,3-5%,-4.41,45.996,48.0219,tp_gap_filled,147.3454,6777.29,6777.29,7075.81,4.405,298.52,11,15,Consumer Discretionary,2024-09
TSLA,2024-10-11,2024-10-14,2024-10-24,5-10%,-7.807,220.3501,238.5312,tp_gap_filled,30.1587,6645.46,6645.46,7193.78,8.251,548.32,8,15,Consumer Discretionary,2024-10
GRMN,2024-09-13,2024-09-16,2024-10-30,5-10%,-5.22,173.3932,182.5772,tp_gap_filled,39.0519,6771.34,6771.34,7129.99,5.297,358.65,32,15,Consumer Discretionary,2024-09
MRNA,2024-09-12,2024-09-13,2024-11-11,10%+,-14.615,67.9579,42.7707,stop,99.6108,6769.34,6769.34,4260.42,-37.063,-2508.92,41,15,Health Care,2024-09
ZBH,2024-09-05,2024-09-27,2024-11-18,5-10%,-5.084,108.7687,114.3655,tp_gap_filled,62.6582,6815.25,6815.25,7165.94,5.146,350.69,36,15,Health Care,2024-09
FDX,2024-09-20,2024-09-24,2024-11-22,10%+,-13.19,210.3391,241.8127,tp_gap_filled,32.2498,6783.39,6783.39,7798.41,14.963,1015.02,43,15,Industrials,2024-09
TTD,2024-11-08,2024-11-19,2024-12-02,10%+,-12.39,116.2261,132.3975,tp_gap_filled,55.5317,6454.24,6454.24,7352.26,13.914,898.02,8,15,Communication Services,2024-11
CNC,2024-09-04,2024-09-11,2024-12-10,5-10%,-7.628,74.1841,56.6533,time_exit,90.4495,6709.92,6709.92,5124.26,-23.632,-1585.65,63,15,Health Care,2024-09
LEN,2024-09-20,2024-09-23,2024-12-12,3-5%,-3.617,179.7439,150.8339,stop,37.8037,6794.99,6794.99,5702.08,-16.084,-1092.91,57,15,Consumer Discretionary,2024-09
ADBE,2024-09-13,2024-09-16,2024-12-13,5-10%,-9.203,533.1026,465.2243,time_exit,12.7202,6781.18,6781.18,5917.75,-12.733,-863.43,63,15,Information Technology,2024-09
DLTR,2024-09-04,2024-09-17,2024-12-16,10%+,-10.851,72.8628,69.96,time_exit,93.3244,6799.88,6799.88,6528.98,-3.984,-270.9,63,15,Consumer Staples,2024-09
NKE,2024-10-02,2024-10-03,2025-01-03,5-10%,-7.001,82.9729,73.2367,time_exit,79.8059,6621.72,6621.72,5844.72,-11.734,-777.01,63,15,Consumer Discretionary,2024-10
MU,2024-12-19,2024-12-20,2025-01-07,10%+,-13.301,90.1701,103.7961,tp_gap_filled,71.7871,6473.05,6473.05,7451.22,15.111,978.17,10,15,Information Technology,2024-12
AOS,2024-10-11,2024-10-16,2025-01-17,5-10%,-6.863,80.4203,71.7382,time_exit,82.8458,6662.49,6662.49,5943.21,-10.796,-719.28,63,15,Industrials,2024-10
ORCL,2024-12-10,2024-12-13,2025-01-22,5-10%,-8.921,173.6335,190.2595,tp_gap_filled,38.2716,6645.24,6645.24,7281.54,9.575,636.31,24,15,Information Technology,2024-12
MRNA,2025-01-13,2025-01-14,2025-01-23,10%+,-21.183,33.3333,42.2077,tp_gap_filled,197.3909,6579.69,6579.69,8331.43,26.623,1751.74,6,15,Health Care,2025-01
VRTX,2024-12-19,2024-12-20,2025-01-27,10%+,-12.626,391.391,447.0525,tp_gap_filled,16.538,6472.81,6472.81,7393.34,14.221,920.53,22,15,Health Care,2024-12
AMGN,2024-11-26,2024-12-18,2025-02-05,10%+,-10.129,264.4842,293.706,tp_gap_filled,24.44,6464.0,6464.0,7178.19,11.049,714.18,31,15,Health Care,2024-12
COHR,2025-01-27,2025-01-30,2025-02-06,10%+,-12.289,88.088,100.2297,tp_gap_filled,79.0,6958.95,6958.95,7918.15,13.784,959.19,5,15,Information Technology,2025-01
EL,2024-10-31,2024-11-05,2025-02-07,10%+,-24.383,65.9659,64.965,time_exit,100.0229,6598.1,6598.1,6497.98,-1.517,-100.12,63,15,Consumer Staples,2024-11
GPC,2024-10-22,2024-11-06,2025-02-10,10%+,-15.847,120.5604,118.3216,time_exit,54.1232,6525.11,6525.11,6403.94,-1.857,-121.18,63,15,Consumer Discretionary,2024-11
SMCI,2024-10-30,2024-11-26,2025-02-18,10%+,-29.051,34.8848,49.0709,tp_gap_filled,192.1312,6702.47,6702.47,9428.05,40.665,2725.58,54,15,Information Technology,2024-11
ELV,2024-10-17,2024-11-15,2025-02-20,10%+,-18.523,405.3149,390.1095,time_exit,15.9756,6475.16,6475.16,6232.24,-3.752,-242.92,63,15,Health Care,2024-11
TGT,2024-11-20,2024-11-25,2025-02-28,10%+,-17.949,128.128,124.1158,time_exit,52.7354,6756.88,6756.88,6545.29,-3.131,-211.59,63,15,Consumer Staples,2024-11
HII,2025-02-06,2025-02-10,2025-03-07,10%+,-12.471,171.3612,195.3844,tp_gap_filled,40.7087,6975.89,6975.89,7953.84,14.019,977.95,18,15,Industrials,2025-02
ADM,2024-11-05,2024-12-18,2025-03-24,5-10%,-8.68,50.5505,45.8841,time_exit,127.6884,6454.71,6454.71,5858.86,-9.231,-595.85,63,15,Consumer Staples,2024-12
INCY,2024-11-19,2024-12-19,2025-03-25,10%+,-12.81,67.1771,62.0179,time_exit,95.8234,6437.14,6437.14,5942.77,-7.68,-494.37,63,15,Health Care,2024-12
CEG,2025-01-27,2025-01-29,2025-04-04,10%+,-15.824,292.7525,184.2496,stop,23.4941,6877.94,6877.94,4328.77,-37.063,-2549.17,46,15,Utilities,2025-01
CIEN,2025-01-27,2025-01-30,2025-04-04,10%+,-12.44,84.6846,53.2979,stop,82.1772,6959.14,6959.14,4379.88,-37.063,-2579.27,45,15,Information Technology,2025-01
APTV,2024-10-31,2025-01-06,2025-04-08,5-10%,-9.613,62.4924,49.3106,time_exit,105.7628,6609.38,6609.38,5215.23,-21.093,-1394.14,63,15,Consumer Discretionary,2025-01
DHI,2024-10-29,2025-01-21,2025-04-22,10%+,-15.074,153.3432,124.835,time_exit,44.1349,6767.79,6767.79,5509.59,-18.591,-1258.21,63,15,Consumer Discretionary,2025-01
BBY,2025-04-03,2025-04-23,2025-05-12,10%+,-12.452,66.3663,75.6543,tp_gap_filled,96.0384,6373.72,6373.72,7265.72,13.995,892.0,13,15,Consumer Discretionary,2025-04
FIS,2025-02-11,2025-02-12,2025-05-14,10%+,-12.896,72.072,77.972,time_exit,95.3601,6872.79,6872.79,7435.41,8.186,562.62,63,15,Financials,2025-02
UNH,2025-02-21,2025-04-21,2025-05-15,10%+,-12.513,439.9895,276.9162,stop,14.2258,6259.2,6259.2,3939.36,-37.063,-2319.85,18,15,Health Care,2025-04
DVA,2025-02-14,2025-02-18,2025-05-19,10%+,-13.024,154.154,144.815,time_exit,45.7971,7059.81,7059.81,6632.12,-6.058,-427.7,63,15,Health Care,2025-02
UNH,2025-05-15,2025-05-16,2025-05-19,10%+,-10.75,275.1749,307.702,tp_gap_filled,24.0971,6630.93,6630.93,7414.74,11.821,783.81,1,15,Health Care,2025-05
AVGO,2025-01-27,2025-02-24,2025-05-23,10%+,-12.791,213.6134,228.4913,time_exit,32.2932,6898.27,6898.27,7378.72,6.965,480.46,63,15,Information Technology,2025-02
SRE,2025-02-25,2025-02-26,2025-05-28,10%+,-16.976,72.4524,77.4225,time_exit,95.363,6909.27,6909.27,7383.24,6.86,473.97,63,15,Utilities,2025-02
VTRS,2025-02-27,2025-02-28,2025-05-30,10%+,-17.616,9.2693,8.7812,time_exit,738.7778,6847.92,6847.92,6487.36,-5.265,-360.56,63,15,Health Care,2025-02
NKE,2025-04-03,2025-04-04,2025-06-27,10%+,-13.224,56.4264,64.895,tp_gap_filled,110.8058,6252.37,6252.37,7190.74,15.008,938.38,57,15,Consumer Discretionary,2025-04
GRMN,2025-04-03,2025-04-09,2025-07-10,10%+,-13.221,189.4292,217.8519,tp_gap_filled,33.5752,6360.12,6360.12,7314.42,15.004,954.3,62,15,Consumer Discretionary,2025-04
SWKS,2025-02-06,2025-04-30,2025-07-31,10%+,-28.17,62.6125,68.4715,time_exit,102.3997,6411.5,6411.5,7011.46,9.357,599.95,63,15,Information Technology,2025-04
HPQ,2025-05-29,2025-06-13,2025-08-13,10%+,-12.426,23.8438,27.1728,tp_gap_filled,277.7421,6622.43,6622.43,7547.03,13.962,924.6,41,15,Information Technology,2025-06
PSKY,2025-07-31,2025-08-05,2025-08-13,5-10%,-9.774,12.012,13.2867,tp_gap_filled,561.0637,6739.5,6739.5,7454.69,10.612,715.19,6,15,Communication Services,2025-08
REGN,2025-05-30,2025-06-09,2025-08-22,10%+,-14.491,518.1776,604.7846,tp_gap_filled,12.9232,6696.49,6696.49,7815.73,16.714,1119.24,52,15,Health Care,2025-06
WDAY,2025-05-23,2025-05-27,2025-08-26,10%+,-11.199,241.8416,222.6571,time_exit,27.5504,6662.82,6662.82,6134.29,-7.933,-528.54,63,15,Information Technology,2025-05
ROST,2025-05-23,2025-06-12,2025-09-04,10%+,-11.593,134.7346,152.0977,tp_gap_filled,49.6418,6688.47,6688.47,7550.41,12.887,861.94,57,15,Consumer Discretionary,2025-06
BF-B,2025-06-05,2025-06-09,2025-09-09,10%+,-17.199,27.5175,27.4325,time_exit,243.2701,6694.18,6694.18,6673.52,-0.309,-20.67,63,15,Consumer Staples,2025-06
TPR,2025-08-14,2025-08-15,2025-09-19,10%+,-15.485,96.0459,113.4165,tp_gap_filled,71.5996,6876.85,6876.85,8120.57,18.086,1243.72,24,15,Consumer Discretionary,2025-08
MRVL,2025-08-29,2025-09-02,2025-09-24,10%+,-16.444,64.5945,77.1528,tp_gap_filled,106.1257,6855.14,6855.14,8187.89,19.442,1332.75,16,15,Information Technology,2025-09
COIN,2025-08-01,2025-08-13,2025-10-03,10%+,-11.282,335.4752,377.3822,tp_gap_filled,20.6306,6921.04,6921.04,7785.61,12.492,864.57,36,15,Financials,2025-08
SMCI,2025-08-06,2025-08-07,2025-10-07,10%+,-17.342,47.3773,57.2027,tp_gap_filled,141.959,6725.64,6725.64,8120.44,20.739,1394.8,42,15,Information Technology,2025-08
WAT,2025-07-14,2025-10-01,2025-10-21,10%+,-10.028,317.8375,352.5571,tp_gap_filled,22.6824,7209.3,7209.3,7996.83,10.924,787.52,14,15,Health Care,2025-10
OTIS,2025-07-23,2025-07-24,2025-10-22,10%+,-11.872,89.089,91.3286,time_exit,76.7985,6841.9,6841.9,7013.9,2.514,172.0,63,15,Industrials,2025-07
CMG,2025-07-24,2025-07-25,2025-10-23,10%+,-12.467,46.2462,41.7582,time_exit,148.1195,6849.96,6849.96,6185.2,-9.705,-664.76,63,15,Consumer Discretionary,2025-07
GWW,2025-08-01,2025-08-04,2025-10-31,5-10%,-9.943,937.1162,978.021,time_exit,7.1793,6727.82,6727.82,7021.48,4.365,293.67,63,15,Industrials,2025-08
IT,2025-08-05,2025-08-06,2025-11-04,10%+,-27.983,242.7325,226.9428,time_exit,27.7327,6731.63,6731.63,6293.74,-6.505,-437.89,63,15,Information Technology,2025-08
FTNT,2025-08-07,2025-08-08,2025-11-06,10%+,-23.069,74.3743,80.4595,time_exit,89.5459,6659.91,6659.91,7204.81,8.182,544.9,63,15,Information Technology,2025-08
BAX,2025-07-31,2025-08-08,2025-11-06,10%+,-15.294,23.7838,17.962,time_exit,280.0232,6660.01,6660.01,5029.78,-24.478,-1630.22,63,15,Health Care,2025-08
HRL,2025-08-28,2025-09-10,2025-12-09,10%+,-14.611,24.8048,23.6064,time_exit,276.2444,6852.18,6852.18,6521.13,-4.831,-331.05,63,15,Consumer Staples,2025-09
SNPS,2025-09-10,2025-09-11,2025-12-10,10%+,-29.216,428.2278,475.3542,time_exit,16.1938,6934.63,6934.63,7697.78,11.005,763.15,63,15,Information Technology,2025-09
DECK,2025-10-24,2025-10-27,2025-12-12,10%+,-13.692,88.5885,102.4375,tp_gap_filled,82.93,7346.64,7346.64,8495.14,15.633,1148.49,33,15,Consumer Discretionary,2025-10
VRTX,2025-08-05,2025-10-02,2026-01-02,10%+,-13.562,408.6282,451.6779,time_exit,17.7744,7263.14,7263.14,8028.32,10.535,765.18,63,15,Health Care,2025-10
XYZ,2025-11-07,2025-11-14,2026-01-07,10%+,-13.492,61.4214,70.8591,tp_gap_filled,110.8067,6805.9,6805.9,7851.66,15.366,1045.76,35,15,Financials,2025-11
CMG,2025-10-30,2025-10-31,2026-01-08,10%+,-21.353,31.3013,39.7202,tp_gap_filled,226.0342,7075.16,7075.16,8978.13,26.897,1902.97,46,15,Consumer Discretionary,2025-10
MOS,2025-10-10,2025-10-13,2026-01-13,5-10%,-8.493,30.6306,26.1838,time_exit,235.5911,7216.3,7216.3,6168.67,-14.518,-1047.63,63,15,Materials,2025-10
ROP,2025-10-23,2025-10-27,2026-01-27,5-10%,-8.231,467.5271,345.6241,stop,15.7361,7357.04,7357.04,5438.77,-26.074,-1918.28,62,15,Information Technology,2025-10
FFIV,2025-10-28,2025-10-29,2026-01-28,5-10%,-9.662,262.6124,290.1196,tp_gap_filled,27.3694,7187.55,7187.55,7940.41,10.474,752.86,61,15,Information Technology,2025-10
GRMN,2025-10-29,2025-10-30,2026-02-02,10%+,-11.052,220.8907,206.7131,time_exit,31.9795,7063.98,7063.98,6610.59,-6.418,-453.39,63,15,Consumer Discretionary,2025-10
GNRC,2025-10-29,2025-10-30,2026-02-02,10%+,-10.912,169.5694,170.789,time_exit,41.5839,7051.36,7051.36,7102.08,0.719,50.72,63,15,Industrials,2025-10
HPE,2025-12-05,2026-01-20,2026-02-04,5-10%,-8.734,20.9209,22.8771,tp_gap_filled,350.7506,7338.02,7338.02,8024.16,9.35,686.14,11,15,Information Technology,2026-01
FTNT,2025-11-06,2026-01-14,2026-02-09,10%+,-11.559,76.1261,85.904,tp_gap_filled,97.7731,7443.08,7443.08,8399.1,12.844,956.02,17,15,Information Technology,2026-01
AXON,2025-11-05,2025-11-11,2026-02-12,10%+,-20.151,564.4039,435.3742,time_exit,12.0796,6817.78,6817.78,5259.15,-22.861,-1558.63,63,15,Industrials,2025-11
EBAY,2025-10-30,2025-11-11,2026-02-12,10%+,-14.004,85.6856,79.3306,time_exit,79.6405,6824.04,6824.04,6317.93,-7.417,-506.12,63,15,Consumer Discretionary,2025-11
ZTS,2025-11-04,2025-11-25,2026-02-27,10%+,-13.523,124.9548,130.9689,time_exit,54.557,6817.17,6817.17,7145.28,4.813,328.11,63,15,Health Care,2025-11
SYF,2026-01-12,2026-01-13,2026-04-15,5-10%,-8.781,79.3393,75.914,time_exit,94.0565,7462.37,7462.37,7140.2,-4.317,-322.17,63,15,Financials,2026-01
UNH,2026-01-27,2026-01-28,2026-04-21,10%+,-16.4,294.264,351.2884,tp_gap_filled,25.0584,7373.77,7373.77,8802.71,19.379,1428.94,57,15,Health Care,2026-01
ABT,2026-01-22,2026-01-23,2026-04-24,10%+,-10.933,107.6375,91.0389,time_exit,69.1421,7442.29,7442.29,6294.62,-15.421,-1147.67,63,15,Health Care,2026-01
CVS,2026-01-27,2026-02-02,2026-04-29,10%+,-10.111,75.4654,83.7861,tp_gap_filled,96.784,7303.84,7303.84,8109.16,11.026,805.31,60,15,Health Care,2026-02
LVS,2026-01-29,2026-02-02,2026-05-04,5-10%,-9.403,55.5555,51.8081,time_exit,131.464,7303.55,7303.55,6810.91,-6.745,-492.64,63,15,Consumer Discretionary,2026-02
APH,2026-01-28,2026-02-03,2026-05-05,10%+,-15.188,70.5705,68.2767,time_exit,103.1737,7281.02,7281.02,7044.36,-3.25,-236.66,63,15,Information Technology,2026-02
SMCI,2026-03-20,2026-03-24,2026-05-06,10%+,-26.859,22.5425,30.7592,tp_gap_filled,311.1607,7014.35,7014.35,9571.06,36.45,2556.71,30,15,Information Technology,2026-03
HUM,2026-01-27,2026-04-21,2026-05-08,10%+,-16.557,220.2,263.3664,tp_gap_filled,34.5779,7614.05,7614.05,9106.65,19.603,1492.6,13,15,Health Care,2026-04
WAT,2026-02-09,2026-02-10,2026-05-12,10%+,-12.851,332.6223,351.8578,time_exit,22.0715,7341.47,7341.47,7766.03,5.783,424.56,63,15,Health Care,2026-02
BAX,2026-02-12,2026-02-13,2026-05-15,10%+,-12.348,19.5395,17.2827,time_exit,374.4832,7317.22,7317.22,6472.08,-11.55,-845.14,63,15,Health Care,2026-02
NOW,2026-04-23,2026-04-24,2026-05-18,10%+,-15.349,87.3372,102.9669,tp_gap_filled,85.9082,7502.99,7502.99,8845.7,17.896,1342.72,16,15,Information Technology,2026-04
IT,2026-02-03,2026-02-23,2026-05-22,10%+,-26.907,148.0879,159.85,time_exit,49.4535,7323.47,7323.47,7905.14,7.943,581.67,63,15,Information Technology,2026-02
PYPL,2026-02-03,2026-02-23,2026-05-22,10%+,-18.049,42.9279,44.1858,time_exit,170.3598,7313.19,7313.19,7527.48,2.93,214.29,63,15,Financials,2026-02
TTD,2026-05-08,2026-05-11,2026-06-01,10%+,-10.707,20.996,23.4665,tp_gap_filled,357.8124,7512.62,7512.62,8396.61,11.767,883.99,14,15,Communication Services,2026-05
ROL,2026-02-12,2026-03-10,2026-06-09,10%+,-15.168,55.7057,47.4825,time_exit,128.6728,7167.8,7167.8,6109.7,-14.762,-1058.1,63,15,Industrials,2026-03
TPR,2026-05-07,2026-05-08,2026-06-12,5-10%,-9.051,135.4954,148.6812,tp_gap_filled,55.9947,7587.02,7587.02,8325.36,9.732,738.34,24,15,Consumer Discretionary,2026-05
MTD,2026-05-08,2026-06-04,2026-07-02,5-10%,-9.569,1194.2431,1317.9707,tp_gap_filled,6.3736,7611.59,7611.59,8400.17,10.36,788.59,19,15,Health Care,2026-06
WTW,2026-04-30,2026-05-01,2026-07-07,10%+,-10.52,259.8496,289.8199,tp_gap_filled,28.8256,7490.32,7490.32,8354.24,11.534,863.91,44,15,Financials,2026-05
COR,2026-05-06,2026-05-19,2026-07-07,10%+,-12.383,268.288,305.5941,tp_gap_filled,28.3212,7598.23,7598.23,8654.78,13.905,1056.55,32,15,Health Care,2026-05
AES,2026-03-02,2026-04-07,2026-07-08,10%+,-16.956,14.3644,14.6254,time_exit,495.1258,7112.16,7112.16,7241.39,1.817,129.23,63,15,Utilities,2026-04
META,2026-04-30,2026-05-06,2026-07-10,5-10%,-7.443,619.9393,668.4509,tp_gap_filled,12.0915,7495.99,7495.99,8082.56,7.825,586.58,44,15,Communication Services,2026-05
HII,2026-02-05,2026-04-28,2026-07-29,10%+,-14.167,354.9646,280.1196,time_exit,21.1024,7490.6,7490.6,5911.19,-21.085,-1579.41,63,15,Industrials,2026-04
REGN,2026-05-18,2026-05-29,2026-07-29,10%+,-11.789,616.5459,697.5517,tp_gap_filled,12.3437,7610.46,7610.46,8610.37,13.139,999.91,41,15,Health Care,2026-05
LULU,2026-06-05,2026-06-18,2026-08-06,10%+,-11.599,110.5404,124.7951,tp_gap_filled,67.3537,7445.3,7445.3,8405.41,12.895,960.1,33,15,Consumer Discretionary,2026-06
HAS,2026-05-20,2026-05-21,2026-08-11,5-10%,-8.407,89.099,97.0828,tp_gap_filled,85.7314,7638.58,7638.58,8323.05,8.961,684.46,55,15,Consumer Discretionary,2026-05
SMCI,2026-06-10,2026-06-22,2026-08-13,10%+,-12.402,35.6356,40.5994,tp_gap_filled,207.487,7393.93,7393.93,8423.84,13.929,1029.92,37,15,Information Technology,2026-06
FOXA,2026-06-15,2026-07-17,2026-08-14,10%+,-13.47,57.037,65.7841,tp_gap_filled,130.8597,7463.84,7463.84,8608.5,15.336,1144.65,20,15,Communication Services,2026-07
FOX,2026-06-15,2026-07-20,2026-08-14,10%+,-11.694,52.082,58.8611,tp_gap_filled,143.8284,7490.88,7490.88,8465.9,13.016,975.02,19,15,Communication Services,2026-07
RDDT,2026-07-31,2026-08-03,2026-08-14,10%+,-17.041,147.8477,177.862,tp_gap_filled,52.3437,7738.89,7738.89,9309.95,20.301,1571.06,9,15,Communication Services,2026-08
FDXF,2026-06-10,2026-06-12,2026-08-25,5-10%,-6.877,175.6755,129.8699,stop,43.0844,7568.88,7568.88,5595.37,-26.074,-1973.51,50,15,Industrials,2026-06
FISV,2026-05-05,2026-06-01,2026-08-31,5-10%,-7.945,57.8778,53.2567,time_exit,130.7018,7564.74,7564.74,6960.75,-7.984,-603.99,63,15,Financials,2026-06
