ticker,gap_date,entry_date,exit_date,bucket,gap_pct,entry_price,exit_price,exit_reason,contracts_shares,position_dollars,pnl_pct,pnl_dollar,days_held
APH,2024-09-04,2024-09-06,2024-09-11,5-10%,-6.316,30.94,30.955,tp_gap_filled,161.6031,5000.0,0.048,2.42,3
AVGO,2024-09-06,2024-09-11,2024-09-12,5-10%,-6.262,148.39,152.82,tp_gap_filled,33.5432,4977.48,2.985,148.6,1
MRNA,2024-09-13,2024-09-17,2024-09-18,5-10%,-5.037,70.11,69.68,tp_gap_filled,71.6127,5020.76,-0.613,-30.79,1
HPE,2024-09-05,2024-09-09,2024-09-19,5-10%,-8.631,17.6,18.77,tp_gap_filled,283.9773,4998.0,6.648,332.25,8
CPRT,2024-09-05,2024-09-16,2024-10-08,5-10%,-5.749,50.59,53.05,tp_gap_filled,99.0617,5011.53,4.863,243.69,16
VST,2024-10-11,2024-10-15,2024-10-16,5-10%,-5.326,132.01,124.11,tp_gap_filled,37.7673,4985.66,-5.984,-298.36,1
HUM,2024-10-15,2024-10-17,2024-10-18,5-10%,-6.114,249.1,267.6,tp_gap_filled,19.8676,4949.02,7.427,367.55,1
TSLA,2024-10-11,2024-10-17,2024-10-24,5-10%,-7.807,221.59,238.77,tp_gap_filled,22.402,4964.05,7.753,384.87,5
RMD,2024-09-18,2024-09-20,2024-10-25,5-10%,-6.876,243.19,250.88,tp_gap_filled,20.6709,5026.95,3.162,158.96,25
GRMN,2024-09-13,2024-09-24,2024-10-30,5-10%,-5.22,175.0,182.76,tp_gap_filled,28.7276,5027.33,4.434,222.93,26
ON,2024-10-28,2024-10-30,2024-10-31,5-10%,-5.544,73.65,71.25,tp_gap_filled,67.3254,4958.51,-3.259,-161.58,1
LEN,2024-10-29,2024-10-31,2024-11-04,5-10%,-7.088,164.8015,168.5286,tp_gap_filled,30.0121,4946.05,2.262,111.86,2
FSLR,2024-10-30,2024-11-01,2024-11-04,5-10%,-6.03,195.85,199.67,tp_gap_filled,25.2791,4950.91,1.95,96.57,1
UNH,2024-10-15,2024-10-17,2024-11-06,5-10%,-8.817,560.58,605.4,tp_gap_filled,8.8538,4963.27,7.995,396.83,14
CSGP,2024-10-23,2024-10-25,2024-11-06,5-10%,-5.763,74.39,76.87,tp_gap_filled,66.8501,4972.98,3.334,165.79,8
TXT,2024-10-24,2024-10-28,2024-11-06,5-10%,-5.606,82.71,86.87,tp_gap_filled,60.0282,4964.94,5.03,249.72,7
FIX,2024-10-25,2024-10-30,2024-11-06,5-10%,-5.688,392.71,413.47,tp_gap_filled,12.6305,4960.13,5.286,262.21,5
HUBB,2024-10-29,2024-10-31,2024-11-06,5-10%,-5.566,428.03,449.67,tp_gap_filled,11.5567,4946.63,5.056,250.09,4
ETN,2024-10-31,2024-11-04,2024-11-06,5-10%,-5.195,332.5,342.81,tp_gap_filled,14.9022,4955.0,3.101,153.64,2
IQV,2024-10-31,2024-11-04,2024-11-06,5-10%,-7.286,203.25,216.04,tp_gap_filled,24.3738,4953.98,6.293,311.74,2
MET,2024-10-31,2024-11-04,2024-11-06,5-10%,-7.947,78.68,83.18,tp_gap_filled,63.0711,4962.43,5.719,283.82,2
CPT,2024-11-01,2024-11-05,2024-11-06,5-10%,-5.182,115.24,115.79,tp_gap_filled,43.6579,5031.14,0.477,24.01,1
PHM,2024-10-29,2024-10-31,2024-11-08,5-10%,-6.939,129.48,133.88,tp_gap_filled,38.2,4946.14,3.398,168.08,6
PYPL,2024-10-29,2024-10-31,2024-11-11,5-10%,-6.64,78.49,83.59,tp_gap_filled,63.0173,4946.23,6.498,321.39,7
CHRW,2024-10-31,2024-11-06,2024-11-11,5-10%,-5.819,106.83,109.64,tp_gap_filled,47.6286,5088.16,2.63,133.84,3
CMG,2024-10-30,2024-11-04,2024-11-12,5-10%,-5.174,58.39,60.49,tp_gap_filled,85.0067,4963.54,3.597,178.51,6
ZBH,2024-09-05,2024-10-31,2024-11-18,5-10%,-5.084,109.7,114.48,tp_gap_filled,45.112,4948.78,4.357,215.64,12
TKO,2024-10-24,2024-11-04,2024-11-18,5-10%,-5.556,118.94,126.0,tp_gap_filled,41.719,4962.05,5.936,294.54,10
F,2024-10-29,2024-11-06,2024-11-22,5-10%,-7.388,10.95,11.37,tp_gap_filled,464.5828,5087.18,3.836,195.12,12
HIG,2024-10-25,2024-11-07,2024-11-22,5-10%,-5.587,115.99,120.46,tp_gap_filled,43.7607,5075.8,3.854,195.61,11
BLDR,2024-10-29,2024-11-06,2024-11-25,5-10%,-5.244,173.21,184.8,tp_gap_filled,29.369,5087.0,6.691,340.39,13
DHI,2024-11-06,2024-11-08,2024-11-25,5-10%,-5.627,168.02,173.27,tp_gap_filled,30.1836,5071.44,3.125,158.46,11
CEG,2024-11-04,2024-11-06,2024-11-26,5-10%,-9.919,238.82,258.1,tp_gap_filled,21.3225,5092.24,8.073,411.1,14
SMCI,2024-10-31,2024-11-25,2024-11-26,5-10%,-9.102,36.03,33.07,tp_gap_filled,144.4287,5203.76,-8.215,-427.51,1
ECHO,2024-11-22,2024-11-26,2024-11-27,5-10%,-6.661,24.06,23.57,tp_gap_filled,214.3617,5157.54,-2.037,-105.04,1
A,2024-11-26,2024-11-29,2024-12-02,5-10%,-5.554,137.27,134.49,tp_gap_filled,37.694,5174.25,-2.025,-104.79,1
ANET,2024-11-08,2024-11-25,2024-12-04,5-10%,-5.698,102.545,107.755,tp_gap_filled,50.8109,5210.41,5.081,264.72,6
HRL,2024-09-04,2024-09-06,2024-12-05,5-10%,-9.928,32.06,32.86,time_exit,155.7018,4991.8,2.495,124.56,63
CNC,2024-09-04,2024-09-13,2024-12-06,5-10%,-7.628,74.9,56.924,stop,66.7733,5001.32,-24.0,-1200.32,59
CVS,2024-10-18,2024-11-07,2024-12-16,5-10%,-6.487,61.29,46.5804,stop,83.1023,5093.34,-24.0,-1222.4,26
INTU,2024-11-19,2024-11-21,2024-12-17,5-10%,-6.292,659.78,678.81,tp_gap_filled,7.6959,5077.63,2.884,146.45,17
CVNA,2025-01-03,2025-01-07,2025-01-08,5-10%,-5.693,39.925,39.912,tp_gap_filled,120.2185,4799.72,-0.033,-1.56,1
ADBE,2024-09-13,2024-12-05,2025-01-10,5-10%,-9.203,534.42,406.1592,stop,9.5844,5122.1,-24.0,-1229.3,23
AOS,2024-10-11,2024-10-15,2025-01-16,5-10%,-6.863,82.5,71.4,time_exit,60.4891,4990.35,-13.455,-671.43,63
AMAT,2024-11-15,2024-11-19,2025-01-16,5-10%,-9.495,168.34,186.0,tp_gap_filled,29.7006,4999.81,10.491,524.51,38
NKE,2024-10-02,2024-10-17,2025-01-21,5-10%,-7.001,84.11,73.17,time_exit,59.0435,4966.15,-13.007,-645.94,63
PNC,2025-01-16,2025-01-21,2025-01-24,5-10%,-7.454,199.38,200.44,tp_gap_filled,24.6868,4922.05,0.532,26.17,3
VEEV,2025-01-23,2025-01-27,2025-01-28,5-10%,-6.644,221.42,229.07,tp_gap_filled,22.3964,4959.0,3.455,171.33,1
MCD,2024-10-23,2024-10-25,2025-01-29,5-10%,-6.966,301.0,290.11,time_exit,16.5225,4973.28,-3.618,-179.93,63
FISV,2024-12-05,2024-12-09,2025-01-29,5-10%,-5.953,207.06,215.85,tp_gap_filled,24.7341,5121.45,4.245,217.41,33
ALLE,2024-10-24,2024-10-28,2025-01-30,5-10%,-5.648,143.13,133.52,time_exit,34.698,4966.32,-6.714,-333.45,63
HOOD,2025-01-27,2025-01-29,2025-01-30,5-10%,-5.458,48.82,51.12,tp_gap_filled,100.3862,4900.86,4.711,230.89,1
PLTR,2025-01-27,2025-01-29,2025-01-30,5-10%,-6.217,79.95,78.98,tp_gap_filled,61.4453,4912.55,-1.213,-59.6,1
CDW,2024-10-30,2024-11-07,2025-02-05,5-10%,-8.954,202.35,219.9,tp_gap_filled,25.1675,5092.65,8.673,441.69,59
CTAS,2024-12-19,2025-01-16,2025-02-06,5-10%,-5.739,196.4,204.39,tp_gap_filled,24.8086,4872.41,4.068,198.22,14
FLEX,2025-01-27,2025-01-31,2025-02-06,5-10%,-5.647,42.32,44.27,tp_gap_filled,116.2752,4920.76,4.608,226.74,4
SWK,2024-10-29,2024-11-06,2025-02-10,5-10%,-7.938,93.5,85.76,time_exit,54.468,5092.76,-8.278,-421.58,63
ADM,2024-11-05,2024-11-07,2025-02-11,5-10%,-8.68,53.18,46.44,time_exit,95.8246,5095.95,-12.674,-645.86,63
DELL,2025-01-27,2025-02-11,2025-02-12,5-10%,-6.26,110.24,113.73,tp_gap_filled,44.8196,4940.91,3.166,156.42,1
AMT,2024-11-06,2024-11-11,2025-02-13,5-10%,-6.102,199.71,189.99,time_exit,25.5167,5095.93,-4.867,-248.02,63
CARR,2024-10-24,2024-11-11,2025-02-13,5-10%,-5.316,76.69,63.67,time_exit,66.3881,5091.3,-16.977,-864.37,63
CHTR,2025-01-30,2025-02-03,2025-02-13,5-10%,-6.437,346.5,359.33,tp_gap_filled,13.9756,4842.55,3.703,179.31,8
APP,2024-12-09,2025-02-05,2025-02-13,5-10%,-7.846,377.37,401.5,tp_gap_filled,13.0382,4920.24,6.394,314.61,6
ABNB,2024-11-08,2024-11-12,2025-02-14,5-10%,-8.618,135.65,147.37,tp_gap_filled,36.9559,5013.07,8.64,433.12,63
MU,2025-01-27,2025-02-11,2025-02-18,5-10%,-8.072,94.25,103.19,tp_gap_filled,52.452,4943.6,9.485,468.92,4
MLM,2025-02-12,2025-02-14,2025-02-18,5-10%,-5.212,535.38,529.0,tp_gap_filled,9.3461,5003.74,-1.192,-59.63,1
KHC,2025-02-12,2025-02-14,2025-02-19,5-10%,-6.93,29.215,29.58,tp_gap_filled,171.3595,5006.27,1.249,62.55,2
TXN,2025-01-24,2025-02-20,2025-02-21,5-10%,-5.289,199.32,200.61,tp_gap_filled,25.177,5018.28,0.647,32.48,1
BG,2025-02-05,2025-02-21,2025-02-24,5-10%,-5.012,71.48,75.02,tp_gap_filled,68.9894,4931.36,4.952,244.22,1
ACGL,2024-11-18,2024-11-22,2025-02-27,5-10%,-5.185,98.62,92.1,time_exit,51.9231,5120.66,-6.611,-338.54,63
AMCR,2024-11-01,2024-11-22,2025-02-27,5-10%,-6.02,52.25,50.3,time_exit,98.0562,5123.43,-3.732,-191.21,63
MDT,2025-02-18,2025-02-24,2025-03-03,5-10%,-5.226,89.54,92.81,tp_gap_filled,54.8692,4912.99,3.652,179.42,5
ZTS,2025-02-13,2025-02-25,2025-03-04,5-10%,-6.838,165.9,173.88,tp_gap_filled,29.5322,4899.39,4.81,235.67,5
BBY,2024-11-26,2024-11-29,2025-03-05,5-10%,-6.955,89.28,75.53,time_exit,57.9701,5175.57,-15.401,-797.09,63
HCA,2025-02-28,2025-03-04,2025-03-05,5-10%,-5.278,311.53,320.94,tp_gap_filled,15.058,4691.02,3.021,141.7,1
ADSK,2024-11-27,2024-12-03,2025-03-07,5-10%,-7.787,294.14,259.75,time_exit,17.5289,5155.95,-11.692,-602.82,63
EBAY,2025-02-27,2025-03-03,2025-03-07,5-10%,-7.015,65.01,69.14,tp_gap_filled,73.5457,4781.21,6.353,303.74,4
SNDK,2025-03-04,2025-03-06,2025-03-07,5-10%,-7.195,47.41,50.31,tp_gap_filled,99.2836,4707.04,6.117,287.92,1
HPQ,2024-11-27,2024-12-04,2025-03-10,5-10%,-6.496,36.89,29.98,time_exit,139.9583,5163.06,-18.731,-967.11,63
INTC,2025-02-19,2025-02-21,2025-03-10,5-10%,-5.148,25.96,19.7296,stop,190.1699,4936.81,-24.0,-1184.83,11
AVGO,2025-03-06,2025-03-10,2025-03-11,5-10%,-5.502,189.6,191.58,tp_gap_filled,24.7087,4684.77,1.044,48.92,1
APP,2025-03-10,2025-03-12,2025-03-13,5-10%,-8.855,285.0,270.48,tp_gap_filled,16.2925,4643.35,-5.095,-236.57,1
CRH,2025-03-10,2025-03-12,2025-03-13,5-10%,-5.24,96.22,97.51,tp_gap_filled,48.095,4627.7,1.341,62.04,1
COHR,2025-03-10,2025-03-12,2025-03-17,5-10%,-6.041,68.97,66.54,tp_gap_filled,67.1777,4633.24,-3.523,-163.24,3
CIEN,2025-03-11,2025-03-13,2025-03-17,5-10%,-5.723,65.75,65.53,tp_gap_filled,69.5618,4573.69,-0.335,-15.3,2
VST,2025-03-06,2025-03-13,2025-03-17,5-10%,-5.242,122.01,126.87,tp_gap_filled,37.3881,4561.72,3.983,181.71,2
FERG,2025-03-11,2025-03-17,2025-03-19,5-10%,-5.847,159.2,165.56,tp_gap_filled,29.5528,4704.81,3.995,187.96,2
HOOD,2025-03-10,2025-03-18,2025-03-21,5-10%,-7.868,40.8,44.42,tp_gap_filled,114.9654,4690.59,8.873,416.17,3
CRWD,2025-03-05,2025-03-18,2025-03-25,5-10%,-7.3,90.525,97.54,tp_gap_filled,51.8079,4689.91,7.749,363.43,5
LEN,2024-12-19,2024-12-23,2025-03-27,5-10%,-6.119,133.2043,117.98,time_exit,36.4064,4849.48,-11.429,-554.26,63
MKC,2025-03-25,2025-03-27,2025-03-28,5-10%,-5.153,80.07,80.34,tp_gap_filled,58.7838,4706.82,0.337,15.87,1
SNPS,2024-12-05,2025-01-23,2025-04-03,5-10%,-7.395,540.76,410.9776,stop,9.1046,4923.4,-24.0,-1181.61,49
ZBRA,2025-02-13,2025-02-19,2025-04-03,5-10%,-6.642,330.18,250.9368,stop,15.2209,5025.64,-24.0,-1206.15,31
USB,2025-01-16,2025-01-21,2025-04-04,5-10%,-5.914,48.66,36.9816,stop,101.1311,4921.04,-24.0,-1181.05,52
ORCL,2025-01-27,2025-01-31,2025-04-04,5-10%,-8.007,170.41,129.5116,stop,28.8532,4916.87,-24.0,-1180.05,44
CNC,2025-02-04,2025-02-06,2025-04-04,5-10%,-7.05,60.09,64.82,tp_gap_filled,82.4226,4952.77,7.872,389.86,40
AMAT,2025-02-14,2025-02-21,2025-04-04,5-10%,-5.117,176.13,133.8588,stop,28.0314,4937.18,-24.0,-1184.92,30
APP,2025-03-31,2025-04-02,2025-04-07,5-10%,-6.039,273.33,207.7308,stop,17.2739,4721.47,-24.0,-1133.15,3
APTV,2024-10-31,2025-01-23,2025-04-09,5-10%,-9.613,63.1,47.956,stop,77.9746,4920.2,-24.0,-1180.85,53
DLTR,2025-04-04,2025-04-08,2025-04-09,5-10%,-7.766,75.0,67.22,tp_gap_filled,55.5567,4166.75,-10.373,-432.23,1
LULU,2025-04-04,2025-04-08,2025-04-09,5-10%,-5.339,269.41,255.65,tp_gap_filled,15.4116,4152.03,-5.107,-212.06,1
RL,2025-04-04,2025-04-08,2025-04-09,5-10%,-5.624,202.63,197.89,tp_gap_filled,20.3429,4122.08,-2.339,-96.43,1
APP,2025-04-07,2025-04-09,2025-04-10,5-10%,-7.107,234.31,219.37,tp_gap_filled,18.4655,4326.65,-6.376,-275.87,1
BRK-B,2025-04-07,2025-04-09,2025-04-10,5-10%,-5.292,490.0,493.54,tp_gap_filled,8.9065,4364.18,0.722,31.53,1
JPM,2025-04-04,2025-04-09,2025-04-10,5-10%,-5.851,212.5,228.69,tp_gap_filled,20.6032,4378.17,7.619,333.57,1
KO,2025-04-07,2025-04-09,2025-04-10,5-10%,-5.291,67.92,69.93,tp_gap_filled,64.792,4400.67,2.959,130.23,1
AVGO,2025-04-03,2025-04-10,2025-04-11,5-10%,-6.712,175.3,172.09,tp_gap_filled,24.1405,4231.83,-1.831,-77.49,1
AXON,2025-04-04,2025-04-10,2025-04-11,5-10%,-5.268,543.85,539.69,tp_gap_filled,7.7746,4228.21,-0.765,-32.34,1
GILD,2025-04-09,2025-04-11,2025-04-14,5-10%,-5.059,102.18,103.19,tp_gap_filled,41.8324,4274.43,0.988,42.25,1
JNJ,2025-04-09,2025-04-11,2025-04-14,5-10%,-5.2,149.33,150.0,tp_gap_filled,28.6444,4277.46,0.449,19.19,1
DD,2025-04-10,2025-04-14,2025-04-22,5-10%,-5.408,77.8117,77.7615,tp_gap_filled,55.2703,4300.68,-0.065,-2.78,5
STT,2025-04-17,2025-04-22,2025-04-23,5-10%,-5.186,82.18,79.63,tp_gap_filled,51.8607,4261.91,-3.103,-132.25,1
AMAT,2025-04-10,2025-04-14,2025-04-24,5-10%,-5.009,146.88,149.73,tp_gap_filled,29.3037,4304.12,1.94,83.52,7
CNC,2025-04-17,2025-04-23,2025-04-24,5-10%,-5.292,60.22,61.98,tp_gap_filled,71.8909,4329.27,2.923,126.53,1
ABNB,2025-04-03,2025-04-10,2025-04-25,5-10%,-5.033,117.61,122.8,tp_gap_filled,36.0796,4243.32,4.413,187.25,10
ARES,2025-04-03,2025-04-24,2025-04-28,5-10%,-5.612,146.35,154.5,tp_gap_filled,30.2757,4430.85,5.569,246.75,2
FE,2025-02-27,2025-04-04,2025-04-29,5-10%,-5.203,41.12,43.05,tp_gap_filled,104.1877,4284.2,4.694,201.08,16
CDNS,2025-02-19,2025-04-28,2025-04-29,5-10%,-5.063,288.02,300.43,tp_gap_filled,15.4834,4459.53,4.309,192.15,1
APH,2025-01-27,2025-01-31,2025-05-01,5-10%,-8.058,36.395,38.595,tp_gap_filled,135.3914,4927.57,6.045,297.86,62
CNC,2025-04-25,2025-04-29,2025-05-07,5-10%,-5.164,59.34,61.58,tp_gap_filled,75.7735,4496.4,3.775,169.73,6
DLR,2025-01-27,2025-02-06,2025-05-08,5-10%,-7.961,168.21,166.7,time_exit,29.4082,4946.76,-0.898,-44.41,63
BAC,2025-04-03,2025-04-24,2025-05-08,5-10%,-7.694,38.66,41.85,tp_gap_filled,114.8698,4440.87,8.251,366.43,10
PODD,2025-04-03,2025-04-08,2025-05-09,5-10%,-5.105,263.82,269.13,tp_gap_filled,15.6744,4135.23,2.013,83.23,22
WSM,2025-03-19,2025-03-21,2025-05-12,5-10%,-8.405,161.14,172.28,tp_gap_filled,29.1689,4700.28,6.913,324.94,35
AMZN,2025-04-03,2025-04-10,2025-05-12,5-10%,-6.637,185.44,196.01,tp_gap_filled,22.8465,4236.65,5.7,241.49,21
J,2025-05-06,2025-05-08,2025-05-12,5-10%,-6.87,119.3861,125.3762,tp_gap_filled,38.1701,4556.98,5.017,228.64,2
BX,2025-04-03,2025-05-09,2025-05-12,5-10%,-6.881,140.42,147.66,tp_gap_filled,32.4976,4563.31,5.156,235.28,1
GNRC,2025-04-03,2025-05-09,2025-05-12,5-10%,-6.202,120.86,128.18,tp_gap_filled,37.6545,4550.92,6.057,275.63,1
ACN,2025-03-20,2025-03-24,2025-05-13,5-10%,-8.728,308.1,324.47,tp_gap_filled,15.4899,4772.45,5.313,253.57,35
LOW,2025-04-03,2025-04-07,2025-05-13,5-10%,-5.309,218.05,235.28,tp_gap_filled,19.4354,4237.88,7.902,334.87,25
CVNA,2025-02-20,2025-05-09,2025-05-13,5-10%,-6.007,56.268,56.364,tp_gap_filled,81.0699,4561.64,0.171,7.78,2
CHRW,2025-01-30,2025-02-12,2025-05-14,5-10%,-7.718,99.01,98.03,time_exit,49.5928,4910.18,-0.99,-48.6,63
CFG,2025-04-03,2025-05-13,2025-05-14,5-10%,-5.185,41.68,41.66,tp_gap_filled,112.9913,4709.48,-0.048,-2.26,1
DELL,2025-02-28,2025-05-13,2025-05-14,5-10%,-6.371,103.89,107.83,tp_gap_filled,45.3501,4711.42,3.792,178.68,1
EXPE,2025-05-09,2025-05-13,2025-05-14,5-10%,-9.705,168.58,168.99,tp_gap_filled,27.9824,4717.27,0.243,11.47,1
WAB,2025-02-12,2025-02-14,2025-05-16,5-10%,-7.746,195.72,205.69,time_exit,25.5467,5000.0,5.094,254.7,63
TAP,2025-05-08,2025-05-12,2025-05-16,5-10%,-7.899,55.22,56.84,tp_gap_filled,85.2943,4709.95,2.934,138.18,4
AON,2025-04-25,2025-04-29,2025-05-19,5-10%,-6.451,340.03,365.05,tp_gap_filled,13.2044,4489.88,7.358,330.37,14
DASH,2025-05-06,2025-05-14,2025-05-20,5-10%,-5.672,197.17,205.4,tp_gap_filled,23.7741,4687.55,4.174,195.66,4
WSM,2025-05-22,2025-05-27,2025-05-28,5-10%,-6.801,160.64,167.92,tp_gap_filled,29.5378,4744.95,4.532,215.03,1
RDDT,2025-05-19,2025-05-21,2025-05-29,5-10%,-7.366,103.09,113.23,tp_gap_filled,45.6775,4708.9,9.836,463.17,5
IFF,2025-02-19,2025-02-28,2025-05-30,5-10%,-6.316,81.59,76.56,time_exit,59.566,4859.99,-6.165,-299.62,63
BALL,2025-02-04,2025-03-03,2025-06-02,5-10%,-6.466,52.52,52.15,time_exit,91.0689,4782.94,-0.704,-33.7,63
CHD,2025-05-01,2025-05-13,2025-06-02,5-10%,-6.392,94.84,99.34,tp_gap_filled,49.6684,4710.55,4.745,223.51,13
NEM,2025-05-12,2025-05-21,2025-06-02,5-10%,-5.484,52.67,53.98,tp_gap_filled,89.4063,4709.03,2.487,117.12,7
TGT,2025-05-21,2025-05-23,2025-06-09,5-10%,-6.747,93.14,98.12,tp_gap_filled,50.1349,4669.57,5.347,249.67,10
WBD,2025-04-03,2025-05-30,2025-06-09,5-10%,-5.019,10.02,10.56,tp_gap_filled,475.5672,4765.18,5.389,256.81,6
LMT,2025-01-28,2025-03-11,2025-06-10,5-10%,-5.954,476.71,476.9,time_exit,9.7331,4639.85,0.04,1.85,63
VZ,2025-03-11,2025-03-14,2025-06-13,5-10%,-6.991,43.16,43.01,time_exit,107.4438,4637.27,-0.348,-16.12,63
DLTR,2025-06-04,2025-06-06,2025-06-13,5-10%,-5.986,96.32,96.72,tp_gap_filled,49.617,4779.11,0.415,19.85,5
ECHO,2025-05-30,2025-06-06,2025-06-16,5-10%,-9.519,18.99,20.17,tp_gap_filled,251.4267,4774.59,6.214,296.68,6
MOS,2025-06-06,2025-06-10,2025-06-16,5-10%,-5.769,34.73,36.4,tp_gap_filled,137.742,4783.78,4.809,230.03,4
CRWD,2025-06-04,2025-06-06,2025-06-17,5-10%,-6.958,115.78,122.19,tp_gap_filled,41.2539,4776.38,5.536,264.44,7
APA,2025-04-03,2025-06-13,2025-06-17,5-10%,-6.968,20.89,21.24,tp_gap_filled,228.2048,4767.2,1.675,79.87,2
HUM,2025-05-22,2025-06-02,2025-06-18,5-10%,-5.766,232.32,245.77,tp_gap_filled,20.4351,4747.48,5.789,274.85,12
CCL,2025-06-13,2025-06-17,2025-06-18,5-10%,-5.473,23.64,23.57,tp_gap_filled,203.3889,4808.11,-0.296,-14.24,1
NCLH,2025-06-13,2025-06-17,2025-06-20,5-10%,-5.075,18.32,18.72,tp_gap_filled,261.9327,4798.61,2.183,104.77,2
SNDK,2025-04-03,2025-06-20,2025-06-23,5-10%,-6.021,46.98,47.67,tp_gap_filled,101.9752,4790.79,1.469,70.36,1
DAL,2025-06-13,2025-06-17,2025-06-24,5-10%,-5.483,48.5,48.88,tp_gap_filled,99.0609,4804.45,0.784,37.64,4
UAL,2025-06-13,2025-06-17,2025-06-24,5-10%,-5.489,77.01,77.43,tp_gap_filled,62.2792,4796.12,0.545,26.16,4
GM,2025-01-28,2025-03-25,2025-06-25,5-10%,-7.174,51.5,48.13,time_exit,92.601,4768.95,-6.544,-312.07,63
NKE,2025-03-21,2025-03-25,2025-06-25,5-10%,-7.334,67.56,60.83,time_exit,70.6631,4774.0,-9.962,-475.56,63
BA,2025-06-12,2025-06-27,2025-06-30,5-10%,-5.528,205.11,214.0,tp_gap_filled,23.5042,4820.94,4.334,208.95,1
UNH,2025-05-21,2025-06-02,2025-07-01,5-10%,-6.4,303.12,321.58,tp_gap_filled,15.6589,4746.53,6.09,289.06,20
FDX,2025-04-03,2025-05-13,2025-07-03,5-10%,-6.114,189.3634,197.5584,tp_gap_filled,24.917,4718.38,4.328,204.2,35
ACN,2025-06-20,2025-06-24,2025-07-08,5-10%,-8.143,295.68,306.38,tp_gap_filled,16.2703,4810.8,3.619,174.09,9
TSLA,2025-07-01,2025-07-03,2025-07-14,5-10%,-6.044,317.99,317.66,tp_gap_filled,15.4178,4902.72,-0.104,-5.09,6
CIEN,2025-06-05,2025-06-25,2025-07-16,5-10%,-8.392,79.75,83.89,tp_gap_filled,59.9798,4783.39,5.191,248.32,14
ALB,2025-07-11,2025-07-15,2025-07-17,5-10%,-5.345,72.77,74.27,tp_gap_filled,66.6909,4853.09,2.061,100.04,2
NOC,2025-04-22,2025-05-01,2025-07-22,5-10%,-8.767,485.17,531.33,tp_gap_filled,9.2817,4503.19,9.514,428.44,55
AAPL,2025-04-03,2025-04-25,2025-07-28,5-10%,-8.196,206.37,214.05,time_exit,21.5772,4452.88,3.721,165.71,63
SJM,2025-06-10,2025-07-17,2025-07-29,5-10%,-6.124,107.65,111.85,tp_gap_filled,45.3168,4878.36,3.902,190.33,8
ON,2025-07-24,2025-07-28,2025-07-29,5-10%,-5.955,57.46,59.61,tp_gap_filled,85.3476,4904.07,3.742,183.5,1
PTC,2025-07-10,2025-07-21,2025-07-31,5-10%,-5.759,200.27,210.47,tp_gap_filled,24.2368,4853.9,5.093,247.21,8
BRO,2025-04-29,2025-05-01,2025-08-01,5-10%,-6.267,111.04,92.24,time_exit,40.5916,4507.29,-16.931,-763.12,63
STX,2025-07-30,2025-08-01,2025-08-04,5-10%,-7.65,153.36,152.68,tp_gap_filled,30.6104,4694.41,-0.443,-20.82,1
TSLA,2025-07-24,2025-07-28,2025-08-08,5-10%,-6.784,318.45,332.56,tp_gap_filled,15.4159,4909.19,4.431,217.52,9
LYB,2025-07-24,2025-07-28,2025-08-11,5-10%,-6.813,63.89,48.5564,stop,76.8188,4907.95,-24.0,-1177.91,10
AMAT,2025-07-31,2025-08-04,2025-08-11,5-10%,-6.077,182.0,189.39,tp_gap_filled,25.9739,4727.25,4.06,191.95,5
AMD,2025-08-06,2025-08-08,2025-08-11,5-10%,-5.312,174.04,174.31,tp_gap_filled,26.7629,4657.81,0.155,7.23,1
MET,2025-08-07,2025-08-11,2025-08-12,5-10%,-5.069,76.36,75.95,tp_gap_filled,60.8506,4646.55,-0.537,-24.95,1
CPAY,2025-04-03,2025-05-13,2025-08-13,5-10%,-5.199,350.78,316.59,time_exit,13.4235,4708.71,-9.747,-458.95,63
EXPD,2025-04-03,2025-05-13,2025-08-13,5-10%,-5.497,116.86,121.89,tp_gap_filled,40.3937,4720.4,4.304,203.18,63
NUE,2025-07-29,2025-07-31,2025-08-13,5-10%,-6.76,142.56,144.52,tp_gap_filled,33.5994,4789.93,1.375,65.86,9
INTC,2025-07-25,2025-07-29,2025-08-14,5-10%,-8.617,20.69,22.63,tp_gap_filled,237.3132,4910.01,9.377,460.39,12
MRK,2025-07-29,2025-07-31,2025-08-15,5-10%,-5.008,80.8,84.06,tp_gap_filled,59.3798,4797.89,4.035,193.58,11
UNH,2025-07-29,2025-07-31,2025-08-15,5-10%,-5.82,261.4,282.12,tp_gap_filled,18.2834,4779.27,7.927,378.83,11
ALB,2025-07-28,2025-08-12,2025-08-18,5-10%,-5.66,78.24,83.74,tp_gap_filled,60.5785,4739.66,7.03,333.18,4
ADBE,2025-03-13,2025-05-19,2025-08-19,5-10%,-7.599,413.53,361.03,time_exit,11.52,4763.87,-12.696,-604.8,63
SNDK,2025-08-15,2025-08-19,2025-08-22,5-10%,-7.755,46.23,46.68,tp_gap_filled,104.639,4837.46,0.973,47.09,3
CVNA,2025-08-20,2025-08-22,2025-08-25,5-10%,-5.008,68.028,68.848,tp_gap_filled,72.2787,4916.98,1.205,59.27,1
FLEX,2025-07-24,2025-07-30,2025-08-26,5-10%,-6.078,51.89,53.8,tp_gap_filled,93.7577,4865.08,3.681,179.08,19
RCL,2025-07-29,2025-07-31,2025-08-26,5-10%,-7.571,333.92,352.0,tp_gap_filled,14.3471,4790.79,5.414,259.4,18
ECHO,2025-08-01,2025-08-25,2025-08-26,5-10%,-9.635,29.95,32.59,tp_gap_filled,163.1489,4886.31,8.815,430.71,1
LLY,2025-08-07,2025-08-15,2025-08-27,5-10%,-9.474,694.2,746.37,tp_gap_filled,6.9251,4807.42,7.515,361.28,8
WDAY,2025-08-22,2025-08-26,2025-08-27,5-10%,-6.02,224.98,227.58,tp_gap_filled,21.9432,4936.79,1.156,57.05,1
ABNB,2025-08-07,2025-08-11,2025-08-28,5-10%,-7.755,120.01,130.5,tp_gap_filled,38.7579,4651.33,8.741,406.57,13
SJM,2025-08-27,2025-08-29,2025-09-02,5-10%,-9.342,107.45,110.58,tp_gap_filled,46.1092,4954.43,2.913,144.32,1
GEHC,2025-07-30,2025-08-13,2025-09-08,5-10%,-5.623,74.41,77.72,tp_gap_filled,64.7794,4820.24,4.448,214.42,17
CRL,2025-08-06,2025-08-20,2025-09-09,5-10%,-6.156,157.95,167.49,tp_gap_filled,30.5439,4824.41,6.04,291.39,13
GDDY,2025-08-08,2025-08-14,2025-09-10,5-10%,-6.502,144.665,150.25,tp_gap_filled,33.1579,4796.79,3.861,185.19,18
EFX,2025-07-22,2025-07-24,2025-09-11,5-10%,-5.731,247.79,259.64,tp_gap_filled,19.8129,4909.44,4.782,234.78,34
SBUX,2025-04-03,2025-06-12,2025-09-12,5-10%,-6.096,94.68,81.9,time_exit,50.8952,4818.76,-13.498,-650.44,63
EOG,2025-04-03,2025-06-16,2025-09-16,5-10%,-5.563,123.39,120.84,time_exit,39.0832,4822.48,-2.067,-99.66,63
FANG,2025-04-03,2025-06-16,2025-09-16,5-10%,-6.459,154.14,138.42,time_exit,31.2837,4822.07,-10.199,-491.78,63
ALB,2025-09-09,2025-09-15,2025-09-16,5-10%,-8.268,78.09,82.0,tp_gap_filled,62.8178,4905.44,5.007,245.62,1
INTU,2025-08-22,2025-08-26,2025-09-19,5-10%,-6.128,658.0,697.76,tp_gap_filled,7.5018,4936.21,6.043,298.27,17
DELL,2025-08-29,2025-09-05,2025-09-22,5-10%,-7.475,127.25,134.05,tp_gap_filled,38.716,4926.61,5.344,263.27,11
AMD,2025-09-18,2025-09-22,2025-09-23,5-10%,-5.152,157.42,159.16,tp_gap_filled,31.6837,4987.64,1.105,55.13,1
CF,2025-08-07,2025-08-14,2025-09-24,5-10%,-6.34,84.59,89.9,tp_gap_filled,56.6836,4794.87,6.277,300.99,28
IBM,2025-07-24,2025-07-29,2025-09-25,5-10%,-7.361,264.3,282.01,tp_gap_filled,18.5841,4911.77,6.701,329.12,41
ETN,2025-08-05,2025-08-11,2025-10-06,5-10%,-6.191,362.4,384.76,tp_gap_filled,12.8257,4648.02,6.17,286.78,39
VRTX,2025-05-06,2025-07-09,2025-10-07,5-10%,-6.923,468.09,410.28,time_exit,10.4026,4869.35,-12.35,-601.37,63
PAYX,2025-09-30,2025-10-02,2025-10-14,5-10%,-5.384,123.63,128.53,tp_gap_filled,40.6321,5023.35,3.963,199.1,8
IP,2025-10-06,2025-10-08,2025-10-14,5-10%,-5.109,45.91,47.17,tp_gap_filled,109.1154,5009.49,2.744,137.49,4
CRM,2025-09-04,2025-09-08,2025-10-16,5-10%,-6.391,250.8,256.45,tp_gap_filled,19.6662,4932.29,2.253,111.11,28
SNDK,2025-10-14,2025-10-16,2025-10-17,5-10%,-8.187,146.0,134.61,tp_gap_filled,33.9324,4954.13,-7.801,-386.49,1
TRV,2025-10-16,2025-10-20,2025-10-21,5-10%,-6.253,264.4,269.45,tp_gap_filled,18.857,4985.78,1.91,95.23,1
RVTY,2025-07-28,2025-07-30,2025-10-28,5-10%,-9.395,94.93,96.45,time_exit,51.2087,4861.24,1.601,77.84,63
PYPL,2025-07-29,2025-10-08,2025-10-28,5-10%,-8.297,75.235,78.22,tp_gap_filled,66.6389,5013.58,3.968,198.92,14
HAS,2025-10-23,2025-10-27,2025-10-28,5-10%,-5.535,77.53,75.16,tp_gap_filled,64.4848,4999.51,-3.057,-152.83,1
IBM,2025-10-23,2025-10-27,2025-10-28,5-10%,-7.847,307.8,287.51,tp_gap_filled,16.2486,5001.31,-6.592,-329.68,1
JBL,2025-09-25,2025-09-29,2025-10-29,5-10%,-8.243,218.5,225.28,tp_gap_filled,22.935,5011.29,3.103,155.5,22
CNC,2025-10-23,2025-10-27,2025-10-29,5-10%,-7.218,34.06,36.02,tp_gap_filled,146.9816,5006.19,5.755,288.08,2
TT,2025-07-30,2025-08-01,2025-10-30,5-10%,-7.746,432.69,446.37,time_exit,10.8545,4696.63,3.162,148.49,63
RDDT,2025-10-01,2025-10-27,2025-10-31,5-10%,-7.387,219.7,229.99,tp_gap_filled,22.7838,5005.61,4.684,234.45,4
GLW,2025-10-28,2025-10-30,2025-10-31,5-10%,-5.662,88.81,89.37,tp_gap_filled,55.5256,4931.23,0.631,31.09,1
BIIB,2025-10-30,2025-11-03,2025-11-04,5-10%,-5.248,153.6,147.86,tp_gap_filled,32.2195,4948.91,-3.737,-184.94,1
FLEX,2025-10-29,2025-10-31,2025-11-05,5-10%,-7.423,64.8,64.26,tp_gap_filled,76.6982,4970.04,-0.833,-41.42,3
IR,2025-08-01,2025-08-14,2025-11-12,5-10%,-6.416,79.88,77.71,time_exit,60.0285,4795.08,-2.717,-130.26,63
CVS,2025-10-30,2025-11-03,2025-11-12,5-10%,-5.608,78.06,80.6,tp_gap_filled,63.154,4929.8,3.254,160.41,7
DE,2025-08-14,2025-08-18,2025-11-14,5-10%,-5.557,486.35,476.23,time_exit,9.9135,4821.42,-2.081,-100.32,63
AJG,2025-10-31,2025-11-04,2025-11-14,5-10%,-7.358,244.5,262.03,tp_gap_filled,20.0119,4892.91,7.17,350.81,8
ADM,2025-11-04,2025-11-06,2025-11-18,5-10%,-6.557,56.13,60.09,tp_gap_filled,86.7708,4870.45,7.055,343.61,8
WM,2025-10-28,2025-10-31,2025-11-19,5-10%,-6.919,200.1,213.77,tp_gap_filled,24.7979,4962.07,6.832,338.99,13
AMAT,2025-11-14,2025-11-18,2025-11-19,5-10%,-8.726,226.48,223.23,tp_gap_filled,21.2905,4821.86,-1.435,-69.19,1
CIEN,2025-11-14,2025-11-18,2025-11-20,5-10%,-5.231,189.03,194.21,tp_gap_filled,25.5008,4820.42,2.74,132.09,2
HOOD,2025-11-14,2025-11-18,2025-11-20,5-10%,-5.25,113.91,121.53,tp_gap_filled,42.295,4817.83,6.689,322.29,2
PHM,2025-10-21,2025-10-23,2025-11-25,5-10%,-5.979,120.56,123.27,tp_gap_filled,41.3469,4984.79,2.248,112.05,23
DELL,2025-11-17,2025-11-25,2025-11-26,5-10%,-7.297,123.09,133.76,tp_gap_filled,40.2416,4953.34,8.668,429.38,1
DLTR,2025-09-03,2025-09-08,2025-11-28,5-10%,-9.475,101.05,111.35,tp_gap_filled,48.8247,4933.74,10.193,502.89,58
DHI,2025-10-28,2025-10-30,2025-11-28,5-10%,-6.836,148.0,158.86,tp_gap_filled,33.3046,4929.08,7.338,361.69,20
HD,2025-11-18,2025-11-24,2025-12-01,5-10%,-5.041,342.2,358.03,tp_gap_filled,14.2149,4864.36,4.626,225.02,4
AMD,2025-11-25,2025-11-28,2025-12-01,5-10%,-6.31,216.14,215.05,tp_gap_filled,23.3486,5046.56,-0.504,-25.45,1
MCHP,2025-11-07,2025-12-03,2025-12-04,5-10%,-5.307,59.3,59.35,tp_gap_filled,85.1989,5052.29,0.084,4.26,1
TXN,2025-09-04,2025-09-08,2025-12-05,5-10%,-6.12,188.15,182.54,time_exit,26.201,4929.71,-2.982,-146.99,63
FCX,2025-09-24,2025-10-09,2025-12-05,5-10%,-7.782,44.53,45.36,tp_gap_filled,111.997,4987.23,1.864,92.96,40
HPE,2025-10-16,2025-10-22,2025-12-10,5-10%,-8.267,23.14,25.04,tp_gap_filled,213.7678,4946.59,8.211,406.16,34
NEM,2025-10-21,2025-11-12,2025-12-10,5-10%,-6.176,90.45,94.89,tp_gap_filled,54.9048,4966.14,4.909,243.78,19
VRSN,2025-07-29,2025-09-12,2025-12-11,5-10%,-5.876,287.86,244.07,time_exit,17.0226,4900.12,-15.212,-745.42,63
CCL,2025-11-04,2025-11-13,2025-12-15,5-10%,-5.956,27.11,28.71,tp_gap_filled,181.3015,4915.08,5.902,290.08,21
CMCSA,2025-10-30,2025-11-03,2025-12-16,5-10%,-8.552,25.9044,26.7385,tp_gap_filled,190.535,4935.69,3.22,158.93,30
NCLH,2025-11-04,2025-12-12,2025-12-17,5-10%,-8.025,20.98,22.18,tp_gap_filled,244.6814,5133.41,5.72,293.62,3
FDX,2025-12-19,2025-12-23,2025-12-24,5-10%,-5.245,236.0999,231.3618,tp_gap_filled,21.7791,5142.05,-2.007,-103.19,1
EFX,2025-10-02,2025-10-06,2026-01-06,5-10%,-7.576,235.67,212.25,time_exit,21.2516,5008.36,-9.938,-497.71,63
HUM,2025-11-05,2025-12-12,2026-01-06,5-10%,-7.496,267.36,281.87,tp_gap_filled,19.1965,5132.37,5.427,278.54,15
SNDK,2025-11-13,2026-01-05,2026-01-06,5-10%,-5.334,284.22,283.1,tp_gap_filled,18.1556,5160.18,-0.394,-20.33,1
NKE,2025-12-19,2025-12-26,2026-01-08,5-10%,-9.797,60.0,65.63,tp_gap_filled,85.6809,5140.86,9.383,482.38,8
MAS,2025-10-29,2025-10-31,2026-01-09,5-10%,-5.743,64.56,68.43,tp_gap_filled,76.8479,4961.3,5.994,297.4,47
TT,2026-01-06,2026-01-08,2026-01-13,5-10%,-6.1,375.28,390.97,tp_gap_filled,13.8689,5204.74,4.181,217.6,3
MOS,2025-10-10,2025-10-14,2026-01-14,5-10%,-8.493,30.52,27.64,time_exit,162.2588,4952.14,-9.436,-467.31,63
FERG,2025-12-09,2026-01-12,2026-01-14,5-10%,-5.37,237.58,245.8,tp_gap_filled,21.8525,5191.72,3.46,179.63,2
MPWR,2025-10-31,2026-01-20,2026-01-21,5-10%,-6.197,1009.51,1087.5601,tp_gap_filled,5.0431,5091.11,7.731,393.62,1
ARE,2025-10-30,2025-11-03,2026-01-22,5-10%,-5.82,56.84,58.76,tp_gap_filled,87.1556,4953.92,3.378,167.34,54
BSX,2026-01-15,2026-01-21,2026-01-26,5-10%,-5.846,91.7,93.74,tp_gap_filled,56.1973,5153.29,2.225,114.64,3
ROP,2025-10-23,2025-10-27,2026-01-27,5-10%,-8.231,476.52,362.1552,stop,10.5034,5005.09,-24.0,-1201.22,62
CIEN,2026-01-20,2026-01-22,2026-01-27,5-10%,-5.862,236.62,243.42,tp_gap_filled,21.8948,5180.75,2.874,148.88,3
KHC,2026-01-21,2026-01-23,2026-01-27,5-10%,-6.439,22.68,23.76,tp_gap_filled,226.0095,5125.9,4.762,244.09,2
FFIV,2025-10-28,2025-12-12,2026-01-28,5-10%,-9.662,264.53,290.41,tp_gap_filled,19.4087,5134.17,9.783,502.3,30
RCL,2025-10-28,2025-12-23,2026-01-29,5-10%,-7.688,300.5,320.26,tp_gap_filled,17.1181,5143.99,6.576,338.25,24
DECK,2026-01-07,2026-01-09,2026-01-30,5-10%,-6.012,107.59,107.46,tp_gap_filled,48.5394,5222.35,-0.121,-6.31,14
JCI,2026-01-06,2026-01-16,2026-02-02,5-10%,-7.356,113.75,121.53,tp_gap_filled,45.2022,5141.75,6.84,351.67,10
WDAY,2025-11-26,2025-12-01,2026-02-03,5-10%,-7.852,213.74,162.4424,stop,23.5858,5041.24,-24.0,-1209.9,43
CHTR,2025-10-30,2025-11-03,2026-02-04,5-10%,-6.855,231.31,224.18,time_exit,21.3801,4945.43,-3.082,-152.44,63
OTIS,2026-01-28,2026-01-30,2026-02-05,5-10%,-6.306,86.46,90.55,tp_gap_filled,60.1458,5200.21,4.731,246.0,4
SWKS,2026-01-28,2026-01-30,2026-02-05,5-10%,-8.609,55.22,60.05,tp_gap_filled,94.1159,5197.08,8.747,454.58,4
AMD,2026-01-30,2026-02-03,2026-02-05,5-10%,-6.047,251.55,191.178,stop,20.4275,5138.54,-24.0,-1233.25,2
URI,2026-01-29,2026-02-05,2026-02-06,5-10%,-6.436,831.65,903.19,tp_gap_filled,6.0889,5063.81,8.602,435.6,1
NTAP,2026-01-20,2026-01-23,2026-02-09,5-10%,-5.22,99.15,103.84,tp_gap_filled,51.8411,5140.05,4.73,243.13,11
ADM,2026-02-03,2026-02-05,2026-02-10,5-10%,-8.314,67.56,68.08,tp_gap_filled,75.0711,5071.8,0.77,39.04,3
ABBV,2026-02-04,2026-02-06,2026-02-10,5-10%,-7.037,218.75,225.66,tp_gap_filled,23.6602,5175.67,3.159,163.49,2
LITE,2026-02-05,2026-02-09,2026-02-10,5-10%,-6.298,556.72,465.54,tp_gap_filled,9.3694,5216.13,-16.378,-854.3,1
RL,2026-02-05,2026-02-09,2026-02-10,5-10%,-8.238,342.91,354.7,tp_gap_filled,15.2393,5225.7,3.438,179.67,1
FCX,2026-01-30,2026-02-04,2026-02-11,5-10%,-5.205,64.98,65.13,tp_gap_filled,79.1796,5145.09,0.231,11.88,5
CCI,2026-02-05,2026-02-09,2026-02-11,5-10%,-7.386,81.04,86.11,tp_gap_filled,64.1012,5194.76,6.256,324.99,2
CMI,2026-02-05,2026-02-09,2026-02-11,5-10%,-6.78,580.15,605.63,tp_gap_filled,8.9654,5201.3,4.392,228.44,2
CNC,2026-02-06,2026-02-10,2026-02-11,5-10%,-6.713,38.46,39.92,tp_gap_filled,134.9412,5189.84,3.796,197.01,1
ALB,2026-01-30,2026-02-04,2026-02-12,5-10%,-7.355,171.5,180.7,tp_gap_filled,30.0254,5149.36,5.364,276.23,6
LITE,2026-02-10,2026-02-12,2026-02-13,5-10%,-5.013,593.35,577.15,tp_gap_filled,8.554,5075.52,-2.73,-138.57,1
ES,2025-11-19,2026-01-21,2026-02-17,5-10%,-5.541,71.32,74.54,tp_gap_filled,72.2564,5153.32,4.515,232.67,18
HUM,2026-02-11,2026-02-13,2026-02-17,5-10%,-5.703,178.84,181.3,tp_gap_filled,28.6444,5122.77,1.376,70.47,1
NEM,2026-01-30,2026-02-10,2026-02-18,5-10%,-7.035,119.81,126.93,tp_gap_filled,43.382,5197.6,5.943,308.88,5
MCO,2026-02-10,2026-02-17,2026-02-18,5-10%,-7.382,430.25,449.47,tp_gap_filled,11.889,5115.23,4.467,228.51,1
OMC,2026-02-03,2026-02-11,2026-02-19,5-10%,-6.194,72.51,76.52,tp_gap_filled,71.6975,5198.78,5.53,287.51,5
NCLH,2026-02-13,2026-02-18,2026-02-19,5-10%,-5.462,23.82,23.25,tp_gap_filled,217.3674,5177.69,-2.393,-123.9,1
CRL,2026-02-12,2026-02-17,2026-02-20,5-10%,-5.115,160.74,165.98,tp_gap_filled,31.8618,5121.47,3.26,166.96,3
DHR,2026-02-17,2026-02-19,2026-02-20,5-10%,-5.071,207.03,212.58,tp_gap_filled,25.0044,5176.67,2.681,138.77,1
DELL,2026-02-12,2026-02-20,2026-02-23,5-10%,-5.364,117.76,124.16,tp_gap_filled,44.2804,5214.46,5.435,283.39,1
PGR,2025-10-15,2025-11-24,2026-02-26,5-10%,-5.932,227.33,211.73,time_exit,21.3802,4860.36,-6.862,-333.53,63
NFLX,2026-01-21,2026-01-23,2026-02-27,5-10%,-5.432,83.43,87.26,tp_gap_filled,61.5099,5131.77,4.591,235.58,24
IQV,2026-02-12,2026-02-17,2026-02-27,5-10%,-8.043,166.21,177.18,tp_gap_filled,30.7921,5117.95,6.6,337.79,8
STLD,2026-02-13,2026-02-18,2026-03-02,5-10%,-5.268,194.06,199.51,tp_gap_filled,26.7106,5183.45,2.808,145.57,8
EXE,2026-02-09,2026-02-23,2026-03-02,5-10%,-5.309,108.0,110.37,tp_gap_filled,47.3046,5108.89,2.194,112.11,5
PANW,2026-02-18,2026-02-20,2026-03-05,5-10%,-8.532,150.36,163.5,tp_gap_filled,34.7462,5224.44,8.739,456.57,9
EXPE,2026-02-13,2026-02-27,2026-03-05,5-10%,-6.707,209.91,227.24,tp_gap_filled,25.021,5252.16,8.256,433.61,4
MRVL,2025-12-08,2025-12-11,2026-03-16,5-10%,-8.553,90.98,91.58,time_exit,56.5903,5148.58,0.659,33.95,63
DIS,2025-11-13,2025-12-12,2026-03-17,5-10%,-6.652,111.73,100.3,time_exit,45.9543,5134.47,-10.23,-525.26,63
AMAT,2026-03-03,2026-03-05,2026-03-23,5-10%,-5.718,351.04,372.18,tp_gap_filled,15.1072,5303.25,6.022,319.37,12
ALB,2026-03-03,2026-03-05,2026-03-25,5-10%,-7.178,165.81,178.18,tp_gap_filled,32.002,5306.25,7.46,395.86,14
CF,2026-03-23,2026-03-25,2026-03-26,5-10%,-7.75,125.57,124.9,tp_gap_filled,40.4023,5073.32,-0.534,-27.07,1
COF,2026-01-12,2026-01-14,2026-03-27,5-10%,-7.725,230.31,175.0356,stop,22.4261,5164.95,-24.0,-1239.59,50
CRWD,2026-03-27,2026-03-31,2026-04-01,5-10%,-5.545,95.475,98.155,tp_gap_filled,52.4001,5002.9,2.807,140.43,1
PANW,2026-03-27,2026-03-31,2026-04-01,5-10%,-5.634,155.03,156.36,tp_gap_filled,32.3065,5008.48,0.858,42.97,1
AMZN,2026-02-06,2026-02-10,2026-04-08,5-10%,-8.977,208.8,222.69,tp_gap_filled,24.8665,5192.13,6.652,345.4,39
SNDK,2026-03-19,2026-03-23,2026-04-08,5-10%,-6.175,716.0,753.69,tp_gap_filled,7.1408,5112.79,5.264,269.14,11
APP,2026-03-26,2026-04-07,2026-04-08,5-10%,-5.575,407.37,436.69,tp_gap_filled,12.5184,5099.61,7.197,367.04,1
COHR,2026-04-02,2026-04-07,2026-04-08,5-10%,-5.165,251.87,247.8,tp_gap_filled,20.2546,5101.53,-1.616,-82.44,1
WDAY,2026-02-09,2026-02-11,2026-04-09,5-10%,-8.108,153.02,116.2952,stop,33.8998,5187.35,-24.0,-1244.96,39
CSGP,2026-02-25,2026-03-04,2026-04-13,5-10%,-5.209,46.81,35.5756,stop,112.1863,5251.44,-24.0,-1260.35,27
ANET,2025-11-05,2026-01-27,2026-04-14,5-10%,-7.086,144.86,153.55,tp_gap_filled,35.5874,5155.19,5.999,309.25,53
GOOGL,2026-02-05,2026-02-09,2026-04-14,5-10%,-6.252,320.93,333.04,tp_gap_filled,16.2446,5213.38,3.773,196.72,44
CVNA,2026-02-19,2026-02-27,2026-04-14,5-10%,-5.43,68.765,72.306,tp_gap_filled,76.4859,5259.55,5.149,270.84,31
GOOG,2026-02-05,2026-02-09,2026-04-15,5-10%,-6.042,321.24,333.34,tp_gap_filled,16.2209,5210.81,3.767,196.27,45
MU,2026-03-19,2026-04-14,2026-04-15,5-10%,-7.961,434.35,461.73,tp_gap_filled,12.1117,5260.7,6.304,331.62,1
SYF,2026-01-12,2026-01-20,2026-04-21,5-10%,-8.781,77.73,77.63,time_exit,65.5784,5097.41,-0.129,-6.56,63
BG,2026-04-08,2026-04-10,2026-04-22,5-10%,-5.298,123.33,127.03,tp_gap_filled,41.8546,5161.93,3.0,154.86,8
APA,2026-04-17,2026-04-21,2026-04-22,5-10%,-8.654,36.2,37.9,tp_gap_filled,144.9614,5247.6,4.696,246.43,1
CF,2026-04-17,2026-04-21,2026-04-23,5-10%,-8.588,115.64,124.71,tp_gap_filled,45.4665,5257.75,7.843,412.38,2
VLO,2026-04-17,2026-04-22,2026-04-28,5-10%,-5.605,236.4,241.74,tp_gap_filled,22.5336,5326.95,2.259,120.33,4
DVN,2026-04-08,2026-04-10,2026-04-29,5-10%,-7.367,47.63,49.95,tp_gap_filled,108.3686,5161.6,4.871,251.42,13
ROP,2026-01-27,2026-02-02,2026-05-04,5-10%,-9.829,372.79,355.23,time_exit,13.9236,5190.58,-4.71,-244.5,63
CRM,2026-04-23,2026-04-27,2026-05-04,5-10%,-6.449,178.26,189.8,tp_gap_filled,29.7415,5301.72,6.474,343.22,5
LVS,2026-01-29,2026-02-03,2026-05-05,5-10%,-9.403,55.34,52.26,time_exit,92.6797,5128.9,-5.566,-285.45,63
ELV,2026-01-27,2026-04-28,2026-05-06,5-10%,-6.72,359.17,376.93,tp_gap_filled,14.7073,5282.44,4.945,261.2,6
F,2026-04-30,2026-05-04,2026-05-06,5-10%,-5.637,11.85,12.24,tp_gap_filled,450.2087,5334.97,3.291,175.58,2
IP,2026-04-30,2026-05-04,2026-05-06,5-10%,-5.926,32.42,33.58,tp_gap_filled,164.3151,5327.09,3.578,190.61,2
HON,2026-04-23,2026-04-27,2026-05-11,5-10%,-5.501,223.7651,230.6974,tp_gap_filled,23.706,5304.57,3.098,164.34,10
DG,2026-03-12,2026-03-16,2026-05-13,5-10%,-9.176,133.07,101.1332,stop,38.6275,5140.17,-24.0,-1233.64,41
XYL,2026-02-10,2026-02-12,2026-05-14,5-10%,-9.951,127.94,109.44,time_exit,39.6381,5071.29,-14.46,-733.3,63
OXY,2026-05-06,2026-05-13,2026-05-15,5-10%,-6.437,56.22,59.34,tp_gap_filled,91.5268,5145.64,5.55,285.56,2
VST,2026-01-16,2026-02-17,2026-05-18,5-10%,-7.01,170.88,136.75,time_exit,29.9102,5111.05,-19.973,-1020.83,63
EOG,2026-04-08,2026-04-10,2026-05-19,5-10%,-6.094,135.01,144.23,tp_gap_filled,38.2377,5162.47,6.829,352.55,27
AIG,2026-01-06,2026-02-19,2026-05-20,5-10%,-5.558,79.7,78.03,time_exit,64.9584,5177.19,-2.095,-108.48,63
SOLV,2026-02-27,2026-03-03,2026-05-21,5-10%,-5.121,72.0,76.94,tp_gap_filled,72.3108,5206.38,6.861,357.22,56
IBM,2026-04-23,2026-04-29,2026-05-21,5-10%,-7.778,230.34,251.86,tp_gap_filled,22.9178,5278.88,9.343,493.19,16
INTC,2026-05-15,2026-05-20,2026-05-21,5-10%,-5.296,116.22,115.93,tp_gap_filled,44.974,5226.88,-0.25,-13.04,1
MU,2026-05-15,2026-05-22,2026-05-26,5-10%,-5.598,756.82,776.01,tp_gap_filled,6.9607,5268.02,2.536,133.58,1
ADI,2026-05-20,2026-05-26,2026-05-27,5-10%,-5.868,406.25,414.31,tp_gap_filled,12.9539,5262.54,1.984,104.41,1
CEG,2026-01-16,2026-02-26,2026-05-28,5-10%,-5.495,324.51,286.31,time_exit,16.1965,5255.94,-11.772,-618.71,63
BSX,2026-03-30,2026-04-16,2026-05-28,5-10%,-7.185,64.77,49.2252,stop,82.2639,5328.23,-24.0,-1278.78,29
FCX,2026-05-15,2026-05-22,2026-05-29,5-10%,-5.972,62.71,66.14,tp_gap_filled,84.2265,5281.84,5.47,288.9,4
ADBE,2026-03-13,2026-03-17,2026-06-01,5-10%,-7.703,252.99,269.78,tp_gap_filled,20.5302,5193.93,6.637,344.7,52
AKAM,2026-05-19,2026-05-21,2026-06-01,5-10%,-5.313,142.06,150.77,tp_gap_filled,36.9458,5248.51,6.131,321.8,6
LITE,2026-05-15,2026-05-22,2026-06-02,5-10%,-6.01,965.15,1001.81,tp_gap_filled,5.4634,5273.01,3.798,200.29,6
ETN,2026-05-05,2026-05-07,2026-06-03,5-10%,-5.84,419.0,422.44,tp_gap_filled,12.6448,5298.18,0.821,43.5,18
CDW,2026-05-06,2026-06-02,2026-06-03,5-10%,-6.798,140.46,136.8,tp_gap_filled,37.3435,5245.27,-2.606,-136.68,1
COHR,2026-05-15,2026-06-03,2026-06-04,5-10%,-5.487,435.98,404.94,tp_gap_filled,12.0138,5237.8,-7.12,-372.91,1
PODD,2026-05-27,2026-06-01,2026-06-05,5-10%,-6.372,146.51,153.8,tp_gap_filled,35.5706,5211.45,4.976,259.31,4
ARES,2026-06-03,2026-06-05,2026-06-08,5-10%,-5.597,129.85,128.28,tp_gap_filled,39.9701,5190.12,-1.209,-62.75,1
KKR,2026-06-03,2026-06-05,2026-06-08,5-10%,-5.347,95.88,94.45,tp_gap_filled,54.0439,5181.73,-1.491,-77.28,1
TPR,2026-05-07,2026-05-21,2026-06-12,5-10%,-9.051,135.84,148.83,tp_gap_filled,38.6943,5256.24,9.563,502.64,15
MRVL,2026-06-04,2026-06-09,2026-06-15,5-10%,-6.199,299.76,301.65,tp_gap_filled,17.3161,5190.67,0.63,32.73,4
CCL,2026-03-02,2026-04-20,2026-06-17,5-10%,-8.558,28.76,31.55,tp_gap_filled,182.9019,5260.26,9.701,510.3,41
PH,2026-04-30,2026-05-07,2026-06-17,5-10%,-5.435,904.46,947.5,tp_gap_filled,5.844,5285.63,4.759,251.52,28
ANET,2026-06-04,2026-06-15,2026-06-22,5-10%,-6.475,165.96,174.37,tp_gap_filled,31.0056,5145.68,5.067,260.76,4
LYB,2026-04-08,2026-04-13,2026-06-24,5-10%,-9.494,75.5,57.38,stop,69.5936,5254.32,-24.0,-1261.04,50
SYY,2026-03-30,2026-04-09,2026-06-25,5-10%,-8.509,74.7,81.8,tp_gap_filled,69.4099,5184.92,9.505,492.81,53
HUBB,2026-04-30,2026-05-05,2026-06-25,5-10%,-5.849,519.55,545.93,tp_gap_filled,10.2834,5342.76,5.077,271.28,35
ZBH,2026-04-28,2026-06-10,2026-06-25,5-10%,-5.389,89.8,92.59,tp_gap_filled,56.705,5092.11,3.107,158.21,10
AMAT,2026-06-23,2026-06-25,2026-06-26,5-10%,-9.099,637.74,640.18,tp_gap_filled,7.9708,5083.31,0.383,19.45,1
CIEN,2026-06-23,2026-06-25,2026-06-26,5-10%,-5.068,477.42,460.33,tp_gap_filled,10.6461,5082.67,-3.58,-181.94,1
CRWD,2026-06-04,2026-06-12,2026-06-29,5-10%,-9.837,172.665,186.9025,tp_gap_filled,29.9256,5167.1,8.246,426.07,10
KLAC,2026-06-23,2026-06-26,2026-06-29,5-10%,-7.839,246.77,269.16,tp_gap_filled,20.4452,5045.26,9.073,457.77,1
CF,2026-06-15,2026-06-17,2026-06-30,5-10%,-5.636,105.45,109.48,tp_gap_filled,48.1681,5079.32,3.822,194.12,8
AMD,2026-06-23,2026-06-25,2026-06-30,5-10%,-7.714,543.93,551.63,tp_gap_filled,9.3677,5095.37,1.416,72.13,3
QCOM,2026-06-01,2026-06-03,2026-07-02,5-10%,-7.047,235.02,178.6152,stop,22.2392,5226.66,-24.0,-1254.4,20
ANET,2026-06-23,2026-06-26,2026-07-06,5-10%,-5.23,159.94,174.56,tp_gap_filled,31.5678,5048.96,9.141,461.52,5
COHR,2026-06-23,2026-06-25,2026-07-07,5-10%,-8.647,415.18,315.5368,stop,12.2514,5086.54,-24.0,-1220.77,7
SNDK,2026-06-26,2026-07-01,2026-07-07,5-10%,-7.067,2085.1699,1584.7291,stop,2.429,5064.84,-24.0,-1215.56,3
META,2026-04-30,2026-05-28,2026-07-10,5-10%,-7.443,639.5,669.12,tp_gap_filled,8.1288,5198.37,4.632,240.78,29
AMD,2026-07-07,2026-07-09,2026-07-10,5-10%,-6.547,537.27,552.05,tp_gap_filled,9.3056,4999.62,2.751,137.54,1
SNDK,2026-07-07,2026-07-09,2026-07-10,5-10%,-7.174,1835.613,1744.4301,tp_gap_filled,2.721,4994.61,-4.967,-248.1,1
COP,2026-04-08,2026-04-10,2026-07-13,5-10%,-7.293,123.3,112.85,time_exit,41.8748,5163.17,-8.475,-437.59,63
IBM,2026-07-09,2026-07-13,2026-07-14,5-10%,-5.367,290.5,220.78,stop,17.4102,5057.66,-24.0,-1213.84,1
NOW,2026-07-09,2026-07-13,2026-07-14,5-10%,-5.335,109.5,107.78,tp_gap_filled,46.1865,5057.42,-1.571,-79.44,1
CVX,2026-04-08,2026-04-14,2026-07-15,5-10%,-5.026,188.6,181.6,time_exit,27.9051,5262.9,-3.712,-195.34,63
PYPL,2026-05-05,2026-05-07,2026-07-15,5-10%,-9.962,46.43,50.39,tp_gap_filled,113.7301,5280.49,8.529,450.37,46
MU,2026-06-26,2026-06-30,2026-07-16,5-10%,-6.137,1144.73,869.9948,stop,4.4356,5077.62,-24.0,-1218.63,11
ACN,2026-07-14,2026-07-16,2026-07-17,5-10%,-5.804,138.93,138.52,tp_gap_filled,35.6571,4953.84,-0.295,-14.62,1
CRM,2026-07-14,2026-07-16,2026-07-17,5-10%,-5.099,170.84,171.22,tp_gap_filled,29.0562,4963.96,0.222,11.04,1
CSGP,2026-07-14,2026-07-16,2026-07-17,5-10%,-6.152,29.07,28.77,tp_gap_filled,170.8509,4966.64,-1.032,-51.26,1
LH,2026-07-14,2026-07-16,2026-07-17,5-10%,-5.266,268.74,276.68,tp_gap_filled,18.539,4982.17,2.955,147.2,1
OXY,2026-06-15,2026-06-17,2026-07-22,5-10%,-5.465,53.48,56.54,tp_gap_filled,94.9941,5080.28,5.722,290.68,23
FIX,2026-07-17,2026-07-21,2026-07-22,5-10%,-6.22,1784.95,1680.6,tp_gap_filled,2.8085,5013.09,-5.846,-293.07,1
APA,2026-06-15,2026-07-09,2026-07-23,5-10%,-6.186,34.59,37.02,tp_gap_filled,144.6665,5004.02,7.025,351.54,10
HCA,2026-07-14,2026-07-16,2026-07-24,5-10%,-9.313,379.0,390.74,tp_gap_filled,13.1339,4977.74,3.098,154.19,6
GPC,2026-07-21,2026-07-23,2026-07-24,5-10%,-6.054,121.13,122.4,tp_gap_filled,41.0233,4969.15,1.048,52.1,1
NOC,2026-07-21,2026-07-23,2026-07-24,5-10%,-6.481,537.19,523.96,tp_gap_filled,9.2461,4966.93,-2.463,-122.33,1
ADSK,2026-05-29,2026-06-02,2026-07-28,5-10%,-6.387,241.62,240.95,tp_gap_filled,21.7311,5250.66,-0.277,-14.56,38
ADBE,2026-07-21,2026-07-27,2026-07-28,5-10%,-5.065,230.39,234.74,tp_gap_filled,21.5181,4957.57,1.888,93.6,1
GEHC,2026-04-29,2026-05-11,2026-07-29,5-10%,-9.27,63.0,68.5,tp_gap_filled,82.8348,5218.6,8.73,455.59,54
CTSH,2026-06-18,2026-07-28,2026-07-29,5-10%,-5.285,48.37,48.82,tp_gap_filled,103.3115,4997.18,0.93,46.49,1
FDXF,2026-06-10,2026-06-12,2026-07-30,5-10%,-6.877,180.54,137.2104,stop,28.604,5164.16,-24.0,-1239.4,32
WDAY,2026-06-02,2026-07-29,2026-07-30,5-10%,-5.489,159.79,157.23,tp_gap_filled,31.2288,4990.05,-1.602,-79.95,1
TER,2026-07-07,2026-07-10,2026-07-31,5-10%,-6.708,353.46,379.52,tp_gap_filled,14.1901,5015.65,7.373,369.8,15
DPZ,2026-04-27,2026-07-28,2026-08-04,5-10%,-7.166,349.89,367.83,tp_gap_filled,14.3108,5007.2,5.127,256.73,5
CNC,2026-07-28,2026-07-30,2026-08-04,5-10%,-7.132,61.4,64.08,tp_gap_filled,81.2325,4987.68,4.365,217.7,3
AMD,2026-07-28,2026-07-31,2026-08-04,5-10%,-5.647,510.28,494.95,tp_gap_filled,9.7946,4998.0,-3.004,-150.15,2
CCL,2026-06-23,2026-06-25,2026-08-05,5-10%,-9.241,29.31,30.19,tp_gap_filled,173.6626,5090.05,3.002,152.82,28
IR,2026-07-31,2026-08-04,2026-08-05,5-10%,-5.194,88.4,84.32,tp_gap_filled,57.5418,5086.69,-4.615,-234.77,1
DOV,2026-07-23,2026-07-27,2026-08-06,5-10%,-6.092,202.65,214.53,tp_gap_filled,24.5028,4965.48,5.862,291.09,8
FCX,2026-06-23,2026-08-05,2026-08-06,5-10%,-5.462,68.95,69.21,tp_gap_filled,73.602,5074.85,0.377,19.14,1
DD,2026-08-04,2026-08-06,2026-08-07,5-10%,-7.85,147.8,141.28,tp_gap_filled,34.3516,5077.16,-4.411,-223.97,1
HAS,2026-05-20,2026-05-22,2026-08-11,5-10%,-8.407,90.08,97.18,tp_gap_filled,58.6014,5278.81,7.882,416.07,54
PSKY,2026-07-09,2026-07-13,2026-08-12,5-10%,-5.128,9.46,9.75,tp_gap_filled,535.0409,5061.49,3.066,155.16,22
ISRG,2026-07-17,2026-08-04,2026-08-12,5-10%,-9.271,376.31,402.33,tp_gap_filled,13.5254,5089.74,6.915,351.93,6
RMD,2026-08-07,2026-08-11,2026-08-12,5-10%,-7.194,218.78,223.24,tp_gap_filled,23.3085,5099.44,2.039,103.96,1
INTU,2026-06-02,2026-07-30,2026-08-13,5-10%,-6.75,317.0,353.76,tp_gap_filled,15.7268,4985.4,11.596,578.12,10
STX,2026-07-01,2026-07-13,2026-08-14,5-10%,-7.074,869.6,965.0,tp_gap_filled,5.8232,5063.89,10.971,555.54,24
SMCI,2026-06-23,2026-08-13,2026-08-14,5-10%,-6.232,38.28,35.46,tp_gap_filled,135.8415,5200.01,-7.367,-383.07,1
GEV,2026-07-22,2026-07-24,2026-08-17,5-10%,-5.358,1022.795,1078.8101,tp_gap_filled,4.8411,4951.41,5.477,271.17,16
DVN,2026-05-06,2026-05-18,2026-08-18,5-10%,-6.844,49.01,47.83,time_exit,106.2502,5207.32,-2.408,-125.37,63
HOOD,2026-07-17,2026-07-22,2026-08-21,5-10%,-5.329,104.72,106.02,tp_gap_filled,47.6049,4985.18,1.241,61.89,22
VRSK,2026-08-10,2026-08-12,2026-08-24,5-10%,-5.693,178.35,191.82,tp_gap_filled,28.6804,5115.16,7.553,386.33,8
COIN,2026-06-01,2026-08-24,2026-08-25,5-10%,-5.195,188.75,189.03,tp_gap_filled,27.5593,5201.81,0.148,7.72,1
INTU,2026-08-26,2026-08-28,2026-08-31,5-10%,-9.509,347.82,357.46,tp_gap_filled,14.9332,5194.05,2.772,143.96,1
FISV,2026-05-05,2026-06-02,2026-09-01,5-10%,-7.945,58.0,51.67,time_exit,90.4119,5243.89,-10.914,-572.31,63
ODFL,2026-06-10,2026-06-12,2026-09-01,5-10%,-7.193,247.81,188.3356,stop,20.8058,5155.89,-24.0,-1237.41,55
DLTR,2026-08-27,2026-08-31,2026-09-01,5-10%,-9.215,128.26,132.18,tp_gap_filled,40.6686,5216.15,3.056,159.42,1
HPQ,2026-08-27,2026-08-31,2026-09-01,5-10%,-8.716,30.63,30.52,tp_gap_filled,170.1847,5212.76,-0.359,-18.72,1
BBY,2026-08-27,2026-08-31,2026-09-02,5-10%,-7.823,81.94,87.44,tp_gap_filled,63.7278,5221.86,6.712,350.5,2
CTVA,2026-07-31,2026-09-01,2026-09-02,5-10%,-5.988,85.49,89.34,tp_gap_filled,60.3906,5162.8,4.503,232.5,1
TSLA,2026-07-23,2026-08-17,2026-09-03,5-10%,-8.826,340.69,374.01,tp_gap_filled,15.1213,5151.68,9.78,503.84,13
SRE,2026-08-31,2026-09-02,2026-09-03,5-10%,-5.136,83.59,84.31,tp_gap_filled,62.2257,5201.45,0.861,44.8,1
MU,2026-08-18,2026-08-21,2026-09-04,5-10%,-5.402,989.68,1011.75,tp_gap_filled,5.2799,5225.39,2.23,116.53,10
