ticker,gap_date,entry_date,exit_date,bucket,gap_pct,entry_price,exit_price,exit_reason,units,position_dollars,cash_cost,proceeds,pnl_pct,pnl_dollar,days_held
NVDA,2024-09-04,2024-09-05,2024-09-06,2-3%,-2.398,105.5154,107.892,tp_gap_filled,47.3686,4998.11,4998.11,5110.69,2.252,112.58,1
CDNS,2024-09-04,2024-09-05,2024-09-10,2-3%,-2.829,249.279,256.0237,tp_gap_filled,20.044,4996.54,4996.54,5131.73,2.706,135.19,3
SMCI,2024-09-04,2024-09-05,2024-09-11,3-5%,-4.903,42.054,44.1338,tp_gap_filled,118.8947,5000.0,5000.0,5247.28,4.946,247.28,4
KLAC,2024-09-05,2024-09-06,2024-09-11,2-3%,-2.594,72.6506,74.4365,tp_gap_filled,68.4312,4971.56,4971.56,5093.78,2.458,122.21,3
TER,2024-09-05,2024-09-06,2024-09-11,2-3%,-2.162,124.144,126.6332,tp_gap_filled,40.0002,4965.78,4965.78,5065.35,2.005,99.57,3
DG,2024-09-04,2024-09-06,2024-09-12,2-3%,-2.459,81.8117,83.7062,tp_gap_filled,60.6692,4963.45,4963.45,5078.39,2.316,114.94,4
WDAY,2024-09-09,2024-09-11,2024-09-12,2-3%,-2.313,248.9587,254.3454,tp_gap_filled,20.1837,5024.91,5024.91,5133.63,2.164,108.72,1
AVGO,2024-09-05,2024-09-11,2024-09-12,2-3%,-2.303,150.7206,153.9659,tp_gap_filled,33.3838,5031.63,5031.63,5139.97,2.153,108.34,1
APTV,2024-09-10,2024-09-12,2024-09-13,2-3%,-2.939,67.1171,69.0109,tp_gap_filled,75.2893,5053.2,5053.2,5195.79,2.822,142.59,1
COR,2024-09-05,2024-09-09,2024-09-16,2-3%,-2.272,238.1079,243.1566,tp_gap_filled,20.9781,4995.05,4995.05,5100.97,2.12,105.91,5
GM,2024-09-10,2024-09-12,2024-09-16,2-3%,-2.996,46.026,47.3526,tp_gap_filled,109.7789,5052.68,5052.68,5198.32,2.882,145.64,2
CRWD,2024-09-04,2024-09-13,2024-09-16,2-3%,-2.311,65.1751,66.5834,tp_gap_filled,77.8389,5073.16,5073.16,5182.78,2.161,109.62,1
ODFL,2024-09-05,2024-09-06,2024-09-17,3-5%,-4.309,187.3972,195.4444,tp_gap_filled,26.5478,4974.98,4974.98,5188.62,4.294,213.63,7
ROL,2024-09-11,2024-09-12,2024-09-17,2-3%,-2.23,50.04,51.0789,tp_gap_filled,100.9744,5052.76,5052.76,5157.66,2.076,104.9,3
FERG,2024-09-04,2024-09-16,2024-09-17,2-3%,-2.486,197.5173,202.1477,tp_gap_filled,25.736,5083.3,5083.3,5202.47,2.344,119.17,1
COHR,2024-09-16,2024-09-17,2024-09-18,3-5%,-3.001,75.7156,77.902,tp_gap_filled,67.5428,5114.05,5114.05,5261.72,2.888,147.67,1
AAPL,2024-09-16,2024-09-17,2024-09-18,2-3%,-2.679,216.7565,222.2775,tp_gap_filled,23.6278,5121.49,5121.49,5251.94,2.547,130.45,1
HPE,2024-09-05,2024-09-13,2024-09-19,5-10%,-8.631,17.1671,18.7512,tp_gap_filled,295.5303,5073.41,5073.41,5541.56,9.227,468.14,4
MU,2024-09-12,2024-09-16,2024-09-20,3-5%,-3.916,87.1871,90.5594,tp_gap_filled,58.3036,5083.32,5083.32,5279.94,3.868,196.61,4
MOS,2024-09-16,2024-09-23,2024-09-24,3-5%,-3.448,25.5055,26.3636,tp_gap_filled,200.8675,5123.22,5123.22,5295.59,3.364,172.37,1
ON,2024-09-20,2024-09-24,2024-09-26,3-5%,-3.149,71.111,73.2766,tp_gap_filled,72.1789,5132.72,5132.72,5289.03,3.045,156.31,2
HUM,2024-09-11,2024-09-12,2024-10-01,3-5%,-4.619,330.7504,277.5525,stop,15.2909,5057.46,5057.46,4244.02,-16.084,-813.44,13
PANW,2024-09-04,2024-09-05,2024-10-08,3-5%,-3.315,171.8216,177.3575,tp_gap_filled,29.0794,4996.47,4996.47,5157.45,3.222,160.98,23
CPRT,2024-09-05,2024-09-06,2024-10-08,5-10%,-5.749,50.05,52.9969,tp_gap_filled,99.4589,4977.92,4977.92,5271.02,5.888,293.1,22
MCK,2024-09-24,2024-09-27,2024-10-10,3-5%,-3.467,487.9775,504.495,tp_gap_filled,10.5589,5152.53,5152.53,5326.93,3.385,174.41,9
GM,2024-09-25,2024-09-26,2024-10-11,3-5%,-4.41,45.996,48.0219,tp_gap_filled,111.6312,5134.58,5134.58,5360.75,4.405,226.16,11
TDG,2024-10-04,2024-10-07,2024-10-14,3-5%,-4.446,1357.356,1417.6709,tp_gap_filled,3.6707,4982.47,4982.47,5203.87,4.444,221.4,5
GNRC,2024-10-10,2024-10-11,2024-10-14,3-5%,-3.958,165.6355,172.1177,tp_gap_filled,30.4969,5051.37,5051.37,5249.06,3.914,197.69,1
ELV,2024-10-15,2024-10-16,2024-10-17,3-5%,-4.513,486.536,408.2816,stop,10.4481,5083.4,5083.4,4265.78,-16.084,-817.61,1
FCX,2024-10-14,2024-10-15,2024-10-22,3-5%,-4.217,47.9679,49.98,tp_gap_filled,105.5709,5064.01,5064.01,5276.43,4.195,212.41,5
TSLA,2024-10-11,2024-10-14,2024-10-24,5-10%,-7.807,220.3501,238.5312,tp_gap_filled,23.0431,5077.55,5077.55,5496.49,8.251,418.95,8
GRMN,2024-09-13,2024-09-16,2024-10-30,5-10%,-5.22,173.3932,182.5772,tp_gap_filled,29.3233,5084.46,5084.46,5353.76,5.297,269.31,32
SWKS,2024-09-16,2024-09-19,2024-10-30,2-3%,-2.342,100.1701,89.0622,stop,51.2432,5133.03,5133.03,4563.83,-11.089,-569.2,29
APTV,2024-09-30,2024-10-01,2024-10-31,3-5%,-3.543,71.6816,60.1523,stop,70.9164,5083.4,5083.4,4265.79,-16.084,-817.61,22
MRNA,2024-09-12,2024-09-13,2024-11-11,10%+,-14.615,67.9579,42.7707,stop,74.6376,5072.21,5072.21,3192.3,-37.063,-1879.91,41
MRK,2024-09-09,2024-09-26,2024-11-15,3-5%,-3.98,113.2632,95.0459,stop,45.3241,5133.55,5133.55,4307.87,-16.084,-825.68,36
ZBH,2024-09-05,2024-09-27,2024-11-18,5-10%,-5.084,108.7687,114.3655,tp_gap_filled,47.3834,5153.83,5153.83,5419.02,5.146,265.2,36
FDX,2024-09-20,2024-09-24,2024-11-22,10%+,-13.19,210.3391,241.8127,tp_gap_filled,24.3736,5126.73,5126.73,5893.86,14.963,767.13,43
TTD,2024-11-08,2024-11-19,2024-12-02,10%+,-12.39,116.2261,132.3975,tp_gap_filled,41.15,4782.71,4782.71,5448.16,13.914,665.45,8
CNC,2024-09-04,2024-09-11,2024-12-10,5-10%,-7.628,74.1841,56.6533,time_exit,67.7683,5027.33,5027.33,3839.3,-23.632,-1188.03,63
LEN,2024-09-20,2024-09-23,2024-12-12,3-5%,-3.617,179.7439,150.8339,stop,28.5019,5123.05,5123.05,4299.06,-16.084,-823.99,57
ADBE,2024-09-13,2024-09-16,2024-12-13,5-10%,-9.203,533.1026,465.2243,time_exit,9.5479,5090.0,5090.0,4441.9,-12.733,-648.09,63
DLTR,2024-09-04,2024-09-17,2024-12-16,10%+,-10.851,72.8628,69.96,time_exit,70.1567,5111.81,5111.81,4908.16,-3.984,-203.65,63
NKE,2024-10-02,2024-10-03,2025-01-03,5-10%,-7.001,82.9729,73.2367,time_exit,60.4867,5018.76,5018.76,4429.84,-11.734,-588.91,63
MU,2024-12-19,2024-12-20,2025-01-07,10%+,-13.301,90.1701,103.7961,tp_gap_filled,52.9145,4771.3,4771.3,5492.31,15.111,721.01,10
AOS,2024-10-11,2024-10-16,2025-01-17,5-10%,-6.863,80.4203,71.7382,time_exit,63.2178,5084.0,5084.0,4535.13,-10.796,-548.87,63
ORCL,2024-12-10,2024-12-13,2025-01-22,5-10%,-8.921,173.6335,190.2595,tp_gap_filled,28.1359,4885.34,4885.34,5353.13,9.575,467.79,24
MRNA,2025-01-13,2025-01-14,2025-01-23,10%+,-21.183,33.3333,42.2077,tp_gap_filled,144.5873,4819.57,4819.57,6102.7,26.623,1283.13,6
VRTX,2024-12-19,2024-12-20,2025-01-27,10%+,-12.626,391.391,447.0525,tp_gap_filled,12.1903,4771.17,4771.17,5449.7,14.221,678.53,22
MCD,2024-10-23,2024-10-25,2025-01-29,5-10%,-6.966,293.0628,289.8199,time_exit,16.8494,4937.92,4937.92,4883.28,-1.107,-54.64,63
UHS,2024-10-25,2024-10-29,2025-01-31,5-10%,-7.416,208.208,188.3714,time_exit,23.7277,4940.3,4940.3,4469.62,-9.527,-470.68,63
SWK,2024-10-29,2024-10-30,2025-02-03,5-10%,-7.938,94.8447,85.0848,time_exit,52.1476,4945.93,4945.93,4436.97,-10.29,-508.96,63
AMGN,2024-11-26,2024-12-18,2025-02-05,10%+,-10.129,264.4842,293.706,tp_gap_filled,17.9585,4749.74,4749.74,5274.52,11.049,524.78,31
COHR,2025-01-27,2025-01-30,2025-02-06,10%+,-12.289,88.088,100.2297,tp_gap_filled,57.7442,5086.57,5086.57,5787.68,13.784,701.11,5
EL,2024-10-31,2024-11-05,2025-02-07,10%+,-24.383,65.9659,64.965,time_exit,75.0556,4951.11,4951.11,4875.99,-1.517,-75.13,63
LLY,2024-10-30,2024-11-05,2025-02-07,10%+,-11.629,799.2985,877.4317,time_exit,6.1938,4950.71,4950.71,5434.66,9.775,483.94,63
GPC,2024-10-22,2024-11-06,2025-02-10,10%+,-15.847,120.5604,118.3216,time_exit,40.4407,4875.55,4875.55,4785.01,-1.857,-90.54,63
SMCI,2024-10-30,2024-11-26,2025-02-18,10%+,-29.051,34.8848,49.0709,tp_gap_filled,142.4191,4968.27,4968.27,6988.63,40.665,2020.36,54
ELV,2024-10-17,2024-11-15,2025-02-20,10%+,-18.523,405.3149,390.1095,time_exit,11.8544,4804.77,4804.77,4624.52,-3.752,-180.25,63
ABBV,2024-11-11,2024-11-22,2025-02-20,10%+,-10.491,178.7486,199.3005,tp_gap_filled,27.4163,4900.62,4900.62,5464.08,11.498,563.46,58
TGT,2024-11-20,2024-11-25,2025-02-28,10%+,-17.949,128.128,124.1158,time_exit,38.8846,4982.2,4982.2,4826.19,-3.131,-156.01,63
HII,2025-02-06,2025-02-10,2025-03-07,10%+,-12.471,171.3612,195.3844,tp_gap_filled,29.8399,5113.39,5113.39,5830.24,14.019,716.85,18
ADM,2024-11-05,2024-12-18,2025-03-24,5-10%,-8.68,50.5505,45.8841,time_exit,93.859,4744.62,4744.62,4306.63,-9.231,-437.99,63
INCY,2024-11-19,2024-12-19,2025-03-25,10%+,-12.81,67.1771,62.0179,time_exit,70.3937,4728.84,4728.84,4365.67,-7.68,-363.17,63
CEG,2025-01-27,2025-01-29,2025-04-04,10%+,-15.824,292.7525,184.2496,stop,17.1774,5028.72,5028.72,3164.93,-37.063,-1863.79,46
CIEN,2025-01-27,2025-01-30,2025-04-04,10%+,-12.44,84.6846,53.2979,stop,60.0661,5086.67,5086.67,3201.4,-37.063,-1885.27,45
AMD,2025-02-05,2025-02-07,2025-04-07,5-10%,-9.95,107.7176,79.6313,stop,47.0466,5067.75,5067.75,3746.38,-26.074,-1321.36,40
APTV,2024-10-31,2025-01-06,2025-04-08,5-10%,-9.613,62.4924,49.3106,time_exit,77.6798,4854.4,4854.4,3830.44,-21.093,-1023.96,63
DHI,2024-10-29,2025-01-21,2025-04-22,10%+,-15.074,153.3432,124.835,time_exit,32.1925,4936.5,4936.5,4018.75,-18.591,-917.75,63
PWR,2025-01-27,2025-01-31,2025-05-02,10%+,-12.035,315.2549,320.8189,time_exit,16.0757,5067.95,5067.95,5157.4,1.765,89.44,63
RL,2025-04-03,2025-04-09,2025-05-05,10%+,-11.576,209.199,236.1137,tp_gap_filled,22.0001,4602.4,4602.4,5194.53,12.866,592.13,17
MRK,2025-02-04,2025-02-05,2025-05-07,10%+,-10.813,89.089,79.0409,time_exit,56.4698,5030.84,5030.84,4463.42,-11.279,-567.42,63
BBY,2025-04-03,2025-04-23,2025-05-12,10%+,-12.452,66.3663,75.6543,tp_gap_filled,69.2582,4596.41,4596.41,5239.68,13.995,643.27,13
FIS,2025-02-11,2025-02-12,2025-05-14,10%+,-12.896,72.072,77.972,time_exit,70.0827,5051.0,5051.0,5464.48,8.186,413.48,63
UNH,2025-02-21,2025-04-21,2025-05-15,10%+,-12.513,439.9895,276.9162,stop,10.2168,4495.29,4495.29,2829.2,-37.063,-1666.09,18
DVA,2025-02-14,2025-02-18,2025-05-19,10%+,-13.024,154.154,144.815,time_exit,33.4059,5149.66,5149.66,4837.68,-6.058,-311.98,63
UNH,2025-05-15,2025-05-16,2025-05-19,10%+,-10.75,275.1749,307.702,tp_gap_filled,17.6527,4857.58,4857.58,5431.77,11.821,574.19,1
AVGO,2025-01-27,2025-02-24,2025-05-23,10%+,-12.791,213.6134,228.4913,time_exit,23.6443,5050.74,5050.74,5402.52,6.965,351.78,63
UPS,2025-01-30,2025-02-24,2025-05-23,10%+,-12.251,117.5074,95.2746,time_exit,42.9252,5044.02,5044.02,4089.68,-18.92,-954.34,63
SRE,2025-02-25,2025-02-26,2025-05-28,10%+,-16.976,72.4524,77.4225,time_exit,69.6968,5049.7,5049.7,5396.1,6.86,346.4,63
VTRS,2025-02-27,2025-02-28,2025-05-30,10%+,-17.616,9.2693,8.7812,time_exit,540.4852,5009.9,5009.9,4746.11,-5.265,-263.78,63
NTAP,2025-02-28,2025-03-03,2025-06-02,10%+,-15.979,99.4293,98.6712,time_exit,49.5801,4929.72,4929.72,4892.13,-0.762,-37.59,63
NKE,2025-04-03,2025-04-04,2025-06-27,10%+,-13.224,56.4264,64.895,tp_gap_filled,79.74,4499.44,4499.44,5174.73,15.008,675.29,57
GRMN,2025-04-03,2025-04-09,2025-07-10,10%+,-13.221,189.4292,217.8519,tp_gap_filled,24.2751,4598.42,4598.42,5288.39,15.004,689.96,62
SWKS,2025-02-06,2025-04-30,2025-07-31,10%+,-28.17,62.6125,68.4715,time_exit,74.6191,4672.09,4672.09,5109.28,9.357,437.19,63
ELV,2025-04-17,2025-05-13,2025-08-13,10%+,-10.353,390.39,294.1356,time_exit,12.4008,4841.14,4841.14,3647.51,-24.656,-1193.63,63
HPQ,2025-05-29,2025-06-13,2025-08-13,10%+,-12.426,23.8438,27.1728,tp_gap_filled,201.6192,4807.37,4807.37,5478.56,13.962,671.19,41
PSKY,2025-07-31,2025-08-05,2025-08-13,5-10%,-9.774,12.012,13.2867,tp_gap_filled,395.6909,4753.04,4753.04,5257.43,10.612,504.39,6
REGN,2025-05-30,2025-06-09,2025-08-22,10%+,-14.491,518.1776,604.7846,tp_gap_filled,9.403,4872.41,4872.41,5686.77,16.714,814.36,52
WDAY,2025-05-23,2025-05-27,2025-08-26,10%+,-11.199,241.8416,222.6571,time_exit,20.0332,4844.86,4844.86,4460.53,-7.933,-384.33,63
TAP,2025-05-08,2025-05-29,2025-08-28,5-10%,-7.899,52.4023,50.1698,time_exit,92.1699,4829.92,4829.92,4624.15,-4.26,-205.78,63
ADBE,2025-03-13,2025-06-02,2025-09-02,5-10%,-7.599,405.6753,345.2844,time_exit,11.9107,4831.86,4831.86,4112.57,-14.887,-719.3,63
ROST,2025-05-23,2025-06-12,2025-09-04,10%+,-11.593,134.7346,152.0977,tp_gap_filled,36.0833,4861.67,4861.67,5488.19,12.887,626.52,57
BF-B,2025-06-05,2025-06-09,2025-09-09,10%+,-17.199,27.5175,27.4325,time_exit,177.02,4871.15,4871.15,4856.11,-0.309,-15.04,63
AMAT,2025-08-15,2025-08-18,2025-09-18,10%+,-13.568,162.8627,188.0518,tp_gap_filled,29.9363,4875.5,4875.5,5629.57,15.466,754.07,22
TPR,2025-08-14,2025-08-15,2025-09-19,10%+,-15.485,96.0459,113.4165,tp_gap_filled,50.6323,4863.03,4863.03,5742.54,18.086,879.51,24
MRVL,2025-08-29,2025-09-02,2025-09-24,10%+,-16.444,64.5945,77.1528,tp_gap_filled,74.6927,4824.74,4824.74,5762.75,19.442,938.01,16
COIN,2025-08-01,2025-08-13,2025-10-03,10%+,-11.282,335.4752,377.3822,tp_gap_filled,14.5639,4885.82,4885.82,5496.15,12.492,610.33,36
SMCI,2025-08-06,2025-08-07,2025-10-07,10%+,-17.342,47.3773,57.2027,tp_gap_filled,100.1665,4745.62,4745.62,5729.8,20.739,984.18,42
WAT,2025-07-14,2025-10-01,2025-10-21,10%+,-10.028,317.8375,352.5571,tp_gap_filled,15.943,5067.29,5067.29,5620.83,10.924,553.54,14
OTIS,2025-07-23,2025-07-24,2025-10-22,10%+,-11.872,89.089,91.3286,time_exit,54.458,4851.61,4851.61,4973.57,2.514,121.96,63
CMG,2025-07-24,2025-07-25,2025-10-23,10%+,-12.467,46.2462,41.7582,time_exit,105.1379,4862.23,4862.23,4390.37,-9.705,-471.86,63
RVTY,2025-07-28,2025-07-30,2025-10-28,5-10%,-9.395,94.0239,96.3535,time_exit,51.0695,4801.76,4801.76,4920.73,2.478,118.97,63
GWW,2025-08-01,2025-08-04,2025-10-31,5-10%,-9.943,937.1162,978.021,time_exit,5.0603,4742.1,4742.1,4949.09,4.365,206.99,63
IT,2025-08-05,2025-08-06,2025-11-04,10%+,-27.983,242.7325,226.9428,time_exit,19.5713,4750.58,4750.58,4441.56,-6.505,-309.02,63
FTNT,2025-08-07,2025-08-08,2025-11-06,10%+,-23.069,74.3743,80.4595,time_exit,63.5391,4725.68,4725.68,5112.32,8.182,386.65,63
BAX,2025-07-31,2025-08-08,2025-11-06,10%+,-15.294,23.7838,17.962,time_exit,198.6956,4725.73,4725.73,3568.97,-24.478,-1156.75,63
FCX,2025-09-24,2025-10-10,2025-12-05,5-10%,-7.782,41.8718,45.3146,tp_gap_filled,120.4103,5041.8,5041.8,5456.35,8.222,414.55,39
HRL,2025-08-28,2025-09-10,2025-12-09,10%+,-14.611,24.8048,23.6064,time_exit,194.2274,4817.77,4817.77,4585.0,-4.831,-232.76,63
SNPS,2025-09-10,2025-09-11,2025-12-10,10%+,-29.216,428.2278,475.3542,time_exit,11.395,4879.67,4879.67,5416.68,11.005,537.01,63
DXCM,2025-10-31,2025-11-03,2025-12-10,10%+,-13.211,59.2492,68.1318,tp_gap_filled,83.9059,4971.36,4971.36,5716.66,14.992,745.3,26
DECK,2025-10-24,2025-10-27,2025-12-12,10%+,-13.692,88.5885,102.4375,tp_gap_filled,58.1242,5149.14,5149.14,5954.1,15.633,804.96,33
VRTX,2025-08-05,2025-10-02,2026-01-02,10%+,-13.562,408.6282,451.6779,time_exit,12.4688,5095.09,5095.09,5631.87,10.535,536.78,63
XYZ,2025-11-07,2025-11-14,2026-01-07,10%+,-13.492,61.4214,70.8591,tp_gap_filled,78.6612,4831.48,4831.48,5573.86,15.366,742.38,35
CMG,2025-10-30,2025-10-31,2026-01-08,10%+,-21.353,31.3013,39.7202,tp_gap_filled,159.9647,5007.1,5007.1,6353.84,26.897,1346.74,46
NKE,2025-12-19,2025-12-24,2026-01-08,5-10%,-9.797,59.2592,65.5644,tp_gap_filled,87.0851,5160.59,5160.59,5709.68,10.64,549.09,9
MOS,2025-10-10,2025-10-13,2026-01-13,5-10%,-8.493,30.6306,26.1838,time_exit,165.6666,5074.47,5074.47,4337.78,-14.518,-736.69,63
ROP,2025-10-23,2025-10-27,2026-01-27,5-10%,-8.231,467.5271,345.6241,stop,11.0253,5154.6,5154.6,3810.59,-26.074,-1344.01,62
FFIV,2025-10-28,2025-10-29,2026-01-28,5-10%,-9.662,262.6124,290.1196,tp_gap_filled,19.3049,5069.7,5069.7,5600.72,10.474,531.02,61
GRMN,2025-10-29,2025-10-30,2026-02-02,10%+,-11.052,220.8907,206.7131,time_exit,22.6423,5001.47,5001.47,4680.45,-6.418,-321.01,63
GNRC,2025-10-29,2025-10-30,2026-02-02,10%+,-10.912,169.5694,170.789,time_exit,29.4556,4994.76,4994.76,5030.69,0.719,35.93,63
META,2025-10-30,2025-10-31,2026-02-03,10%+,-10.978,669.8192,691.0083,time_exit,7.4799,5010.21,5010.21,5168.7,3.163,158.49,63
HPE,2025-12-05,2026-01-20,2026-02-04,5-10%,-8.734,20.9209,22.8771,tp_gap_filled,249.1259,5211.94,5211.94,5699.28,9.35,487.34,11
CI,2025-10-30,2025-11-05,2026-02-06,10%+,-11.407,265.265,291.7579,time_exit,18.4489,4893.84,4893.84,5382.6,9.987,488.76,63
FTNT,2025-11-06,2026-01-14,2026-02-09,10%+,-11.559,76.1261,85.904,tp_gap_filled,69.2722,5273.42,5273.42,5950.76,12.844,677.34,17
APP,2026-02-04,2026-02-06,2026-02-09,10%+,-12.947,402.402,461.3282,tp_gap_filled,13.0292,5243.0,5243.0,6010.76,14.644,767.76,1
AXON,2025-11-05,2025-11-11,2026-02-12,10%+,-20.151,564.4039,435.3742,time_exit,8.5909,4848.75,4848.75,3740.26,-22.861,-1108.48,63
EBAY,2025-10-30,2025-11-11,2026-02-12,10%+,-14.004,85.6856,79.3306,time_exit,56.6266,4852.09,4852.09,4492.22,-7.417,-359.86,63
ZTS,2025-11-04,2025-11-25,2026-02-27,10%+,-13.523,124.9548,130.9689,time_exit,39.0222,4876.01,4876.01,5110.69,4.813,234.68,63
SYF,2026-01-12,2026-01-13,2026-04-15,5-10%,-8.781,79.3393,75.914,time_exit,66.6784,5290.21,5290.21,5061.82,-4.317,-228.39,63
COF,2026-01-12,2026-01-14,2026-04-16,5-10%,-7.725,230.1799,200.5093,time_exit,22.9139,5274.33,5274.33,4594.46,-12.89,-679.87,63
UNH,2026-01-27,2026-01-28,2026-04-21,10%+,-16.4,294.264,351.2884,tp_gap_filled,17.8224,5244.48,5244.48,6260.79,19.379,1016.31,57
ABT,2026-01-22,2026-01-23,2026-04-24,10%+,-10.933,107.6375,91.0389,time_exit,49.0725,5282.05,5282.05,4467.51,-15.421,-814.54,63
CVS,2026-01-27,2026-02-02,2026-04-29,10%+,-10.111,75.4654,83.7861,tp_gap_filled,69.2578,5226.57,5226.57,5802.84,11.026,576.28,60
LVS,2026-01-29,2026-02-02,2026-05-04,5-10%,-9.403,55.5555,51.8081,time_exit,94.0755,5226.41,5226.41,4873.88,-6.745,-352.53,63
APH,2026-01-28,2026-02-03,2026-05-05,10%+,-15.188,70.5705,68.2767,time_exit,73.8533,5211.87,5211.87,5042.46,-3.25,-169.41,63
DIS,2026-02-02,2026-02-03,2026-05-05,5-10%,-7.793,104.114,100.3795,time_exit,50.1642,5222.79,5222.79,5035.46,-3.587,-187.34,63
SMCI,2026-03-20,2026-03-24,2026-05-06,10%+,-26.859,22.5425,30.7592,tp_gap_filled,219.2274,4941.94,4941.94,6743.26,36.45,1801.32,30
EL,2026-02-05,2026-02-06,2026-05-08,10%+,-12.424,104.8547,86.1138,time_exit,50.0293,5245.81,5245.81,4308.21,-17.873,-937.6,63
HUM,2026-01-27,2026-04-21,2026-05-08,10%+,-16.557,220.2,263.3664,tp_gap_filled,24.1026,5307.39,5307.39,6347.81,19.603,1040.42,13
WAT,2026-02-09,2026-02-10,2026-05-12,10%+,-12.851,332.6223,351.8578,time_exit,15.9323,5299.44,5299.44,5605.91,5.783,306.47,63
XYL,2026-02-10,2026-02-11,2026-05-13,5-10%,-9.951,126.3662,108.901,time_exit,41.8727,5291.3,5291.3,4559.98,-13.821,-731.32,63
STE,2026-02-05,2026-02-11,2026-05-13,5-10%,-9.112,240.4302,210.8889,time_exit,22.0111,5292.14,5292.14,4641.9,-12.287,-650.24,63
BAX,2026-02-12,2026-02-13,2026-05-15,10%+,-12.348,19.5395,17.2827,time_exit,270.7573,5290.47,5290.47,4679.42,-11.55,-611.05,63
NOW,2026-04-23,2026-04-24,2026-05-18,10%+,-15.349,87.3372,102.9669,tp_gap_filled,60.0445,5244.12,5244.12,6182.6,17.896,938.48,16
CRL,2026-02-18,2026-05-19,2026-05-21,5-10%,-7.387,146.9668,158.3715,tp_gap_filled,35.7576,5255.19,5255.19,5662.99,7.76,407.8,2
IT,2026-02-03,2026-02-23,2026-05-22,10%+,-26.907,148.0879,159.85,time_exit,35.658,5280.52,5280.52,5699.93,7.943,419.41,63
PYPL,2026-02-03,2026-02-23,2026-05-22,10%+,-18.049,42.9279,44.1858,time_exit,122.8796,5274.96,5274.96,5429.53,2.93,154.57,63
TTD,2026-05-08,2026-05-11,2026-06-01,10%+,-10.707,20.996,23.4665,tp_gap_filled,248.0917,5208.93,5208.93,5821.85,11.767,612.92,14
PODD,2026-05-27,2026-05-28,2026-06-05,5-10%,-6.372,144.144,153.6462,tp_gap_filled,36.9583,5327.32,5327.32,5678.51,6.592,351.19,6
ROL,2026-02-12,2026-03-10,2026-06-09,10%+,-15.168,55.7057,47.4825,time_exit,91.5363,5099.09,5099.09,4346.37,-14.762,-752.72,63
TPR,2026-05-07,2026-05-08,2026-06-12,5-10%,-9.051,135.4954,148.6812,tp_gap_filled,38.8825,5268.4,5268.4,5781.1,9.732,512.7,24
CDW,2026-05-06,2026-06-11,2026-06-29,5-10%,-6.798,127.6275,136.6632,tp_gap_filled,41.2806,5268.54,5268.54,5641.54,7.08,373.0,11
MTD,2026-05-08,2026-06-04,2026-07-02,5-10%,-9.569,1194.2431,1317.9707,tp_gap_filled,4.4339,5295.21,5295.21,5843.81,10.36,548.6,19
WTW,2026-04-30,2026-05-01,2026-07-07,10%+,-10.52,259.8496,289.8199,tp_gap_filled,20.0846,5218.97,5218.97,5820.91,11.534,601.94,44
COR,2026-05-06,2026-05-19,2026-07-07,10%+,-12.383,268.288,305.5941,tp_gap_filled,19.5956,5257.26,5257.26,5988.3,13.905,731.03,32
AES,2026-03-02,2026-04-07,2026-07-08,10%+,-16.956,14.3644,14.6254,time_exit,347.2591,4988.15,4988.15,5078.79,1.817,90.64,63
META,2026-04-30,2026-05-06,2026-07-10,5-10%,-7.443,619.9393,668.4509,tp_gap_filled,8.4488,5237.73,5237.73,5647.6,7.825,409.86,44
COHR,2026-06-23,2026-06-24,2026-07-15,5-10%,-8.647,389.0787,287.6303,stop,13.315,5180.59,5180.59,3829.8,-26.074,-1350.79,14
NKE,2026-04-01,2026-04-17,2026-07-20,10%+,-11.852,46.6066,43.4265,time_exit,113.737,5300.89,5300.89,4939.2,-6.823,-361.69,63
APA,2026-06-15,2026-07-08,2026-07-23,5-10%,-6.186,34.7647,36.983,tp_gap_filled,149.0168,5180.53,5180.53,5511.08,6.381,330.56,11
ADSK,2026-05-29,2026-06-08,2026-07-28,5-10%,-6.387,225.7856,240.709,tp_gap_filled,23.2627,5252.38,5252.38,5599.54,6.61,347.16,34
HII,2026-02-05,2026-04-28,2026-07-29,10%+,-14.167,354.9646,280.1196,time_exit,14.7186,5224.59,5224.59,4122.98,-21.085,-1101.62,63
REGN,2026-05-18,2026-05-29,2026-07-29,10%+,-11.789,616.5459,697.5517,tp_gap_filled,8.6076,5306.95,5306.95,6004.21,13.139,697.26,41
LULU,2026-06-05,2026-06-18,2026-08-06,10%+,-11.599,110.5404,124.7951,tp_gap_filled,46.9952,5194.87,5194.87,5864.77,12.895,669.9,33
HAS,2026-05-20,2026-05-21,2026-08-11,5-10%,-8.407,89.099,97.0828,tp_gap_filled,59.5981,5310.14,5310.14,5785.96,8.961,475.82,55
ISRG,2026-07-17,2026-07-28,2026-08-12,5-10%,-9.271,365.395,401.9277,tp_gap_filled,14.6935,5368.93,5368.93,5905.72,9.998,536.79,11
SMCI,2026-06-10,2026-06-22,2026-08-13,10%+,-12.402,35.6356,40.5994,tp_gap_filled,144.225,5139.54,5139.54,5855.44,13.929,715.9,37
FOXA,2026-06-15,2026-07-17,2026-08-14,10%+,-13.47,57.037,65.7841,tp_gap_filled,90.7892,5178.34,5178.34,5972.49,15.336,794.15,20
FOX,2026-06-15,2026-07-20,2026-08-14,10%+,-11.694,52.082,58.8611,tp_gap_filled,99.5937,5187.04,5187.04,5862.19,13.016,675.15,19
RDDT,2026-07-31,2026-08-03,2026-08-14,10%+,-17.041,147.8477,177.862,tp_gap_filled,36.3439,5373.36,5373.36,6464.2,20.301,1090.84,9
WDC,2026-08-06,2026-08-07,2026-08-17,10%+,-17.389,429.3189,518.6508,tp_gap_filled,12.7732,5483.77,5483.77,6624.83,20.808,1141.05,6
FDXF,2026-06-10,2026-06-12,2026-08-25,5-10%,-6.877,175.6755,129.8699,stop,30.0052,5271.18,5271.18,3896.77,-26.074,-1374.41,50
FISV,2026-05-05,2026-06-01,2026-08-31,5-10%,-7.945,57.8778,53.2567,time_exit,91.3484,5287.05,5287.05,4864.91,-7.984,-422.13,63
