ticker,gap_date,entry_date,exit_date,bucket,gap_pct,exit_reason,pnl_pct,pnl_dollar,days_held,entry_price,exit_price,position_dollars
NVDA,2024-09-04,2024-09-05,2024-09-06,2-3%,-2.398,tp_gap_filled,2.252,112.58,1,105.5154,107.892,4998.11
CDNS,2024-09-04,2024-09-05,2024-09-10,2-3%,-2.829,tp_gap_filled,2.706,135.19,3,249.279,256.0237,4996.54
SMCI,2024-09-04,2024-09-05,2024-09-11,3-5%,-4.903,tp_gap_filled,4.946,247.28,4,42.054,44.1338,5000.0
KLAC,2024-09-05,2024-09-06,2024-09-11,2-3%,-2.594,tp_gap_filled,2.458,122.21,3,72.6506,74.4365,4971.56
TER,2024-09-05,2024-09-06,2024-09-11,2-3%,-2.162,tp_gap_filled,2.005,99.57,3,124.144,126.6332,4965.78
DG,2024-09-04,2024-09-06,2024-09-12,2-3%,-2.459,tp_gap_filled,2.316,114.94,4,81.8117,83.7062,4963.45
WDAY,2024-09-09,2024-09-11,2024-09-12,2-3%,-2.313,tp_gap_filled,2.164,108.72,1,248.9587,254.3454,5024.91
AVGO,2024-09-05,2024-09-11,2024-09-12,2-3%,-2.303,tp_gap_filled,2.153,108.34,1,150.7206,153.9659,5031.63
APTV,2024-09-10,2024-09-12,2024-09-13,2-3%,-2.939,tp_gap_filled,2.822,142.59,1,67.1171,69.0109,5053.2
COR,2024-09-05,2024-09-09,2024-09-16,2-3%,-2.272,tp_gap_filled,2.12,105.91,5,238.1079,243.1566,4995.05
GM,2024-09-10,2024-09-12,2024-09-16,2-3%,-2.996,tp_gap_filled,2.882,145.64,2,46.026,47.3526,5052.68
ODFL,2024-09-05,2024-09-06,2024-09-17,3-5%,-4.309,tp_gap_filled,4.294,213.63,7,187.3972,195.4444,4974.98
ROL,2024-09-11,2024-09-12,2024-09-17,2-3%,-2.23,tp_gap_filled,2.076,104.9,3,50.04,51.0789,5052.76
FERG,2024-09-04,2024-09-16,2024-09-17,2-3%,-2.486,tp_gap_filled,2.344,119.04,1,197.5173,202.1477,5077.83
COHR,2024-09-16,2024-09-17,2024-09-18,3-5%,-3.001,tp_gap_filled,2.888,147.45,1,75.7156,77.902,5106.33
AAPL,2024-09-16,2024-09-17,2024-09-18,2-3%,-2.679,tp_gap_filled,2.547,130.25,1,216.7565,222.2775,5113.76
HPE,2024-09-05,2024-09-13,2024-09-19,5-10%,-8.631,tp_gap_filled,9.227,468.14,4,17.1671,18.7512,5073.41
TER,2024-09-16,2024-09-18,2024-09-19,2-3%,-2.202,tp_gap_filled,2.048,104.53,1,128.4683,131.0988,5105.2
MU,2024-09-12,2024-09-16,2024-09-20,3-5%,-3.916,tp_gap_filled,3.868,196.4,4,87.1871,90.5594,5077.85
MOS,2024-09-16,2024-09-23,2024-09-24,3-5%,-3.448,tp_gap_filled,3.364,172.49,1,25.5055,26.3636,5126.8
ON,2024-09-20,2024-09-24,2024-09-26,3-5%,-3.149,tp_gap_filled,3.045,156.47,2,71.111,73.2766,5137.96
HUM,2024-09-11,2024-09-12,2024-10-01,3-5%,-4.619,stop,-16.084,-813.44,13,330.7504,277.5525,5057.46
PANW,2024-09-04,2024-09-05,2024-10-08,3-5%,-3.315,tp_gap_filled,3.222,160.98,23,171.8216,177.3575,4996.47
CPRT,2024-09-05,2024-09-06,2024-10-08,5-10%,-5.749,tp_gap_filled,5.888,293.1,22,50.05,52.9969,4977.92
NOW,2024-09-25,2024-10-01,2024-10-08,2-3%,-2.721,tp_gap_filled,2.592,131.57,5,179.8737,184.5353,5076.8
ECHO,2024-10-01,2024-10-02,2024-10-08,2-3%,-2.659,tp_gap_filled,2.527,127.73,4,24.1842,24.7952,5055.41
HPQ,2024-09-27,2024-09-30,2024-10-10,2-3%,-2.958,tp_gap_filled,2.842,146.75,8,35.7958,36.8131,5163.08
TDG,2024-10-04,2024-10-07,2024-10-14,3-5%,-4.446,tp_gap_filled,4.444,222.42,5,1357.356,1417.6709,5005.54
SBAC,2024-10-04,2024-10-07,2024-10-14,2-3%,-2.38,tp_gap_filled,2.233,111.79,5,234.4342,239.6701,5005.39
GM,2024-09-23,2024-09-24,2024-10-15,2-3%,-2.619,tp_gap_filled,2.484,127.56,15,47.6476,48.8311,5135.64
TSN,2024-09-25,2024-09-26,2024-10-15,3-5%,-3.09,tp_gap_filled,2.982,152.81,13,58.7087,60.4595,5123.96
GPN,2024-09-25,2024-09-27,2024-10-15,2-3%,-2.938,tp_gap_filled,2.821,145.23,12,100.8608,103.7062,5147.95
APP,2024-10-14,2024-10-16,2024-10-21,3-5%,-3.898,tp_gap_filled,3.848,196.8,3,141.4113,146.853,5114.16
TSLA,2024-10-11,2024-10-14,2024-10-24,5-10%,-7.807,tp_gap_filled,8.251,422.09,8,220.3501,238.5312,5115.57
IBKR,2024-10-16,2024-10-17,2024-10-29,3-5%,-3.105,tp_gap_filled,2.998,151.92,8,37.0946,38.2068,5067.05
GRMN,2024-09-13,2024-09-16,2024-10-30,5-10%,-5.22,tp_gap_filled,5.297,269.02,32,173.3932,182.5772,5078.98
SWKS,2024-09-16,2024-09-19,2024-10-30,2-3%,-2.342,stop,-11.089,-568.77,29,100.1701,89.0622,5129.18
WYNN,2024-10-03,2024-10-15,2024-11-05,2-3%,-2.029,stop,-11.089,-565.7,15,100.07,88.9732,5101.45
CAT,2024-10-14,2024-10-16,2024-11-06,2-3%,-2.147,tp_gap_filled,1.99,101.87,15,393.7834,401.618,5120.37
CFG,2024-10-16,2024-10-17,2024-11-06,2-3%,-2.645,tp_gap_filled,2.512,127.3,14,42.3723,43.4365,5068.85
COHR,2024-10-18,2024-10-21,2024-11-07,3-5%,-4.722,tp_gap_filled,4.747,238.47,13,97.3472,101.9679,5023.92
MRNA,2024-09-12,2024-09-13,2024-11-11,10%+,-14.615,stop,-37.063,-1879.91,41,67.9579,42.7707,5072.21
FCX,2024-10-03,2024-10-10,2024-11-12,2-3%,-2.322,stop,-11.089,-560.48,23,49.6896,44.1796,5054.37
MRK,2024-09-09,2024-09-26,2024-11-15,3-5%,-3.98,stop,-16.084,-824.2,36,113.2632,95.0459,5124.35
NTAP,2024-11-14,2024-11-15,2024-11-18,2-3%,-2.248,tp_gap_filled,2.095,102.8,1,117.107,119.5603,4907.24
FDX,2024-09-20,2024-09-24,2024-11-22,10%+,-13.19,tp_gap_filled,14.963,767.91,43,210.3391,241.8127,5131.96
ADI,2024-11-05,2024-11-11,2024-11-25,2-3%,-2.177,tp_gap_filled,2.021,100.65,10,219.5293,223.9658,4980.22
SWKS,2024-11-13,2024-11-15,2024-11-25,2-3%,-2.597,tp_gap_filled,2.461,120.83,6,84.8648,86.953,4910.64
WYNN,2024-11-05,2024-11-14,2024-12-02,3-5%,-4.255,tp_gap_filled,4.236,210.19,11,91.6716,95.5544,4962.47
COHR,2024-11-20,2024-11-25,2024-12-02,2-3%,-2.264,tp_gap_filled,2.112,105.94,4,101.9919,104.1458,5016.41
EL,2024-11-29,2024-12-02,2024-12-03,2-3%,-2.217,tp_gap_filled,2.063,103.54,1,72.3923,73.886,5017.95
RDDT,2024-11-22,2024-11-25,2024-12-06,5-10%,-7.98,tp_gap_filled,8.455,424.67,8,145.5554,157.862,5022.71
CNC,2024-09-04,2024-09-11,2024-12-10,5-10%,-7.628,time_exit,-23.632,-1188.03,63,74.1841,56.6533,5027.33
LEN,2024-09-20,2024-09-23,2024-12-12,3-5%,-3.617,stop,-16.084,-824.57,57,179.7439,150.8339,5126.63
ADBE,2024-09-13,2024-09-16,2024-12-13,5-10%,-9.203,time_exit,-12.733,-647.4,63,533.1026,465.2243,5084.52
NUE,2024-09-17,2024-12-11,2024-12-16,2-3%,-2.455,stop,-11.089,-553.13,3,139.5894,124.1104,4988.09
SMCI,2024-11-29,2024-12-16,2024-12-17,5-10%,-5.988,tp_gap_filled,6.157,299.7,1,33.003,35.0349,4867.67
JBHT,2024-11-13,2024-11-14,2024-12-19,2-3%,-2.114,stop,-11.089,-550.75,24,188.6585,167.7381,4966.66
ACN,2024-12-03,2024-12-18,2024-12-19,3-5%,-3.481,tp_gap_filled,3.4,163.73,1,349.1488,361.0186,4816.13
APP,2024-11-22,2024-12-18,2024-12-19,2-3%,-2.903,tp_gap_filled,2.785,133.86,1,309.309,317.9218,4807.35
BG,2024-10-18,2024-11-15,2024-12-30,3-5%,-4.069,stop,-16.084,-790.34,29,91.8017,77.0363,4913.85
IDXX,2024-11-21,2024-12-19,2024-12-31,2-3%,-2.164,tp_gap_filled,2.008,96.28,7,409.9595,418.1914,4795.16
GIS,2024-09-18,2024-10-03,2025-01-03,3-5%,-3.02,time_exit,-11.761,-591.33,63,72.3222,63.8161,5027.71
ECHO,2024-12-31,2025-01-02,2025-01-03,2-3%,-2.173,tp_gap_filled,2.017,96.97,1,22.5325,22.987,4807.75
RMD,2024-12-23,2024-12-24,2025-01-07,2-3%,-2.976,tp_gap_filled,2.861,138.73,8,230.4402,237.0327,4849.23
CCI,2024-12-13,2024-12-16,2025-01-08,2-3%,-2.248,stop,-11.089,-540.13,15,96.6466,85.9294,4870.89
PCG,2024-12-02,2024-12-04,2025-01-10,3-5%,-4.3,stop,-16.084,-807.49,24,20.7207,17.388,5020.47
ALB,2024-10-03,2024-12-18,2025-01-14,2-3%,-2.147,tp_gap_filled,1.99,95.7,16,92.1421,93.9759,4808.37
AOS,2024-10-11,2024-10-16,2025-01-17,5-10%,-6.863,time_exit,-10.796,-552.19,63,80.4203,71.7382,5114.76
TMUS,2025-01-06,2025-01-07,2025-01-17,2-3%,-2.583,tp_gap_filled,2.447,117.61,7,213.6634,218.8909,4807.17
CVNA,2024-12-27,2025-01-16,2025-01-17,2-3%,-2.156,tp_gap_filled,1.999,95.02,1,43.8898,44.7672,4753.58
IQV,2025-01-14,2025-01-15,2025-01-21,2-3%,-2.766,tp_gap_filled,2.639,125.04,3,199.179,204.4354,4737.96
VTRS,2024-12-24,2025-01-03,2025-01-22,2-3%,-2.002,stop,-11.089,-536.81,11,12.2522,10.8936,4840.89
APP,2025-01-07,2025-01-17,2025-01-22,2-3%,-2.606,tp_gap_filled,2.471,117.97,2,346.0257,354.5751,4774.88
HSY,2024-12-11,2024-12-12,2025-01-23,3-5%,-4.562,stop,-16.084,-792.03,26,178.8286,150.0658,4924.34
MO,2024-12-26,2024-12-27,2025-01-27,2-3%,-2.226,tp_gap_filled,2.072,100.38,18,52.3323,53.4165,4844.94
HRL,2024-12-04,2024-12-31,2025-01-27,2-3%,-2.514,tp_gap_filled,2.374,114.56,16,31.051,31.7882,4825.42
MCD,2024-11-21,2025-01-10,2025-01-27,2-3%,-2.032,tp_gap_filled,1.87,88.2,10,285.285,290.6191,4717.05
AAPL,2025-01-21,2025-01-22,2025-01-27,2-3%,-2.6,tp_gap_filled,2.465,117.76,3,224.224,229.75,4778.11
CME,2024-12-27,2024-12-30,2025-01-30,3-5%,-3.135,tp_gap_filled,3.031,145.77,20,231.9417,238.9708,4810.1
APA,2025-01-22,2025-01-28,2025-02-11,2-3%,-2.236,tp_gap_filled,2.083,100.45,10,23.1932,23.6763,4821.99
CSX,2025-01-24,2025-02-03,2025-02-18,3-5%,-4.811,tp_gap_filled,4.845,230.4,10,32.082,33.6363,4755.81
MCHP,2024-12-16,2024-12-18,2025-02-19,3-5%,-3.321,tp_gap_filled,3.228,155.43,40,57.9979,59.8701,4815.07
ISRG,2025-01-24,2025-01-28,2025-02-19,3-5%,-4.397,tp_gap_filled,4.39,211.82,15,582.4819,608.0513,4825.44
TXN,2025-01-24,2025-01-27,2025-02-20,5-10%,-5.289,tp_gap_filled,5.373,261.34,17,190.19,200.4094,4863.73
ACGL,2024-11-18,2024-11-19,2025-02-24,5-10%,-5.185,time_exit,-7.435,-364.78,63,96.6466,89.4605,4905.96
TGT,2024-11-20,2024-11-25,2025-02-28,10%+,-17.949,time_exit,-3.131,-157.14,63,128.128,124.1158,5018.01
SNDK,2025-02-26,2025-02-27,2025-02-28,3-5%,-4.174,tp_gap_filled,4.147,196.85,1,46.1962,48.1118,4746.96
MDT,2025-02-18,2025-02-20,2025-03-03,5-10%,-5.226,tp_gap_filled,5.303,253.16,7,88.048,92.7172,4773.88
CF,2025-01-24,2025-01-29,2025-03-04,3-5%,-4.336,stop,-16.084,-772.88,23,91.2011,76.5323,4805.29
KR,2025-03-03,2025-03-04,2025-03-06,3-5%,-3.116,tp_gap_filled,3.01,141.49,2,62.8628,64.7552,4700.11
COO,2024-12-06,2024-12-09,2025-03-07,3-5%,-3.72,stop,-16.084,-807.39,59,99.4894,83.4875,5019.82
TPL,2025-03-05,2025-03-06,2025-03-07,2-3%,-2.738,tp_gap_filled,2.61,123.12,1,443.7767,455.3575,4718.04
AES,2025-03-03,2025-03-04,2025-03-10,3-5%,-3.796,tp_gap_filled,3.739,175.98,4,11.1611,11.5784,4707.3
FRT,2024-11-18,2024-12-18,2025-03-11,2-3%,-2.501,stop,-11.089,-533.41,54,110.8107,98.5229,4810.28
VST,2025-03-05,2025-03-12,2025-03-17,2-3%,-2.517,tp_gap_filled,2.377,110.78,3,123.8687,126.8131,4660.39
TMUS,2025-03-14,2025-03-17,2025-03-18,2-3%,-2.165,tp_gap_filled,2.009,94.35,1,253.7435,258.8409,4696.5
DPZ,2025-02-24,2025-03-10,2025-03-19,3-5%,-4.622,tp_gap_filled,4.636,217.69,7,441.441,461.9076,4695.4
AVGO,2025-03-17,2025-03-18,2025-03-19,3-5%,-3.83,tp_gap_filled,3.775,176.87,1,188.2381,195.3445,4685.05
CMI,2025-03-13,2025-03-14,2025-03-24,3-5%,-3.677,tp_gap_filled,3.61,167.88,6,318.8685,330.3793,4650.7
PEP,2025-03-12,2025-03-14,2025-03-31,3-5%,-3.144,tp_gap_filled,3.04,141.46,11,147.6875,152.1777,4652.77
CCI,2025-03-25,2025-03-26,2025-03-31,2-3%,-2.675,tp_gap_filled,2.543,120.58,3,101.6215,104.2057,4741.89
KEY,2025-01-21,2025-01-22,2025-04-03,3-5%,-4.699,stop,-16.084,-768.86,50,17.4574,14.6496,4780.27
APD,2025-02-07,2025-03-03,2025-04-03,2-3%,-2.508,stop,-11.089,-528.53,23,320.2199,284.7107,4766.25
INTC,2025-03-19,2025-03-24,2025-04-03,3-5%,-3.935,stop,-16.084,-765.97,8,24.9249,20.916,4762.28
DGX,2025-03-19,2025-03-31,2025-04-03,2-3%,-2.157,tp_gap_filled,2.001,94.06,3,168.8987,172.2775,4701.9
HOOD,2025-03-28,2025-04-01,2025-04-03,2-3%,-2.955,stop,-11.089,-521.1,2,42.7327,37.9941,4699.22
JBHT,2025-01-17,2025-01-21,2025-04-04,5-10%,-6.015,stop,-26.074,-1251.86,52,175.175,129.4999,4801.17
TXT,2025-01-22,2025-01-24,2025-04-04,3-5%,-4.2,stop,-16.084,-771.1,49,77.8678,65.3435,4794.21
STT,2025-01-17,2025-03-04,2025-04-04,3-5%,-4.806,stop,-16.084,-758.73,23,95.7557,80.3543,4717.29
ROST,2025-03-05,2025-03-11,2025-04-04,3-5%,-4.832,tp_gap_filled,4.867,226.91,18,129.5294,135.834,4661.89
KLAC,2025-03-28,2025-04-02,2025-04-04,2-3%,-2.09,stop,-11.089,-523.86,2,68.6055,60.9979,4724.11
MRK,2025-02-18,2025-04-04,2025-04-07,2-3%,-2.265,tp_gap_filled,2.113,95.24,1,81.2111,82.927,4507.64
LMT,2025-03-24,2025-04-07,2025-04-08,3-5%,-3.2,tp_gap_filled,3.099,139.53,1,426.0556,439.2603,4501.9
JNJ,2025-01-22,2025-04-09,2025-04-10,2-3%,-2.801,tp_gap_filled,2.676,121.67,1,144.144,148.0018,4546.19
LII,2025-04-08,2025-04-09,2025-04-10,2-3%,-2.508,tp_gap_filled,2.368,107.91,1,511.6111,523.7257,4556.95
GIS,2025-02-18,2025-04-08,2025-04-14,3-5%,-3.382,tp_gap_filled,3.294,147.68,4,56.9068,58.7812,4483.83
VZ,2025-04-22,2025-04-25,2025-04-29,2-3%,-2.19,tp_gap_filled,2.034,92.32,2,42.032,42.8871,4538.01
VRT,2025-03-26,2025-04-23,2025-05-01,5-10%,-6.421,tp_gap_filled,6.648,301.08,6,85.7857,91.4884,4529.14
GPC,2025-04-01,2025-04-14,2025-05-02,2-3%,-2.636,tp_gap_filled,2.502,113.76,13,116.116,119.0209,4547.39
ULTA,2025-02-07,2025-04-23,2025-05-02,2-3%,-2.888,tp_gap_filled,2.769,124.83,7,390.39,401.1984,4508.9
REGN,2025-05-08,2025-05-09,2025-05-12,2-3%,-2.326,tp_gap_filled,2.177,99.59,1,548.4279,560.3691,4574.05
AMGN,2025-05-08,2025-05-09,2025-05-12,2-3%,-2.317,tp_gap_filled,2.167,98.93,1,269.7195,275.5642,4565.44
AES,2025-03-12,2025-05-12,2025-05-13,2-3%,-2.502,tp_gap_filled,2.361,108.84,1,11.7017,11.978,4609.15
CRWD,2025-05-09,2025-05-12,2025-05-13,2-3%,-2.26,tp_gap_filled,2.107,97.2,1,104.841,107.0503,4612.46
PFE,2025-05-09,2025-05-12,2025-05-13,2-3%,-2.003,tp_gap_filled,1.84,84.96,1,22.5325,22.947,4618.0
UNH,2025-02-21,2025-04-21,2025-05-15,10%+,-12.513,stop,-37.063,-1667.86,18,439.9895,276.9162,4500.07
COST,2025-03-07,2025-04-17,2025-05-16,3-5%,-3.065,tp_gap_filled,2.956,133.86,20,996.1452,1025.5934,4528.06
KMB,2025-04-22,2025-04-23,2025-05-19,3-5%,-4.99,tp_gap_filled,5.042,227.33,18,133.2131,139.9299,4508.59
HUM,2025-05-13,2025-05-19,2025-05-20,3-5%,-3.334,tp_gap_filled,3.242,148.8,1,244.6744,252.6071,4589.65
KEYS,2025-02-26,2025-02-27,2025-05-21,5-10%,-6.07,tp_gap_filled,6.249,296.98,58,161.8817,171.9978,4752.35
NEM,2025-04-14,2025-04-25,2025-06-02,2-3%,-2.31,tp_gap_filled,2.16,98.03,25,53.7537,54.915,4537.22
INCY,2025-03-17,2025-03-18,2025-06-03,10%+,-11.583,tp_gap_filled,12.874,603.18,53,60.06,67.7921,4685.28
LYV,2025-05-29,2025-05-30,2025-06-04,3-5%,-3.067,tp_gap_filled,2.958,135.99,3,136.0559,140.0798,4598.18
NEE,2025-05-22,2025-05-29,2025-06-05,3-5%,-3.69,tp_gap_filled,3.624,166.36,5,68.9689,71.4685,4590.18
ABNB,2025-05-20,2025-06-04,2025-06-05,2-3%,-2.083,tp_gap_filled,1.923,88.92,1,133.8888,136.4634,4624.29
MRK,2025-05-13,2025-05-14,2025-06-10,3-5%,-4.327,tp_gap_filled,4.314,196.25,18,77.0269,80.3496,4549.53
RMD,2025-05-20,2025-05-23,2025-06-10,3-5%,-3.9,tp_gap_filled,3.85,175.9,11,243.7135,253.0967,4568.81
AMAT,2025-05-16,2025-06-06,2025-06-11,3-5%,-3.617,tp_gap_filled,3.545,165.17,3,168.5984,174.5753,4659.1
TSLA,2025-06-05,2025-06-10,2025-06-11,2-3%,-2.879,tp_gap_filled,2.759,128.78,1,322.8125,331.7179,4668.14
AES,2025-05-20,2025-06-10,2025-06-12,3-5%,-3.672,tp_gap_filled,3.605,168.27,2,11.2913,11.6983,4668.17
LMT,2025-06-11,2025-06-12,2025-06-13,2-3%,-2.674,tp_gap_filled,2.542,118.89,1,464.6141,476.4231,4677.75
MOS,2025-06-06,2025-06-10,2025-06-16,5-10%,-5.769,tp_gap_filled,5.91,276.07,4,34.3343,36.3636,4670.96
NUE,2025-06-11,2025-06-13,2025-06-18,3-5%,-3.754,tp_gap_filled,3.692,171.75,3,120.12,124.5553,4651.45
PCAR,2025-03-13,2025-03-21,2025-06-23,3-5%,-4.808,time_exit,-5.999,-282.6,63,97.5074,91.6582,4711.1
GE,2025-06-12,2025-06-20,2025-06-23,2-3%,-2.248,tp_gap_filled,2.096,96.6,1,240.24,245.2745,4609.61
TMUS,2025-06-17,2025-06-18,2025-06-25,3-5%,-3.935,tp_gap_filled,3.888,179.4,4,222.1219,230.759,4613.75
BA,2025-06-12,2025-06-13,2025-06-27,5-10%,-5.528,tp_gap_filled,5.64,262.48,9,202.3722,213.786,4653.81
CRM,2025-05-29,2025-05-30,2025-06-30,3-5%,-4.507,tp_gap_filled,4.51,207.33,20,263.8536,275.754,4596.86
NEM,2025-06-27,2025-06-30,2025-07-01,2-3%,-2.957,tp_gap_filled,2.841,133.29,1,57.4974,59.1308,4692.03
CNC,2025-05-13,2025-05-16,2025-07-02,3-5%,-3.118,stop,-16.084,-737.27,31,60.9709,51.1643,4583.86
NEE,2025-06-30,2025-07-01,2025-07-02,3-5%,-4.317,tp_gap_filled,4.302,204.03,1,67.8978,70.8191,4742.15
GILD,2025-06-10,2025-06-11,2025-07-08,2-3%,-2.752,tp_gap_filled,2.625,122.5,17,109.9999,112.887,4667.45
DVN,2025-06-16,2025-06-18,2025-07-08,2-3%,-2.022,tp_gap_filled,1.86,85.8,12,34.4344,35.0749,4612.57
MKC,2025-03-25,2025-04-07,2025-07-09,5-10%,-5.153,time_exit,-5.426,-244.63,63,76.2762,72.1378,4508.86
ZTS,2025-06-18,2025-06-20,2025-07-10,2-3%,-2.833,tp_gap_filled,2.71,124.92,13,157.2471,161.5083,4609.72
ELV,2025-05-13,2025-05-16,2025-07-14,3-5%,-4.058,stop,-16.084,-736.98,38,400.1798,335.8149,4582.08
NOC,2025-04-22,2025-04-28,2025-07-22,5-10%,-8.767,tp_gap_filled,9.39,426.65,58,485.2347,530.7987,4543.67
OMC,2025-07-09,2025-07-14,2025-07-22,2-3%,-2.786,tp_gap_filled,2.66,124.43,6,72.6526,74.5853,4677.41
ROP,2025-04-28,2025-07-21,2025-07-22,3-5%,-3.541,tp_gap_filled,3.464,162.05,1,538.488,557.1423,4677.96
EIX,2025-07-07,2025-07-10,2025-07-23,2-3%,-2.303,tp_gap_filled,2.152,101.13,9,51.3913,52.4974,4698.6
SJM,2025-06-10,2025-07-03,2025-07-29,5-10%,-6.124,tp_gap_filled,6.311,296.67,17,105.105,111.7381,4700.87
ADSK,2025-07-10,2025-07-22,2025-07-29,2-3%,-2.366,tp_gap_filled,2.219,105.6,5,300.3,306.9627,4759.78
PTC,2025-07-10,2025-07-17,2025-07-31,5-10%,-5.759,tp_gap_filled,5.898,277.25,10,198.5484,210.2595,4700.4
ABT,2025-07-17,2025-07-23,2025-08-07,3-5%,-3.94,tp_gap_filled,3.893,185.64,11,126.6766,131.6083,4768.27
GILD,2025-07-28,2025-07-29,2025-08-08,2-3%,-2.418,tp_gap_filled,2.273,108.06,8,113.5034,116.0838,4753.41
APTV,2025-07-07,2025-07-09,2025-08-13,2-3%,-2.122,tp_gap_filled,1.964,92.09,25,71.091,72.4874,4688.02
WBD,2025-07-01,2025-08-08,2025-08-13,3-5%,-4.45,tp_gap_filled,4.448,208.07,3,10.9609,11.4485,4677.35
INTC,2025-07-25,2025-07-28,2025-08-14,5-10%,-8.617,tp_gap_filled,9.211,436.41,13,20.7007,22.6074,4738.07
TGT,2025-08-13,2025-08-14,2025-08-19,2-3%,-2.306,tp_gap_filled,2.156,102.3,3,103.9138,106.1537,4745.95
NEM,2025-08-11,2025-08-19,2025-08-20,2-3%,-2.146,tp_gap_filled,1.988,95.01,1,67.5675,68.911,4778.16
ALB,2025-08-12,2025-08-20,2025-08-22,3-5%,-3.12,tp_gap_filled,3.015,144.14,2,78.3182,80.6792,4781.41
INTC,2025-08-18,2025-08-20,2025-08-22,2-3%,-2.28,tp_gap_filled,2.129,101.78,2,24.024,24.5354,4780.8
TAP,2025-05-08,2025-05-29,2025-08-28,5-10%,-7.899,time_exit,-4.26,-195.32,63,52.4023,50.1698,4584.51
ADBE,2025-03-13,2025-06-02,2025-09-02,5-10%,-7.599,time_exit,-14.887,-683.13,63,405.6753,345.2844,4588.91
ISRG,2025-06-09,2025-06-10,2025-09-03,3-5%,-4.592,stop,-16.084,-751.0,58,532.0315,446.4596,4669.23
BF-B,2025-06-05,2025-06-09,2025-09-09,10%+,-17.199,time_exit,-0.309,-14.4,63,27.5175,27.4325,4664.96
STZ,2025-08-26,2025-08-27,2025-09-10,2-3%,-2.071,stop,-11.089,-529.4,9,160.4503,142.658,4774.1
PYPL,2025-08-27,2025-09-02,2025-09-18,2-3%,-2.066,tp_gap_filled,1.906,90.09,12,68.7987,70.1098,4727.65
CDNS,2025-09-10,2025-09-11,2025-09-18,3-5%,-3.668,tp_gap_filled,3.6,168.95,5,348.8485,361.4082,4692.51
EQIX,2025-06-26,2025-06-27,2025-09-26,3-5%,-4.036,time_exit,-0.288,-13.46,63,791.831,789.5497,4673.54
HAL,2025-09-30,2025-10-01,2025-10-02,2-3%,-2.12,tp_gap_filled,1.962,92.2,1,24.4945,24.975,4699.96
ACN,2025-06-20,2025-07-11,2025-10-09,5-10%,-8.143,time_exit,-10.622,-497.02,63,281.7114,251.788,4679.19
GILD,2025-08-21,2025-08-22,2025-10-09,2-3%,-2.72,tp_gap_filled,2.591,124.73,33,115.6155,118.6113,4813.51
EIX,2025-10-02,2025-10-03,2025-10-15,2-3%,-2.168,tp_gap_filled,2.012,94.54,8,55.1151,56.2237,4699.8
ALGN,2025-10-10,2025-10-13,2025-10-16,2-3%,-2.404,tp_gap_filled,2.258,105.46,3,128.8287,131.7381,4669.81
EW,2025-10-08,2025-10-10,2025-10-22,2-3%,-2.894,tp_gap_filled,2.774,128.53,8,74.5745,76.6433,4633.18
NFLX,2025-07-18,2025-08-14,2025-10-23,2-3%,-2.528,stop,-11.089,-526.55,49,124.3202,110.5343,4748.36
RVTY,2025-07-28,2025-07-30,2025-10-28,5-10%,-9.395,time_exit,2.478,117.07,63,94.0239,96.3535,4724.88
SW,2025-08-26,2025-09-12,2025-10-29,2-3%,-2.558,stop,-11.089,-515.97,33,44.7998,39.8319,4652.98
HPQ,2025-09-10,2025-09-11,2025-11-10,2-3%,-2.135,stop,-11.089,-520.79,42,28.4484,25.2938,4696.44
NEM,2025-10-24,2025-10-30,2025-11-11,5-10%,-7.165,tp_gap_filled,7.502,340.29,8,82.6225,88.8211,4535.84
KR,2025-08-13,2025-08-14,2025-11-12,3-5%,-4.011,time_exit,-7.551,-358.89,63,70.6706,65.3346,4753.21
HBAN,2025-10-27,2025-10-28,2025-11-12,3-5%,-3.423,tp_gap_filled,3.337,155.91,11,15.5355,16.0539,4672.14
ON,2025-08-04,2025-10-20,2025-11-17,3-5%,-4.963,stop,-16.084,-760.23,20,54.054,45.36,4726.6
TXN,2025-10-20,2025-10-22,2025-11-17,2-3%,-2.305,stop,-11.089,-521.16,18,172.6825,153.5337,4699.79
LEN,2025-09-19,2025-09-24,2025-11-26,3-5%,-4.794,tp_gap_filled,4.826,225.88,45,126.6265,132.7371,4680.82
FCX,2025-09-24,2025-10-10,2025-12-05,5-10%,-7.782,tp_gap_filled,8.222,381.4,39,41.8718,45.3146,4638.67
HRL,2025-08-28,2025-09-10,2025-12-09,10%+,-14.611,time_exit,-4.831,-225.35,63,24.8048,23.6064,4664.22
SNPS,2025-09-10,2025-09-11,2025-12-10,10%+,-29.216,time_exit,11.005,515.81,63,428.2278,475.3542,4687.11
DECK,2025-10-24,2025-10-27,2025-12-12,10%+,-13.692,tp_gap_filled,15.633,735.16,33,88.5885,102.4375,4702.67
ABT,2025-11-20,2025-12-08,2025-12-15,2-3%,-2.893,tp_gap_filled,2.774,127.5,5,122.6225,126.0239,4596.38
CASY,2025-12-10,2025-12-11,2025-12-22,3-5%,-4.384,tp_gap_filled,4.376,203.4,7,539.0885,562.6768,4648.44
TXN,2025-12-15,2025-12-17,2025-12-22,2-3%,-2.268,tp_gap_filled,2.117,97.96,3,175.5254,179.2406,4628.23
MRVL,2025-11-28,2025-12-12,2025-12-23,2-3%,-2.075,tp_gap_filled,1.915,89.65,7,85.9859,87.6323,4681.92
LITE,2025-12-23,2025-12-29,2026-01-02,2-3%,-2.288,tp_gap_filled,2.137,99.45,3,381.341,389.4901,4653.68
EFX,2025-10-02,2025-10-03,2026-01-05,5-10%,-7.576,time_exit,-6.079,-285.57,63,234.8446,220.5692,4697.98
ACN,2025-12-18,2026-01-02,2026-01-06,3-5%,-3.193,tp_gap_filled,3.092,141.68,2,265.265,273.4663,4582.49
HST,2025-12-31,2026-01-02,2026-01-06,2-3%,-2.132,tp_gap_filled,1.975,90.4,2,17.9179,18.2717,4577.9
DE,2025-11-26,2025-12-03,2026-01-08,3-5%,-4.216,tp_gap_filled,4.193,192.1,24,477.6071,497.6319,4581.83
NKE,2025-12-19,2025-12-24,2026-01-08,5-10%,-9.797,tp_gap_filled,10.64,492.96,9,59.2592,65.5644,4633.06
NVR,2025-11-24,2026-01-06,2026-01-08,2-3%,-2.227,tp_gap_filled,2.073,95.87,2,7231.5241,7381.431,4624.61
MOS,2025-10-10,2025-10-13,2026-01-13,5-10%,-8.493,time_exit,-14.518,-677.54,63,30.6306,26.1838,4667.07
WBD,2025-12-26,2026-01-02,2026-01-13,2-3%,-2.053,tp_gap_filled,1.892,86.66,7,28.6586,29.2008,4580.99
LITE,2026-01-09,2026-01-12,2026-01-13,3-5%,-4.008,tp_gap_filled,3.967,184.53,1,334.6363,347.9117,4651.5
CPRT,2025-11-21,2025-11-24,2026-01-15,2-3%,-2.218,tp_gap_filled,2.064,92.16,35,40.1501,40.979,4464.22
PGR,2025-10-15,2025-10-16,2026-01-16,5-10%,-5.932,time_exit,-10.69,-500.29,63,226.3661,202.1676,4679.95
FICO,2025-10-08,2025-11-11,2026-01-20,3-5%,-3.094,stop,-16.084,-724.91,46,1823.2114,1529.9661,4507.01
FCX,2026-01-15,2026-01-20,2026-01-21,2-3%,-2.27,tp_gap_filled,2.118,97.53,1,59.039,60.2896,4603.93
BSX,2026-01-15,2026-01-16,2026-01-26,5-10%,-5.846,tp_gap_filled,5.997,276.95,5,88.3483,93.6463,4618.41
RCL,2026-01-13,2026-01-27,2026-01-28,2-3%,-2.285,tp_gap_filled,2.134,98.82,1,294.5442,300.8289,4631.47
ELV,2025-12-19,2026-01-27,2026-01-28,2-3%,-2.017,tp_gap_filled,1.854,85.83,1,337.9876,344.2554,4628.35
NOW,2025-12-15,2025-12-17,2026-01-29,5-10%,-7.752,stop,-26.074,-1208.01,28,159.7596,118.1039,4632.99
PAYX,2025-09-30,2025-10-29,2026-01-30,5-10%,-5.384,time_exit,-15.366,-703.43,63,121.7316,103.0269,4577.93
SNPS,2026-01-13,2026-01-21,2026-01-30,2-3%,-2.295,stop,-11.089,-512.03,7,521.7012,463.8497,4617.46
WDAY,2025-11-26,2025-11-28,2026-02-03,5-10%,-7.852,stop,-26.074,-1185.43,44,215.5553,159.3514,4546.4
KR,2025-12-04,2025-12-05,2026-02-04,3-5%,-4.003,tp_gap_filled,3.962,182.51,40,63.6135,66.1338,4606.61
HPE,2025-12-05,2026-01-20,2026-02-04,5-10%,-8.734,tp_gap_filled,9.35,431.04,11,20.9209,22.8771,4609.77
HBAN,2026-01-22,2026-02-03,2026-02-04,2-3%,-2.504,tp_gap_filled,2.363,108.06,1,18.3183,18.7512,4572.11
GE,2026-01-22,2026-01-30,2026-02-06,3-5%,-3.965,tp_gap_filled,3.921,179.88,5,306.1759,318.1815,4587.32
SJM,2025-08-27,2025-11-25,2026-02-11,5-10%,-9.342,tp_gap_filled,10.084,454.33,52,100.3502,110.4694,4505.52
CRL,2026-01-05,2026-02-05,2026-02-11,2-3%,-2.678,stop,-11.089,-510.24,4,197.197,175.3298,4601.29
NWS,2026-02-06,2026-02-10,2026-02-11,2-3%,-2.446,tp_gap_filled,2.303,106.04,1,26.7467,27.3626,4604.96
CBOE,2026-02-06,2026-02-12,2026-02-17,2-3%,-2.826,tp_gap_filled,2.703,124.11,2,267.7675,275.0047,4591.74
ERIE,2026-02-24,2026-02-25,2026-02-26,2-3%,-2.002,tp_gap_filled,1.839,84.4,1,258.7485,263.5062,4590.01
CRH,2026-01-13,2026-02-03,2026-03-03,2-3%,-2.664,stop,-11.089,-508.19,19,128.0079,113.8131,4582.85
PANW,2026-02-18,2026-02-19,2026-03-05,5-10%,-8.532,tp_gap_filled,9.11,419.48,10,149.6996,163.3365,4604.8
OXY,2026-03-04,2026-03-10,2026-03-11,2-3%,-2.422,tp_gap_filled,2.277,104.95,1,52.4324,53.6263,4608.96
NCLH,2026-03-10,2026-03-11,2026-03-17,2-3%,-2.076,tp_gap_filled,1.916,88.39,4,20.3003,20.6893,4612.47
AKAM,2026-02-20,2026-02-24,2026-03-18,5-10%,-8.988,tp_gap_filled,9.656,443.05,16,99.8397,109.4804,4588.25
MOS,2026-03-16,2026-03-17,2026-03-18,2-3%,-2.354,tp_gap_filled,2.206,101.84,1,28.6486,29.2807,4615.88
NEM,2026-02-24,2026-03-03,2026-03-19,3-5%,-3.002,stop,-16.084,-741.34,12,120.6405,101.2367,4609.2
GLW,2026-03-17,2026-03-19,2026-03-20,2-3%,-2.794,tp_gap_filled,2.669,122.31,1,128.4884,131.918,4582.3
WST,2026-03-10,2026-03-12,2026-03-24,3-5%,-3.092,tp_gap_filled,2.984,137.15,8,240.6304,247.8119,4595.3
FCX,2026-03-18,2026-03-24,2026-03-25,3-5%,-3.116,tp_gap_filled,3.01,137.18,1,56.3363,58.0319,4557.57
JBL,2026-03-18,2026-03-30,2026-03-31,5-10%,-5.584,tp_gap_filled,5.703,257.32,1,247.9477,262.0877,4512.14
SNDK,2026-03-25,2026-03-26,2026-04-01,5-10%,-7.328,tp_gap_filled,7.692,350.63,4,651.651,701.7775,4558.24
STX,2026-03-25,2026-04-01,2026-04-02,3-5%,-3.483,tp_gap_filled,3.401,156.18,1,410.5702,424.535,4591.75
WDC,2026-03-25,2026-04-01,2026-04-06,3-5%,-3.006,tp_gap_filled,2.893,133.06,2,292.292,300.7489,4598.77
MU,2026-03-25,2026-04-06,2026-04-08,3-5%,-3.168,tp_gap_filled,3.065,141.99,2,383.383,395.1345,4632.31
MKC,2026-03-31,2026-04-01,2026-04-10,5-10%,-6.422,tp_gap_filled,6.649,305.92,6,50.3203,53.6663,4600.62
PSA,2026-03-16,2026-03-17,2026-04-14,2-3%,-2.146,tp_gap_filled,1.989,91.85,19,291.6213,297.4223,4617.34
VEEV,2026-04-10,2026-04-13,2026-04-14,2-3%,-2.559,tp_gap_filled,2.421,113.64,1,153.2131,156.9229,4693.02
CEG,2026-03-31,2026-04-02,2026-04-15,5-10%,-7.89,tp_gap_filled,8.349,386.24,8,275.325,298.3114,4626.33
FDX,2026-04-14,2026-04-15,2026-04-16,2-3%,-2.404,tp_gap_filled,2.258,106.73,1,292.7582,299.3699,4725.95
DELL,2026-04-14,2026-04-16,2026-04-17,2-3%,-2.234,tp_gap_filled,2.081,98.9,1,185.7356,189.6002,4753.35
FANG,2026-03-11,2026-04-17,2026-04-20,3-5%,-3.011,tp_gap_filled,2.898,137.96,1,173.173,178.1916,4760.34
EXPD,2026-02-24,2026-02-26,2026-04-21,3-5%,-4.277,tp_gap_filled,4.26,196.08,37,143.3732,149.4804,4603.25
BIIB,2026-03-31,2026-04-02,2026-04-21,3-5%,-4.324,tp_gap_filled,4.31,199.32,12,179.6395,187.3824,4624.23
PODD,2026-03-13,2026-03-16,2026-04-23,3-5%,-4.206,stop,-16.084,-739.49,27,226.3661,189.9574,4597.68
TTD,2026-04-27,2026-04-28,2026-04-29,3-5%,-3.004,tp_gap_filled,2.891,135.14,1,23.2732,23.946,4674.87
SMCI,2026-03-20,2026-03-24,2026-05-06,10%+,-26.859,tp_gap_filled,36.45,1662.38,30,22.5425,30.7592,4560.73
MCK,2026-04-06,2026-04-07,2026-05-06,2-3%,-2.503,stop,-11.089,-513.1,21,863.0122,767.3128,4627.1
KHC,2026-01-21,2026-03-18,2026-05-07,5-10%,-6.439,tp_gap_filled,6.669,306.37,35,22.2522,23.7362,4593.86
PRU,2026-04-21,2026-04-30,2026-05-12,3-5%,-3.996,tp_gap_filled,3.954,185.4,8,98.5985,102.4974,4688.64
AIG,2026-01-06,2026-02-11,2026-05-13,5-10%,-5.558,time_exit,-5.097,-234.62,63,79.7697,75.7042,4603.45
EFX,2026-04-21,2026-04-22,2026-05-13,3-5%,-4.006,stop,-16.084,-762.7,15,190.6905,160.0198,4741.97
WDAY,2026-05-13,2026-05-14,2026-05-15,2-3%,-2.58,tp_gap_filled,2.443,112.95,1,115.6756,118.5014,4623.76
PAYX,2026-05-13,2026-05-15,2026-05-18,2-3%,-2.369,tp_gap_filled,2.222,102.5,1,91.5815,93.6163,4613.38
VST,2026-03-31,2026-05-13,2026-05-21,2-3%,-2.467,tp_gap_filled,2.325,107.47,6,144.0439,147.3925,4623.16
GE,2026-04-21,2026-05-11,2026-05-22,3-5%,-3.3,tp_gap_filled,3.206,148.6,9,293.8736,303.2964,4634.53
TTWO,2026-05-18,2026-05-20,2026-05-22,3-5%,-3.749,tp_gap_filled,3.688,172.06,2,233.5834,242.1976,4665.71
AEP,2026-05-13,2026-05-15,2026-05-26,3-5%,-3.797,tp_gap_filled,3.739,172.64,6,127.0569,131.8081,4616.84
RDDT,2026-05-22,2026-05-26,2026-05-27,3-5%,-3.206,tp_gap_filled,3.106,145.15,1,145.3752,149.89,4673.88
CME,2026-03-10,2026-03-12,2026-06-01,3-5%,-3.081,stop,-16.084,-737.64,55,309.5693,259.7781,4586.19
ADBE,2026-03-13,2026-03-16,2026-06-01,5-10%,-7.703,tp_gap_filled,8.129,373.55,53,249.249,269.5102,4595.28
CFG,2026-05-29,2026-06-01,2026-06-02,2-3%,-2.211,tp_gap_filled,2.057,95.84,1,61.091,62.3476,4659.6
CLX,2026-05-29,2026-06-05,2026-06-08,2-3%,-2.64,tp_gap_filled,2.507,117.39,1,93.7537,96.1038,4682.95
ECHO,2026-05-29,2026-06-01,2026-06-12,3-5%,-3.67,tp_gap_filled,3.602,167.78,9,126.3863,130.9389,4657.69
ORLY,2026-05-26,2026-05-27,2026-06-15,2-3%,-2.213,tp_gap_filled,2.059,96.07,13,89.7997,91.6483,4666.83
WDAY,2026-06-09,2026-06-10,2026-06-16,2-3%,-2.414,stop,-11.089,-518.41,4,140.4303,124.858,4674.96
WFC,2026-04-14,2026-04-21,2026-06-17,3-5%,-4.178,tp_gap_filled,4.152,196.96,40,83.103,86.5534,4743.95
CSGP,2026-06-11,2026-06-15,2026-06-18,2-3%,-2.045,stop,-11.089,-519.73,3,33.5635,29.8417,4686.87
FDXF,2026-06-16,2026-06-17,2026-06-18,3-5%,-3.027,tp_gap_filled,2.915,135.42,1,162.2621,166.9928,4644.84
RMD,2026-06-17,2026-06-18,2026-06-24,2-3%,-2.032,tp_gap_filled,1.87,86.68,3,190.19,193.7461,4636.03
SYY,2026-03-30,2026-04-08,2026-06-25,5-10%,-8.509,tp_gap_filled,9.081,423.89,54,74.9148,81.7182,4667.67
SCHW,2026-04-16,2026-07-01,2026-07-06,3-5%,-4.498,tp_gap_filled,4.5,208.77,2,95.8558,100.1697,4638.77
SWKS,2026-04-20,2026-07-08,2026-07-09,2-3%,-2.594,tp_gap_filled,2.458,114.79,1,57.5175,58.931,4670.67
PYPL,2026-04-16,2026-07-13,2026-07-15,2-3%,-2.38,tp_gap_filled,2.234,104.5,2,48.4384,49.5204,4678.16
ABT,2026-04-16,2026-04-17,2026-07-16,3-5%,-4.362,tp_gap_filled,4.352,207.21,61,97.2271,101.4584,4761.37
ULTA,2026-03-13,2026-04-20,2026-07-21,5-10%,-9.352,time_exit,-13.737,-655.86,63,566.8463,488.9805,4774.5
LDOS,2026-06-17,2026-07-07,2026-07-24,2-3%,-2.773,tp_gap_filled,2.647,125.16,13,110.5404,113.4664,4728.26
VZ,2026-06-29,2026-07-24,2026-07-27,2-3%,-2.084,tp_gap_filled,1.925,90.98,1,45.6156,46.4935,4727.15
ADSK,2026-05-29,2026-06-08,2026-07-28,5-10%,-6.387,tp_gap_filled,6.61,308.36,34,225.7856,240.709,4665.32
CME,2026-06-17,2026-06-18,2026-07-28,3-5%,-3.601,tp_gap_filled,3.528,163.76,26,252.4322,261.3384,4641.59
HCA,2026-04-24,2026-04-28,2026-07-29,5-10%,-9.288,time_exit,-5.264,-246.09,63,430.43,407.7718,4674.98
DPZ,2026-04-27,2026-04-28,2026-07-29,5-10%,-7.166,time_exit,5.216,243.88,63,341.8115,359.64,4675.79
REGN,2026-05-18,2026-05-29,2026-07-29,10%+,-11.789,tp_gap_filled,13.139,613.92,41,616.5459,697.5517,4672.64
VMC,2026-06-29,2026-06-30,2026-07-31,2-3%,-2.743,stop,-11.089,-511.85,22,303.1128,269.5006,4615.83
DVN,2026-07-27,2026-07-29,2026-07-31,2-3%,-2.664,tp_gap_filled,2.532,122.4,2,43.8838,44.995,4834.36
COP,2026-07-27,2026-07-30,2026-07-31,2-3%,-2.528,tp_gap_filled,2.388,114.67,1,117.3372,120.1397,4801.24
MAR,2026-06-16,2026-06-22,2026-08-03,2-3%,-2.279,stop,-11.089,-511.95,29,391.8915,348.4347,4616.7
STLD,2026-06-18,2026-07-29,2026-08-05,3-5%,-3.047,tp_gap_filled,2.936,142.22,5,262.1619,269.8599,4843.43
WRB,2026-07-15,2026-08-04,2026-08-05,2-3%,-2.028,tp_gap_filled,1.866,89.77,1,70.5905,71.908,4809.98
OXY,2026-07-27,2026-07-29,2026-08-06,3-5%,-3.072,tp_gap_filled,2.963,143.44,6,55.5955,57.2427,4841.54
DVA,2026-06-25,2026-08-05,2026-08-06,2-3%,-2.366,stop,-11.089,-533.94,1,208.208,185.1198,4815.05
INTC,2026-08-10,2026-08-11,2026-08-12,3-5%,-3.335,tp_gap_filled,3.243,155.73,1,98.3583,101.5484,4801.59
FOXA,2026-08-10,2026-08-11,2026-08-13,2-3%,-2.046,tp_gap_filled,1.885,90.43,2,62.7827,63.966,4798.27
ABNB,2026-08-11,2026-08-12,2026-08-13,2-3%,-2.823,tp_gap_filled,2.7,129.65,1,179.6645,184.5153,4802.16
JKHY,2026-08-10,2026-08-12,2026-08-13,2-3%,-2.559,tp_gap_filled,2.421,116.26,1,152.112,155.794,4802.73
AAPL,2026-08-10,2026-08-11,2026-08-19,2-3%,-2.074,tp_gap_filled,1.914,91.89,6,307.1368,313.0167,4800.01
TSCO,2026-08-17,2026-08-18,2026-08-19,2-3%,-2.205,tp_gap_filled,2.05,98.43,1,35.075,35.7942,4800.81
VRSK,2026-08-10,2026-08-11,2026-08-24,5-10%,-5.693,tp_gap_filled,5.825,279.68,9,181.0809,191.6282,4801.74
SNDK,2026-07-15,2026-08-17,2026-08-24,2-3%,-2.306,stop,-11.089,-533.41,5,1719.0073,1528.3866,4810.26
DPZ,2026-08-10,2026-08-17,2026-08-25,2-3%,-2.04,tp_gap_filled,1.879,90.55,6,344.1338,350.5991,4819.76
WDC,2026-08-24,2026-08-25,2026-08-26,2-3%,-2.849,tp_gap_filled,2.727,130.45,1,446.7964,458.9806,4783.53
AKAM,2026-08-10,2026-08-24,2026-08-27,2-3%,-2.868,tp_gap_filled,2.747,131.6,3,107.4774,110.4295,4791.17
MU,2026-08-24,2026-08-25,2026-08-27,3-5%,-3.31,tp_gap_filled,3.217,153.89,2,935.7148,965.8132,4784.23
APA,2026-08-25,2026-08-26,2026-08-31,3-5%,-3.678,tp_gap_filled,3.611,173.26,3,41.4214,42.917,4798.26
SNDK,2026-08-24,2026-08-25,2026-09-01,5-10%,-6.39,tp_gap_filled,6.613,316.53,5,1495.5841,1594.4839,4786.6
COIN,2026-08-28,2026-08-31,2026-09-03,2-3%,-2.459,tp_gap_filled,2.316,111.48,3,186.216,190.5293,4812.82
