bucket,range,condition,hold_horizon,n_trades,win_pct,return_pct,maxdd_pct,tp_gap_filled,stop,time_exit,avg_days_held
1pct,"[1,2)",baseline_63,63,2405,78.3,-21.73,-25.8,1884,521,0,4.5
1pct,"[1,2)",test_median_2,2,2849,57.8,-38.34,-39.22,1401,186,1262,1.6
2pct,"[2,3)",baseline_63,63,1808,82.7,31.49,-16.74,1493,295,20,8.2
2pct,"[2,3)",test_median_1,1,2654,52.6,-27.15,-27.52,744,41,1869,1.0
3pct,"[3,4)",baseline_63,63,1352,81.8,24.04,-22.64,1097,197,58,13.4
3pct,"[3,4)",test_median_3,3,1970,55.2,-22.75,-30.5,714,40,1216,2.5
4pct,"[4,5)",baseline_63,63,1106,79.0,39.54,-24.6,862,178,66,16.2
4pct,"[4,5)",test_median_5,5,1351,56.6,-20.58,-27.3,488,60,803,4.0
5pct,"[5,6)",baseline_63,63,785,79.0,36.92,-31.53,596,66,123,22.0
5pct,"[5,6)",test_median_7,7,903,59.2,0.79,-29.01,348,18,537,5.5
