bucket,condition,2016,2017,2018,2019,2020,2021,2022,2023,2024,2025
1pct,baseline_63,-1.33,1.72,-3.79,-1.07,-6.93,2.28,-12.85,0.52,1.98,-3.66
1pct,test_median_2,-4.03,-2.62,-2.47,-0.08,-9.58,-1.9,-13.42,-3.26,-4.7,-4.39
2pct,baseline_63,4.38,6.31,-5.52,8.72,-5.53,10.03,-7.56,6.63,7.26,4.97
2pct,test_median_1,-0.76,-2.76,-4.91,1.7,-5.93,2.19,-13.01,1.22,-0.81,-7.03
3pct,baseline_63,5.9,2.59,-4.16,12.48,-12.95,5.46,11.22,0.96,-0.15,2.9
3pct,test_median_3,2.44,-1.03,-9.4,-2.42,-12.84,0.88,-0.33,-2.35,-0.89,1.62
4pct,baseline_63,2.07,12.1,-5.09,9.66,-7.97,20.67,-1.62,6.5,6.35,-5.3
4pct,test_median_5,1.58,2.69,-3.34,-2.53,-14.9,5.33,-3.66,-1.07,-1.79,-3.68
5pct,baseline_63,1.22,2.82,-2.57,13.34,-13.54,17.13,-1.59,6.95,8.49,3.02
5pct,test_median_7,0.94,0.45,-0.98,0.46,-14.22,5.26,3.26,5.55,3.44,-1.85
