,equity
2016-09-06,100000.0
2016-09-07,100000.0
2016-09-08,99992.82524085455
2016-09-09,99128.02649230839
2016-09-12,99705.98519847065
2016-09-13,99286.22168619843
2016-09-14,98977.25312585576
2016-09-15,99516.90547337361
2016-09-16,99290.59738528315
2016-09-19,99610.75321957697
2016-09-20,99540.77758733608
2016-09-21,100395.81603822783
2016-09-22,100706.446330126
2016-09-23,100581.24480066379
2016-09-26,100633.91198717318
2016-09-27,100731.38457433804
2016-09-28,101008.05565254288
2016-09-29,100541.81664867485
2016-09-30,100590.59103273397
2016-10-03,100189.90621930234
2016-10-04,100006.30614297744
2016-10-05,99816.71198582678
2016-10-06,99792.18570077504
2016-10-07,99445.97658391962
2016-10-10,99602.72679622765
2016-10-11,98614.82696355958
2016-10-12,98817.47792624842
2016-10-13,98547.96301553679
2016-10-14,98256.76419057706
2016-10-17,98368.93721185191
2016-10-18,98575.93292470527
2016-10-19,99038.36299780273
2016-10-20,98720.95270163845
2016-10-21,98526.27305232057
2016-10-24,98623.63880127636
2016-10-25,98181.04095715871
2016-10-26,98257.14506245889
2016-10-27,97945.56951600098
2016-10-28,97807.2585999256
2016-10-31,97745.85714307768
2016-11-01,97423.23606920434
2016-11-02,97252.79507958842
2016-11-03,97113.7126269089
2016-11-04,97158.13973945512
2016-11-07,97751.65775414341
2016-11-08,97948.81480833738
2016-11-09,97938.71815079666
2016-11-10,97950.66224976187
2016-11-11,97518.03950312614
2016-11-14,97089.98626561275
2016-11-15,97279.84675403619
2016-11-16,97250.63483010663
2016-11-17,97147.55184480167
2016-11-18,97093.93189063201
2016-11-21,97196.23444820374
2016-11-22,97263.15253797222
2016-11-23,97206.01571185079
2016-11-25,97285.24368075447
2016-11-28,97538.67150100978
2016-11-29,97608.24328171028
2016-11-30,96733.58703000162
2016-12-01,96350.87152739812
2016-12-02,96492.21927132428
2016-12-05,96481.06161203119
2016-12-06,96538.51623698743
2016-12-07,96925.16467781435
2016-12-08,96999.60325111437
2016-12-09,97199.09087589337
2016-12-12,97444.32549459042
2016-12-13,97514.12468730993
2016-12-14,97255.81788845813
2016-12-15,97317.28715421658
2016-12-16,97346.4753229529
2016-12-19,97351.35779983117
2016-12-20,97256.08211151381
2016-12-21,97304.22342616369
2016-12-22,96878.50947230952
2016-12-23,96918.87861553734
2016-12-27,96960.80802677514
2016-12-28,96821.19139445183
2016-12-29,96842.1118800716
2016-12-30,96835.8298991649
2017-01-03,97022.47470671407
2017-01-04,97072.55209992193
2017-01-05,97082.66954565515
2017-01-06,97013.29253861608
2017-01-09,96978.60375941682
2017-01-10,96984.38531450994
2017-01-11,96968.48631368359
2017-01-12,97040.75409826923
2017-01-13,96998.83920224273
2017-01-17,97010.54238130554
2017-01-18,96918.51470083208
2017-01-19,96890.81997648305
2017-01-20,96885.78448474489
2017-01-23,96846.76062430136
2017-01-24,96865.64299800312
2017-01-25,96910.96146322481
2017-01-26,96919.77333366116
2017-01-27,96831.502587388
2017-01-30,96919.4290784239
2017-01-31,97084.02154857738
2017-02-01,97252.24673964093
2017-02-02,97010.91497546702
2017-02-03,97166.76404979808
2017-02-06,97161.3604196117
2017-02-07,97209.99735871043
2017-02-08,97260.2175057569
2017-02-09,97281.73919961337
2017-02-10,97308.700801069
2017-02-13,97337.28489148052
2017-02-14,97306.88894939938
2017-02-15,97421.67959617806
2017-02-16,97329.09755843919
2017-02-17,97171.89391344995
2017-02-21,97356.04684826912
2017-02-22,97257.1710068348
2017-02-23,97279.40193794211
2017-02-24,97115.71856499568
2017-02-27,97360.41801522333
2017-02-28,97203.2327340353
2017-03-01,97724.66796401727
2017-03-02,97496.27698340494
2017-03-03,97516.13234239744
2017-03-06,97543.51806377142
2017-03-07,97419.57434163132
2017-03-08,97146.9217380757
2017-03-09,97080.89600783442
2017-03-10,97249.28046680643
2017-03-13,97319.49587769437
2017-03-14,97136.82097024284
2017-03-15,97719.25520337904
2017-03-16,97544.60690869298
2017-03-17,97525.77505832262
2017-03-20,97890.16891714954
2017-03-21,97418.67860318463
2017-03-22,97370.62320970181
2017-03-23,97145.74121022524
2017-03-24,97101.26788952865
2017-03-27,96915.72232262943
2017-03-28,97384.14163241949
2017-03-29,97334.31734490338
2017-03-30,97391.46476621671
2017-03-31,97237.74811244893
2017-04-03,97028.942699695
2017-04-04,97071.83839547103
2017-04-05,96756.04875166035
2017-04-06,96915.07364036568
2017-04-07,96912.14010389186
2017-04-10,96917.04629279244
2017-04-11,97016.40195560217
2017-04-12,96669.71233960355
2017-04-13,96439.37571688987
2017-04-17,96700.26491976072
2017-04-18,96333.27737041464
2017-04-19,96397.81828752309
2017-04-20,96548.30112427229
2017-04-21,96574.10788753175
2017-04-24,96574.10788753175
2017-04-25,96547.38233538796
2017-04-26,96490.78441896217
2017-04-27,96412.09532358564
2017-04-28,96136.0666575612
2017-05-01,96268.37219722106
2017-05-02,96084.99080403475
2017-05-03,96198.29895106872
2017-05-04,96260.77852915943
2017-05-05,96608.91820612141
2017-05-08,96361.65038304549
2017-05-09,96439.30477822435
2017-05-10,96769.70641212822
2017-05-11,96741.52214590943
2017-05-12,96637.12192318139
2017-05-15,96747.99857185346
2017-05-16,96750.33623378375
2017-05-17,96162.86927101116
2017-05-18,96260.80550890576
2017-05-19,96716.11269461422
2017-05-22,96759.52160786846
2017-05-23,96645.47803075978
2017-05-24,96508.78249524056
2017-05-25,96708.01356243808
2017-05-26,96816.94694360936
2017-05-30,96802.4588903202
2017-05-31,96885.90452938099
2017-06-01,97729.87556603836
2017-06-02,97490.01734770348
2017-06-05,97357.70175011977
2017-06-06,97347.45190838806
2017-06-07,96929.04927455208
2017-06-08,96976.13521895153
2017-06-09,96856.07771549672
2017-06-12,96878.93722354216
2017-06-13,96793.85327317446
2017-06-14,96661.00842402753
2017-06-15,96514.84201073175
2017-06-16,96603.77181407584
2017-06-19,97216.00393972092
2017-06-20,97028.97772659501
2017-06-21,97132.20264450413
2017-06-22,97246.90073153045
2017-06-23,97398.54991187788
2017-06-26,97306.14107430344
2017-06-27,97003.84982547002
2017-06-28,97243.04953431919
2017-06-29,97181.58088000136
2017-06-30,97320.38750026286
2017-07-03,97543.3061136764
2017-07-05,97419.78955089825
2017-07-06,96969.11771255627
2017-07-07,97265.95798490528
2017-07-10,97543.29899843264
2017-07-11,97565.0963625753
2017-07-12,97730.19969718646
2017-07-13,97831.72057296964
2017-07-14,97896.30080699568
2017-07-17,97819.33577052345
2017-07-18,97637.48497472527
2017-07-19,97728.43706521273
2017-07-20,97635.30847347925
2017-07-21,97424.60874984477
2017-07-24,97253.14433541623
2017-07-25,97392.80791404034
2017-07-26,97170.4917798056
2017-07-27,97013.0118429141
2017-07-28,96900.62414043114
2017-07-31,96743.54739659026
2017-08-01,96731.762818824
2017-08-02,96650.08730938743
2017-08-03,96737.23718509702
2017-08-04,96573.24505065019
2017-08-07,96469.08539057962
2017-08-08,96301.63253491576
2017-08-09,96197.49904319327
2017-08-10,95842.69770181894
2017-08-11,95946.66260943632
2017-08-14,96248.80458243756
2017-08-15,96190.9925501528
2017-08-16,96370.3022950643
2017-08-17,95883.63809483607
2017-08-18,95978.76078326104
2017-08-21,95805.56997315922
2017-08-22,96087.25261963364
2017-08-23,96023.53766839103
2017-08-24,95804.00899970079
2017-08-25,95599.37125857327
2017-08-28,95468.42977846807
2017-08-29,95611.76796953971
2017-08-30,95417.01411916755
2017-08-31,95516.4639643282
2017-09-01,95401.05516265845
2017-09-05,94696.7486566128
2017-09-06,94733.1730353279
2017-09-07,94521.93850452614
2017-09-08,94496.98574105302
2017-09-11,94783.62549847025
2017-09-12,94802.38578409993
2017-09-13,94637.30576418349
2017-09-14,94555.55552978005
2017-09-15,94598.86677547716
2017-09-18,94706.09097989165
2017-09-19,94812.3833682779
2017-09-20,94706.978980569
2017-09-21,94710.021178784
2017-09-22,94744.04100229702
2017-09-25,94375.39769805266
2017-09-26,94292.53036926704
2017-09-27,94773.1769278596
2017-09-28,94807.38247048792
2017-09-29,94972.87735579605
2017-10-02,95038.47454559112
2017-10-03,95321.4319723586
2017-10-04,95366.0934887338
2017-10-05,95490.26958704536
2017-10-06,95379.06314987168
2017-10-09,95429.4226283204
2017-10-10,95461.17800994827
2017-10-11,95398.17924678324
2017-10-12,95277.78722791816
2017-10-13,95200.52783014733
2017-10-16,95091.80159812386
2017-10-17,95026.16008855402
2017-10-18,95142.7071939014
2017-10-19,95207.36869796476
2017-10-20,95453.3426317259
2017-10-23,95391.40760168017
2017-10-24,95318.53547188343
2017-10-25,95252.63538161764
2017-10-26,95172.5102024262
2017-10-27,95477.3217973815
2017-10-30,95359.26771971717
2017-10-31,95468.61903133473
2017-11-01,95489.80194145638
2017-11-02,95459.08362010002
2017-11-03,95321.22063424645
2017-11-06,95129.51617583775
2017-11-07,95207.16334501865
2017-11-08,95243.44453097321
2017-11-09,95448.22889715692
2017-11-10,95424.83441939365
2017-11-13,95407.18338264088
2017-11-14,95274.37097622089
2017-11-15,95411.05412738085
2017-11-16,95591.96448823076
2017-11-17,95573.87769603623
2017-11-20,95512.99850934382
2017-11-21,95642.09569640105
2017-11-22,95722.30573978949
2017-11-24,95734.76959057139
2017-11-27,95709.26217174124
2017-11-28,95711.63901845638
2017-11-29,95580.52185184171
2017-11-30,95662.30995482115
2017-12-01,95740.39151959962
2017-12-04,95494.23437654396
2017-12-05,95482.2854305317
2017-12-06,95377.543263555
2017-12-07,95478.22271165322
2017-12-08,95524.93320956678
2017-12-11,95679.64556705649
2017-12-12,95557.91866971448
2017-12-13,95577.965429964
2017-12-14,95467.1410763253
2017-12-15,95481.39430520336
2017-12-18,95552.71446864432
2017-12-19,95419.15185831778
2017-12-20,95515.64795264453
2017-12-21,95552.6711623425
2017-12-22,95519.45851665176
2017-12-26,95536.00064172977
2017-12-27,95496.80099571618
2017-12-28,95586.72077173131
2017-12-29,95501.26219085002
2018-01-02,95489.8721697969
2018-01-03,95371.69812818806
2018-01-04,95440.78664074588
2018-01-05,95502.67019542419
2018-01-08,95495.46804104176
2018-01-09,95529.22736701969
2018-01-10,95562.5364724943
2018-01-11,95527.87704892739
2018-01-12,95510.02625044835
2018-01-16,95449.79108800163
2018-01-17,95623.57147768256
2018-01-18,95602.59475853856
2018-01-19,95637.94431361722
2018-01-22,95909.5749153642
2018-01-23,95921.0819264563
2018-01-24,95930.07836463906
2018-01-25,95958.9524160573
2018-01-26,96275.62877640367
2018-01-29,96145.90395853714
2018-01-30,95974.14043767963
2018-01-31,95936.96723823244
2018-02-01,96126.28177301156
2018-02-02,95072.14727117069
2018-02-05,93279.5720700823
2018-02-06,93281.6700447934
2018-02-07,93268.20116609498
2018-02-08,92198.44023100084
2018-02-09,93055.98308115086
2018-02-12,93459.47076826819
2018-02-13,93578.19363319613
2018-02-14,93503.98186371177
2018-02-15,93832.5536514747
2018-02-16,93886.45292559775
2018-02-20,93924.56929861783
2018-02-21,93891.35935966825
2018-02-22,93852.56556202212
2018-02-23,93887.33117795084
2018-02-26,93905.96552419236
2018-02-27,93929.42258378003
2018-02-28,93874.44379951255
2018-03-01,94063.10540474896
2018-03-02,93979.4360410776
2018-03-05,94199.44317300743
2018-03-06,94295.57706188929
2018-03-07,94289.9113148774
2018-03-08,94382.07765262197
2018-03-09,94366.77909390634
2018-03-12,94315.14911284571
2018-03-13,94155.00569351585
2018-03-14,93756.75557222779
2018-03-15,93779.09271793946
2018-03-16,93874.2114700235
2018-03-19,93658.09808881457
2018-03-20,93894.24359253087
2018-03-21,93867.23929773623
2018-03-22,92850.09454996395
2018-03-23,92751.86267362267
2018-03-26,92959.0641438651
2018-03-27,92519.44047624883
2018-03-28,92372.80985501726
2018-03-29,92809.80839646146
2018-04-02,92251.82338070197
2018-04-03,92391.57176909948
2018-04-04,92525.19298378735
2018-04-05,92486.07534936622
2018-04-06,92081.73569342919
2018-04-09,92338.59728963107
2018-04-10,92809.21104204911
2018-04-11,92623.42030718208
2018-04-12,92660.80179082832
2018-04-13,92555.84494985199
2018-04-16,92706.66476644026
2018-04-17,92786.69614685983
2018-04-18,92830.22683351063
2018-04-19,92830.22683351063
2018-04-20,92726.84289548098
2018-04-23,92566.85912265786
2018-04-24,92215.00335039778
2018-04-25,92172.5972119164
2018-04-26,92401.03179158185
2018-04-27,92298.79443335532
2018-04-30,92119.0131907638
2018-05-01,92204.69531095811
2018-05-02,92209.54394540374
2018-05-03,92190.33152189446
2018-05-04,92622.5053769035
2018-05-07,92836.10392220039
2018-05-08,92887.9376299973
2018-05-09,93027.18877728644
2018-05-10,93163.38709605168
2018-05-11,93137.77977774525
2018-05-14,93137.32337627161
2018-05-15,93123.76726602209
2018-05-16,93074.33029353825
2018-05-17,93133.96883129132
2018-05-18,93153.93271440684
2018-05-21,93302.93241393883
2018-05-22,93223.31518580785
2018-05-23,93378.63627600629
2018-05-24,93315.48775292898
2018-05-25,93340.54488723386
2018-05-29,93132.27429443834
2018-05-30,93338.45781793352
2018-05-31,93179.11535310271
2018-06-01,93318.06450490211
2018-06-04,93262.32429453073
2018-06-05,93220.66023093437
2018-06-06,93293.11309878455
2018-06-07,93113.07359168076
2018-06-08,93132.38954698463
2018-06-11,93108.33552698366
2018-06-12,93275.31163582264
2018-06-13,93309.84052979821
2018-06-14,93468.41537112958
2018-06-15,93532.22636144875
2018-06-18,93603.15057393057
2018-06-19,93603.15057393057
2018-06-20,93465.85987521084
2018-06-21,93495.56555423856
2018-06-22,93609.48347916355
2018-06-25,93511.91270277218
2018-06-26,93520.23268008207
2018-06-27,93407.16575550436
2018-06-28,93550.40905210379
2018-06-29,93462.59545583742
2018-07-02,93650.00401772278
2018-07-03,93673.12524375468
2018-07-05,93848.41068924317
2018-07-06,93868.55916467606
2018-07-09,94020.99086198489
2018-07-10,94084.73631229525
2018-07-11,94108.41759107092
2018-07-12,94363.37044478275
2018-07-13,94464.15735909143
2018-07-16,94416.61034960806
2018-07-17,94616.281766037
2018-07-18,94484.47902627647
2018-07-19,94661.2600320952
2018-07-20,94593.40796884362
2018-07-23,94468.59395296352
2018-07-24,94630.52379894615
2018-07-25,94742.59371633621
2018-07-26,94754.43670465684
2018-07-27,94470.32104123838
2018-07-30,94187.94273555868
2018-07-31,94699.77192925574
2018-08-01,94544.6607467854
2018-08-02,94490.69836567425
2018-08-03,94493.42721862893
2018-08-06,94600.99877693513
2018-08-07,94768.17722220514
2018-08-08,94749.31711670957
2018-08-09,94752.30090494348
2018-08-10,94656.62129767348
2018-08-13,94605.80240116766
2018-08-14,94612.95921993646
2018-08-15,94489.11111468296
2018-08-16,94630.77731384966
2018-08-17,94678.00804576474
2018-08-20,94639.73324155874
2018-08-21,94904.5432950772
2018-08-22,94775.27230894496
2018-08-23,94704.4146228297
2018-08-24,94832.10025641929
2018-08-27,94996.27033732244
2018-08-28,94996.78583406622
2018-08-29,94930.76604803753
2018-08-30,94836.37820074233
2018-08-31,94787.8951417263
2018-09-04,94737.86441195205
2018-09-05,94661.52450132188
2018-09-06,94672.29901974196
2018-09-07,94715.72552670578
2018-09-10,94756.48281556569
2018-09-11,94681.46934865988
2018-09-12,94640.1828157416
2018-09-13,94491.09380234528
2018-09-14,94447.68421480575
2018-09-17,94593.98763981962
2018-09-18,94734.08033203537
2018-09-19,94812.6973900691
2018-09-20,94975.97221084629
2018-09-21,94830.4376856994
2018-09-24,94866.16095749242
2018-09-25,94822.29328648183
2018-09-26,94652.07476842077
2018-09-27,94721.88799914705
2018-09-28,94752.33842138636
2018-10-01,94728.00999246853
2018-10-02,94760.38064335263
2018-10-03,94918.88811260805
2018-10-04,94887.85179028532
2018-10-05,94770.17411917452
2018-10-08,94861.5677983506
2018-10-09,94501.79328025026
2018-10-10,93516.1707837795
2018-10-11,93006.64650825525
2018-10-12,93157.10243717436
2018-10-15,93289.85012350397
2018-10-16,93854.56835204759
2018-10-17,93771.27970629613
2018-10-18,93408.05835425333
2018-10-19,92785.33047539287
2018-10-22,92353.00504643098
2018-10-23,92029.75023356921
2018-10-24,90834.14558064926
2018-10-25,91582.536292203
2018-10-26,90595.15392527732
2018-10-29,89576.51650958943
2018-10-30,90955.19234721363
2018-10-31,91223.13780296824
2018-11-01,91760.01561570927
2018-11-02,91565.83446858142
2018-11-05,91799.23102755785
2018-11-06,92121.71372772471
2018-11-07,92466.07156431723
2018-11-08,92555.45302754197
2018-11-09,92740.27025306539
2018-11-12,92372.03412229414
2018-11-13,91659.34372189807
2018-11-14,91518.3343948333
2018-11-15,92002.46428281779
2018-11-16,92105.8860686205
2018-11-19,91578.2545250736
2018-11-20,91065.73372200594
2018-11-21,91537.71346321609
2018-11-23,91212.80073477808
2018-11-26,91718.16919613311
2018-11-27,91814.70315534863
2018-11-28,92365.30487944052
2018-11-29,92279.4011055972
2018-11-30,92366.2214661263
2018-12-03,92462.25450727728
2018-12-04,92319.08131824834
2018-12-06,92487.3877201466
2018-12-07,91233.18223202514
2018-12-10,91240.21492301178
2018-12-11,91366.29240233848
2018-12-12,91730.29020117452
2018-12-13,91398.13771647644
2018-12-14,91045.27468792879
2018-12-17,90406.62151701534
2018-12-18,90572.04271377009
2018-12-19,90412.85198903659
2018-12-20,89881.73990949953
2018-12-21,89584.72820897645
2018-12-24,89210.1296806907
2018-12-26,90314.18946124488
2018-12-27,90407.35980408016
2018-12-28,90380.87383543681
2018-12-31,90738.97695572882
2019-01-02,90751.70125597881
2019-01-03,90359.34629314148
2019-01-04,91667.19217975147
2019-01-07,91667.45109667262
2019-01-08,91806.89742133877
2019-01-09,91803.03206295549
2019-01-10,91846.65560142518
2019-01-11,91879.96832525496
2019-01-14,91906.65011308313
2019-01-15,91960.6887333366
2019-01-16,91967.43283070732
2019-01-17,91830.21364672513
2019-01-18,91957.95966889104
2019-01-22,91950.02822646569
2019-01-23,92073.589097732
2019-01-24,92204.25021935592
2019-01-25,92237.89277615014
2019-01-28,92265.13770561962
2019-01-29,92160.31684425949
2019-01-30,92350.13246513033
2019-01-31,92433.5428299383
2019-02-01,92583.0085178084
2019-02-04,92657.655454269
2019-02-05,92767.20838528305
2019-02-06,92788.33845495473
2019-02-07,92597.09940669421
2019-02-08,92594.63929352787
2019-02-11,92644.17920384897
2019-02-12,92709.82310160369
2019-02-13,92723.7079445259
2019-02-14,92727.76007486343
2019-02-15,92800.10860533375
2019-02-19,92800.10860533375
2019-02-20,92802.60839619173
2019-02-21,92749.09582338271
2019-02-22,92824.00204889718
2019-02-25,92745.81454575619
2019-02-26,92683.2813390631
2019-02-27,92682.15005005832
2019-02-28,92683.31009080651
2019-03-01,92807.30393202192
2019-03-04,92760.23026218687
2019-03-05,92682.8356476556
2019-03-06,92379.50273450036
2019-03-07,92285.64754608324
2019-03-08,92357.99155550238
2019-03-11,92424.73357206442
2019-03-12,92424.73357206442
2019-03-13,92424.73357206442
2019-03-14,92424.73357206442
2019-03-15,92424.73357206442
2019-03-18,92424.73357206442
2019-03-19,92424.73357206442
2019-03-20,92424.73357206442
2019-03-21,92206.46720198212
2019-03-22,92150.41443040363
2019-03-25,92234.8995427181
2019-03-26,92362.29611993066
2019-03-27,92343.81027955921
2019-03-28,92309.69116078675
2019-03-29,92319.4396575156
2019-04-01,92213.83311217788
2019-04-02,92220.13595130024
2019-04-03,92114.52033704727
2019-04-04,92109.22102164352
2019-04-05,92252.74167701585
2019-04-08,92206.87566724593
2019-04-09,92086.20539623917
2019-04-10,92223.88571015492
2019-04-11,92200.44835393703
2019-04-12,92377.1962067779
2019-04-15,92559.70673313401
2019-04-16,92698.16049656259
2019-04-17,92656.76143587237
2019-04-18,92656.788891382
2019-04-22,92537.73787153373
2019-04-23,92382.57375254163
2019-04-24,92346.76189380069
2019-04-25,92399.97768344416
2019-04-26,92640.76600739556
2019-04-29,92381.80620297219
2019-04-30,92511.26656638806
2019-05-01,92500.61238522019
2019-05-02,92253.56746348839
2019-05-03,92388.25447555262
2019-05-06,92332.07892771781
2019-05-07,92042.93238714672
2019-05-08,91825.15638158824
2019-05-09,91622.36558686548
2019-05-10,92021.07679279374
2019-05-13,90196.65581624133
2019-05-14,90433.54319084957
2019-05-15,90916.35955038876
2019-05-16,91560.71631258173
2019-05-17,91395.46640810726
2019-05-20,91213.81088962924
2019-05-21,91560.4142584139
2019-05-22,91375.64871865862
2019-05-23,91075.11691613571
2019-05-24,91222.85754894624
2019-05-28,90756.39519379019
2019-05-29,90397.9553332999
2019-05-30,90347.23995698045
2019-05-31,89490.12761635394
2019-06-03,89473.6757243491
2019-06-04,89842.45992929893
2019-06-05,89867.5559662866
2019-06-06,89812.35538886923
2019-06-07,89912.30046032494
2019-06-10,89997.85233811774
2019-06-11,90077.78272811082
2019-06-12,90077.78272811082
2019-06-13,90082.91620136294
2019-06-14,89958.06047634591
2019-06-17,90046.53843953495
2019-06-18,90189.88502655385
2019-06-19,90080.90828651555
2019-06-20,90154.73182703831
2019-06-21,90075.5629262295
2019-06-24,90050.03299433144
2019-06-25,89911.65154624043
2019-06-26,89981.17829910683
2019-06-27,89942.44567620862
2019-06-28,90072.45807597216
2019-07-01,90220.40486749355
2019-07-02,90098.307093673
2019-07-03,90132.3649639606
2019-07-05,89980.71857938837
2019-07-08,89946.39622720903
2019-07-09,89677.20926802952
2019-07-10,89723.85267506138
2019-07-11,89829.63263637939
2019-07-12,90032.5030784154
2019-07-15,90105.67411940603
2019-07-16,89954.01824904598
2019-07-17,89701.82786234355
2019-07-18,89423.92046000586
2019-07-19,89427.95699791212
2019-07-22,89446.79076953513
2019-07-23,89585.4463665389
2019-07-24,89929.07903590702
2019-07-25,89871.67756854162
2019-07-26,89776.70469009038
2019-07-29,89867.77745116278
2019-07-30,89950.1670135226
2019-07-31,89875.88111399164
2019-08-01,89711.8682053312
2019-08-02,89241.17015415274
2019-08-05,88558.33737906124
2019-08-06,88647.66376063664
2019-08-07,88529.90166891899
2019-08-08,89003.48657213041
2019-08-09,88719.03171213431
2019-08-12,88072.14730699954
2019-08-13,88748.44622488476
2019-08-14,87420.69928520494
2019-08-15,87312.86942206923
2019-08-16,88071.42158498497
2019-08-19,88644.04720722834
2019-08-20,88390.08392031054
2019-08-21,88531.08386917839
2019-08-22,88578.64812992576
2019-08-23,88331.09962292523
2019-08-26,88438.20891931228
2019-08-27,88457.05422016628
2019-08-28,88617.66626520836
2019-08-29,88734.95092593215
2019-08-30,88708.08606758922
2019-09-03,88539.87329249855
2019-09-04,88687.55143840943
2019-09-05,88727.2995414921
2019-09-06,88690.04888124316
2019-09-09,89115.22429745749
2019-09-10,89216.62453583626
2019-09-11,89149.05572946633
2019-09-12,89196.03035071261
2019-09-13,89360.70022907334
2019-09-16,89373.5737910635
2019-09-17,89429.72090546865
2019-09-18,89404.51825501949
2019-09-19,89351.24802825596
2019-09-20,89410.61360885973
2019-09-23,89496.16126875603
2019-09-24,89342.36961464476
2019-09-25,89503.6013926178
2019-09-26,89407.6974084263
2019-09-27,89323.20290224074
2019-09-30,89018.77197970734
2019-10-01,89038.40256145281
2019-10-02,89117.13310465848
2019-10-03,89630.65895564009
2019-10-04,89355.9533963038
2019-10-07,89256.5730421247
2019-10-08,88753.32320337254
2019-10-09,88913.63777087274
2019-10-10,89251.83995810899
2019-10-11,89555.53285109607
2019-10-14,89553.75091718853
2019-10-15,89651.97599332748
2019-10-16,89432.9907269116
2019-10-17,89432.9907269116
2019-10-18,89393.78654574443
2019-10-21,89211.25551174225
2019-10-22,89179.00948352607
2019-10-23,89228.00571286178
2019-10-24,89256.63430227576
2019-10-25,89641.24762757639
2019-10-28,89351.0648456016
2019-10-29,89279.98402421808
2019-10-30,89330.56024948115
2019-10-31,88971.51516155926
2019-11-01,89208.83683300434
2019-11-04,89146.18378761367
2019-11-05,89070.31104157811
2019-11-06,89119.97117253792
2019-11-07,89165.32662106343
2019-11-08,89193.89175305046
2019-11-11,89299.20526467141
2019-11-12,89153.5510510111
2019-11-13,89151.43378712346
2019-11-14,89106.6347952339
2019-11-15,89295.39257690284
2019-11-18,89231.00088069445
2019-11-19,89191.94110416011
2019-11-20,88986.74287680243
2019-11-21,88941.91714314935
2019-11-22,89096.778736574
2019-11-25,89381.3768942171
2019-11-26,89422.48965195252
2019-11-27,89475.05027821497
2019-11-29,89363.64271567347
2019-12-02,89262.88165695759
2019-12-03,89302.44678974064
2019-12-04,89412.71393794708
2019-12-05,89545.85981694047
2019-12-06,89925.74633566532
2019-12-09,89852.25284970833
2019-12-10,89774.84123688051
2019-12-11,89853.73238765511
2019-12-12,89812.58881189734
2019-12-13,89792.41861735529
2019-12-16,90011.15363686491
2019-12-17,90035.65165477469
2019-12-18,90022.53354672239
2019-12-19,90111.53411332138
2019-12-20,90123.41336525176
2019-12-23,90066.37968421234
2019-12-24,89987.80618715883
2019-12-26,90077.26515945833
2019-12-27,89876.83283037118
2019-12-30,89959.30105595762
2019-12-31,90067.1086618192
2020-01-02,89884.30962493259
2020-01-03,89935.10615388156
2020-01-06,90160.60651799728
2020-01-07,90256.89934359693
2020-01-08,90379.84293436428
2020-01-09,90378.6588534821
2020-01-10,90056.15418952932
2020-01-13,90195.78588030825
2020-01-14,90240.01671616742
2020-01-15,90276.92863769793
2020-01-16,90512.21028398241
2020-01-17,90517.08507701126
2020-01-21,90387.97475115475
2020-01-22,90604.47282574314
2020-01-23,90477.28639313174
2020-01-24,90502.53353477608
2020-01-27,90591.16866822154
2020-01-28,90782.92682473478
2020-01-29,90736.67117579572
2020-01-30,91369.65088969163
2020-01-31,90192.48585766228
2020-02-03,90510.46605309995
2020-02-04,91216.93077525776
2020-02-05,91778.95365272812
2020-02-06,91906.76052958818
2020-02-07,91714.28337415056
2020-02-10,91848.99276966312
2020-02-11,91892.47595754557
2020-02-12,91804.70096844672
2020-02-13,91722.63937450615
2020-02-14,91818.95775204449
2020-02-18,92088.40457254722
2020-02-19,92216.04081113279
2020-02-20,92089.88549473992
2020-02-21,91795.33549888202
2020-02-24,91159.0478992339
2020-02-25,89548.24793660545
2020-02-26,89117.66886522618
2020-02-27,88370.93933668353
2020-02-28,88163.67802635631
2020-03-02,89555.11745110729
2020-03-03,88543.4288360456
2020-03-04,89123.0236942902
2020-03-05,88477.94545675049
2020-03-06,88399.27347729838
2020-03-09,87892.46878627033
2020-03-10,87792.91734927696
2020-03-11,87544.17700628405
2020-03-12,87148.45828460956
2020-03-13,87458.34524017373
2020-03-16,87113.04114139636
2020-03-17,87223.23275922846
2020-03-18,87223.23275922846
2020-03-19,87081.27196278221
2020-03-20,87236.30339890886
2020-03-23,86990.51956493188
2020-03-24,86843.02149847118
2020-03-25,86658.22164493396
2020-03-26,86760.06652386083
2020-03-27,86760.06652386083
2020-03-30,86760.06652386083
2020-03-31,86760.06652386083
2020-04-01,86954.37139312715
2020-04-02,86911.71049718886
2020-04-03,86754.00172616176
2020-04-06,86930.95036631824
2020-04-07,86994.4650277899
2020-04-08,86994.4650277899
2020-04-09,86884.92033235102
2020-04-13,86685.93915756885
2020-04-14,86696.70264217864
2020-04-15,86510.08949745813
2020-04-16,86397.09133212993
2020-04-17,86899.3076274823
2020-04-20,86828.77289853501
2020-04-21,86422.50592883704
2020-04-22,86808.4558196069
2020-04-23,87010.93458865488
2020-04-24,87411.0232776371
2020-04-27,87469.53489205046
2020-04-28,87469.53489205046
2020-04-29,87458.2001285963
2020-04-30,87303.65337673589
2020-05-01,87070.3950110552
2020-05-04,87013.74339561973
2020-05-05,87281.82780678124
2020-05-06,86890.10948445674
2020-05-07,87018.2918717895
2020-05-08,87331.92418808345
2020-05-11,87290.85731870055
2020-05-12,86789.65349663791
2020-05-13,86749.01542075879
2020-05-14,86577.85728549624
2020-05-15,86705.83831783092
2020-05-18,86645.64850152796
2020-05-19,86971.92711006092
2020-05-20,87011.16829503427
2020-05-21,86945.16081388382
2020-05-22,86922.21478559793
2020-05-26,87024.20629666232
2020-05-27,87532.27816219933
2020-05-28,87567.89534369674
2020-05-29,87497.94385168412
2020-06-01,87588.1615373662
2020-06-02,87456.93491654287
2020-06-03,87509.51784436441
2020-06-04,87338.99697569148
2020-06-05,87561.14795309886
2020-06-08,87556.23019734709
2020-06-09,87550.77693262236
2020-06-10,87392.88647707619
2020-06-11,86308.87033780989
2020-06-12,86535.47318162318
2020-06-15,86482.26588939838
2020-06-16,86557.96435126608
2020-06-17,86631.21403190657
2020-06-18,86664.03239944724
2020-06-19,86597.02072120781
2020-06-22,86677.60702360669
2020-06-23,86509.73874917327
2020-06-24,86086.51125503147
2020-06-25,86464.91569144056
2020-06-26,86029.08674795597
2020-06-29,86305.03054670249
2020-06-30,86767.02558036405
2020-07-01,86688.0857950923
2020-07-02,86826.30101184266
2020-07-06,86891.92643510003
2020-07-07,86551.43045311964
2020-07-08,86459.54074302882
2020-07-09,86119.0254542822
2020-07-10,86257.11991385031
2020-07-13,86087.48099634296
2020-07-14,86202.10249389532
2020-07-15,86138.66221986132
2020-07-16,86086.2107974126
2020-07-17,86174.60603153081
2020-07-20,86096.5789705129
2020-07-21,86480.81193768229
2020-07-22,86480.81193768229
2020-07-23,86534.3456307789
2020-07-24,86519.80841024216
2020-07-27,86033.58664147406
2020-07-28,85976.85004458792
2020-07-29,86165.10078782124
2020-07-30,86131.28319349658
2020-07-31,85737.30650282121
2020-08-03,86209.94635856335
2020-08-04,86477.74524192454
2020-08-05,86407.81172238509
2020-08-06,86336.83514905127
2020-08-07,86392.09809512107
2020-08-10,86434.83514521318
2020-08-11,86236.37832854228
2020-08-12,86258.68967334635
2020-08-13,86247.195368459
2020-08-14,86379.32177029409
2020-08-17,85930.7290135851
2020-08-18,85656.8748209181
2020-08-19,85604.61837782296
2020-08-20,85362.82565080868
2020-08-21,85240.6699547768
2020-08-24,85860.81686658385
2020-08-25,85810.32011758114
2020-08-26,85563.80976208426
2020-08-27,85815.33841168783
2020-08-28,85877.47204111992
2020-08-31,85855.1257284602
2020-09-01,85977.44852315557
2020-09-02,86168.6655303589
2020-09-03,85910.91965679661
2020-09-04,86014.02152832397
2020-09-08,85093.58757302772
2020-09-09,85413.13732634156
2020-09-10,85064.87622322235
2020-09-11,85150.1583297058
2020-09-14,85626.87733743948
2020-09-15,85539.94502636917
2020-09-16,85478.44788251596
2020-09-17,85307.12733670327
2020-09-18,85171.9238606382
2020-09-21,84089.87907398064
2020-09-22,84098.79473742886
2020-09-23,82938.24647457486
2020-09-24,82804.46720115068
2020-09-25,83138.92023722094
2020-09-28,83570.59287494572
2020-09-29,83321.76215278768
2020-09-30,83507.3616385246
2020-10-01,83224.47279098754
2020-10-02,83606.68206332481
2020-10-05,84066.507689982
2020-10-06,84043.37552996488
2020-10-07,84141.79822185545
2020-10-08,84149.52415503257
2020-10-09,84192.2326679684
2020-10-12,84217.95339109197
2020-10-13,84348.99807702751
2020-10-14,84264.2534326943
2020-10-15,84315.36864899358
2020-10-16,84266.82857076496
2020-10-19,83967.912637631
2020-10-20,84174.73064165114
2020-10-21,84177.34402614736
2020-10-22,84390.56387744556
2020-10-23,84525.18432580846
2020-10-26,84274.95336000602
2020-10-27,84088.1825787374
2020-10-28,83315.67395339116
2020-10-29,83675.04983359703
2020-10-30,83297.17859628104
2020-11-02,83834.22523274274
2020-11-03,83985.35342546488
2020-11-04,84383.16446129576
2020-11-05,84365.713387956
2020-11-06,84272.13329885012
2020-11-09,83985.15911638027
2020-11-10,84387.69826050069
2020-11-11,84305.94614233475
2020-11-12,83929.04408237975
2020-11-13,84392.51614654282
2020-11-16,84311.35916359616
2020-11-17,84193.76376209994
2020-11-18,83918.54134595302
2020-11-19,83967.26876166757
2020-11-20,83759.61434897373
2020-11-23,84286.7864826206
2020-11-24,84705.03498052194
2020-11-25,84723.6426355837
2020-11-27,84664.64000623673
2020-11-30,84554.2601331738
2020-12-01,84437.71651582376
2020-12-02,84669.8232488983
2020-12-03,84546.60407112572
2020-12-04,84532.24227729089
2020-12-07,84532.23014264295
2020-12-08,84741.47588831419
2020-12-09,84864.90002966087
2020-12-10,84864.90002966087
2020-12-11,84864.90002966087
2020-12-14,84940.03803786146
2020-12-15,84969.52800063218
2020-12-16,84977.46713466437
2020-12-17,85084.2836475551
2020-12-18,85117.397942517
2020-12-21,85140.85924466302
2020-12-22,85150.04498069212
2020-12-23,85109.82319836161
2020-12-24,85195.8329543213
2020-12-28,85274.01159172277
2020-12-29,85169.3598266087
2020-12-30,85206.37478548518
2020-12-31,85312.40632442679
2021-01-04,84950.75750136432
2021-01-05,85160.32960824325
2021-01-06,85037.92611406175
2021-01-07,85450.49883576037
2021-01-08,85397.58975538514
2021-01-11,85291.56998905257
2021-01-12,85241.42757153403
2021-01-13,85367.37336239486
2021-01-14,85255.74826001171
2021-01-15,85260.0023062171
2021-01-19,85281.20780659317
2021-01-20,85257.67423994631
2021-01-21,85097.34922248103
2021-01-22,84789.74177838718
2021-01-25,84819.68640098962
2021-01-26,84755.4182326251
2021-01-27,84366.34860271685
2021-01-28,84672.88204610758
2021-01-29,84107.59003293765
2021-02-01,84346.80342446879
2021-02-02,84986.74364915214
2021-02-03,84979.00283701067
2021-02-04,85258.57004650295
2021-02-05,85223.60325679561
2021-02-08,85115.38755131367
2021-02-09,85165.2906191548
2021-02-10,85327.53422017301
2021-02-11,85312.15204041236
2021-02-12,85295.53949281867
2021-02-16,85196.87886000573
2021-02-17,85196.87886000573
2021-02-18,85196.87886000573
2021-02-19,85246.25160024612
2021-02-22,84933.14723362368
2021-02-23,84799.36959739547
2021-02-24,85121.6630338334
2021-02-25,84696.82908191241
2021-02-26,84629.81816281078
2021-03-01,84982.33101858468
2021-03-02,84890.74371458514
2021-03-03,84641.00142168404
2021-03-04,84432.84005688928
2021-03-05,84611.6626822876
2021-03-08,84379.94400603688
2021-03-09,84429.06504619494
2021-03-10,84515.09671995838
2021-03-11,84587.99389054571
2021-03-12,84629.18435705158
2021-03-15,84805.78569260813
2021-03-16,84789.16872316746
2021-03-17,84867.62436550256
2021-03-18,84323.75113260226
2021-03-19,84624.26543340144
2021-03-22,85108.83455867486
2021-03-23,84864.17733952493
2021-03-24,84732.71636965757
2021-03-25,85148.55043510589
2021-03-26,85395.21054683943
2021-03-29,85276.77732007595
2021-03-30,85353.04256502092
2021-03-31,85606.76150408236
2021-04-01,85815.67892506404
2021-04-05,86114.28141156054
2021-04-06,86127.8950859336
2021-04-07,86121.54926750324
2021-04-08,86171.93930460379
2021-04-09,86196.17310207213
2021-04-12,86198.42979748154
2021-04-13,86218.7541822239
2021-04-14,86271.37241623207
2021-04-15,86468.08072261002
2021-04-16,86521.56041515505
2021-04-19,86548.12119992335
2021-04-20,86476.01251082681
2021-04-21,86740.27819356175
2021-04-22,86711.69332085675
2021-04-23,87074.61222999128
2021-04-26,87115.47098565266
2021-04-27,87109.57705681621
2021-04-28,87052.94455502933
2021-04-29,87232.33616871503
2021-04-30,86734.24146736968
2021-05-03,86905.01819046699
2021-05-04,86707.00733243668
2021-05-05,86518.68728426986
2021-05-06,86441.94231201631
2021-05-07,86862.09744083317
2021-05-10,85807.9627382259
2021-05-11,85548.51163386379
2021-05-12,84308.96929382086
2021-05-13,84824.95545455281
2021-05-14,85715.90751435573
2021-05-17,85653.08887267084
2021-05-18,85488.06824850902
2021-05-19,85628.42956870115
2021-05-20,86105.66953443302
2021-05-21,86300.93773003343
2021-05-24,86452.43268718055
2021-05-25,86320.41763975573
2021-05-26,86437.00642892692
2021-05-27,86568.18265311765
2021-05-28,86569.17053532919
2021-06-01,86606.54923696721
2021-06-02,86606.54923696721
2021-06-03,86662.15142317013
2021-06-04,86760.01959650105
2021-06-07,86713.40757263497
2021-06-08,86716.28318704478
2021-06-09,86574.49715157822
2021-06-10,86689.22865071845
2021-06-11,86699.45322002808
2021-06-14,86675.48879149786
2021-06-15,86711.59535316846
2021-06-16,86711.85613503319
2021-06-17,86489.05993302015
2021-06-18,86268.31154914873
2021-06-21,86676.77118031558
2021-06-22,86612.50842131622
2021-06-23,86488.55364252118
2021-06-24,86599.73996605813
2021-06-25,86670.1304842289
2021-06-28,86521.84635104136
2021-06-29,86467.21494318629
2021-06-30,86519.17584209441
2021-07-01,86568.24906282559
2021-07-02,86466.75499675242
2021-07-06,86329.44627866762
2021-07-07,86349.7034217465
2021-07-08,86232.46784777417
2021-07-09,86893.41525543062
2021-07-12,86901.36895625784
2021-07-13,86879.35468521263
2021-07-14,86948.43576818239
2021-07-15,86625.32537571165
2021-07-16,85677.18348095521
2021-07-19,84227.76825861185
2021-07-20,85061.41395028846
2021-07-21,85431.4943393486
2021-07-22,85371.23581442446
2021-07-23,85474.51907971008
2021-07-26,85553.39256510569
2021-07-27,85439.48502425039
2021-07-28,85478.00579817766
2021-07-29,85586.93921560084
2021-07-30,85464.87447261836
2021-08-02,85373.0885062683
2021-08-03,85723.9517295986
2021-08-04,85463.29454351294
2021-08-05,85569.30436606644
2021-08-06,85682.63377941998
2021-08-09,85456.15268764882
2021-08-10,85432.50248299877
2021-08-11,85431.73571474335
2021-08-12,85518.84387082976
2021-08-13,85392.38824908312
2021-08-16,84970.77926102102
2021-08-17,84557.12101176579
2021-08-18,84468.40132837156
2021-08-19,84424.47225154533
2021-08-20,84482.68626896161
2021-08-23,84776.68652454038
2021-08-24,84843.26416061744
2021-08-25,84951.57067934723
2021-08-26,84700.24148891163
2021-08-27,84842.88326564908
2021-08-30,84682.31423166615
2021-08-31,84682.31423166615
2021-09-01,84682.31423166615
2021-09-02,84682.31423166615
2021-09-03,84659.68758238104
2021-09-07,84665.8198368675
2021-09-08,84458.4567426972
2021-09-09,84485.07022737103
2021-09-10,84409.07073843188
2021-09-13,84559.89138489618
2021-09-14,84344.75685118686
2021-09-15,84679.21368871233
2021-09-16,84743.80938452255
2021-09-17,84651.13912403843
2021-09-20,84355.04870164143
2021-09-21,83951.3138895405
2021-09-22,84619.38157737275
2021-09-23,85197.1783464984
2021-09-24,85010.18486933775
2021-09-27,85116.32416713245
2021-09-28,84368.05684227968
2021-09-29,84467.3020397337
2021-09-30,83925.12319594211
2021-10-01,84017.45577581084
2021-10-04,83480.49841152556
2021-10-05,83846.0636996904
2021-10-06,83987.37475147878
2021-10-07,84343.60733951154
2021-10-08,84322.08234056024
2021-10-11,84104.94966728642
2021-10-12,83994.93873626053
2021-10-13,84156.0467094506
2021-10-14,84451.58442379425
2021-10-15,84422.06640217645
2021-10-18,84306.47242477804
2021-10-19,84271.7620032507
2021-10-20,84482.1605258835
2021-10-21,84377.73028273882
2021-10-22,84399.35457110112
2021-10-25,84364.20927829904
2021-10-26,84222.92637863291
2021-10-27,84156.02149736842
2021-10-28,84263.75774529745
2021-10-29,84318.40125288279
2021-11-01,84583.4596591109
2021-11-02,84710.12853309269
2021-11-03,84852.54788777074
2021-11-04,84550.28335604971
2021-11-05,85035.76143499537
2021-11-08,84962.30932364606
2021-11-09,84951.81004478491
2021-11-10,84900.01824806293
2021-11-11,85113.85485490167
2021-11-12,85151.97380983364
2021-11-15,85180.67281711595
2021-11-16,84901.53497015781
2021-11-17,84839.39818019645
2021-11-18,84681.7021845555
2021-11-19,83963.67011067172
2021-11-22,84305.12799429843
2021-11-23,84886.89646990004
2021-11-24,85204.2674648939
2021-11-26,84343.43011380063
2021-11-29,84961.64049837062
2021-11-30,83903.84435672575
2021-12-01,82759.06408278777
2021-12-02,84459.53897318844
2021-12-03,84159.535678049
2021-12-06,85642.0923613717
2021-12-07,85885.04041443043
2021-12-08,85670.90312040978
2021-12-09,85804.35901216521
2021-12-10,85883.7918311183
2021-12-13,85203.55635513246
2021-12-14,84950.25332283853
2021-12-15,85264.15220927249
2021-12-16,84820.43444652522
2021-12-17,85198.9821112306
2021-12-20,84462.32712008248
2021-12-21,85543.84852490347
2021-12-22,85621.98057029849
2021-12-23,85867.41149358226
2021-12-27,86054.7675921729
2021-12-28,85988.91055484656
2021-12-29,85970.24777466635
2021-12-30,85903.8326786655
2021-12-31,85887.1553271745
2022-01-03,86083.58794267265
2022-01-04,86275.13769035274
2022-01-05,85752.36672920318
2022-01-06,86273.88818393715
2022-01-07,85700.43173312202
2022-01-10,86131.95899779414
2022-01-11,86348.06019939881
2022-01-12,86414.52747414212
2022-01-13,86387.31176871674
2022-01-14,86139.53682084821
2022-01-18,85703.41589132044
2022-01-19,85212.92052407454
2022-01-20,85022.1701174522
2022-01-21,84536.2464397728
2022-01-24,84445.88009709452
2022-01-25,84518.48757586701
2022-01-26,83843.15639020115
2022-01-27,83475.38184065551
2022-01-28,83976.5012593367
2022-01-31,84263.98227978563
2022-02-01,84607.31168126834
2022-02-02,84700.44707842465
2022-02-03,84418.48962499354
2022-02-04,84536.72217351632
2022-02-07,84502.55426290075
2022-02-08,84542.03506782989
2022-02-09,84858.91062478334
2022-02-10,84652.29033355662
2022-02-11,83998.18011755872
2022-02-14,83779.17395805728
2022-02-15,84093.21679808322
2022-02-16,84012.21077493574
2022-02-17,83656.02949713281
2022-02-18,83450.83076062094
2022-02-22,83086.87754262921
2022-02-23,82491.6427527199
2022-02-24,82210.34456983072
2022-02-25,82403.99405950175
2022-02-28,82329.26939939709
2022-03-01,81881.56116373403
2022-03-02,82505.02564322315
2022-03-03,82162.80378489316
2022-03-04,82017.2957881391
2022-03-07,81614.50999077807
2022-03-08,81489.64921884156
2022-03-09,82076.37020787557
2022-03-10,82091.1730077427
2022-03-11,81579.7106542498
2022-03-14,81171.4190257937
2022-03-15,81406.17612414848
2022-03-16,81514.86230750909
2022-03-17,81514.86230750909
2022-03-18,81514.86230750909
2022-03-21,81514.86230750909
2022-03-22,81674.92252248732
2022-03-23,81588.41811456578
2022-03-24,81586.43885779435
2022-03-25,81530.22593760917
2022-03-28,81611.2107369085
2022-03-29,81662.88471595033
2022-03-30,81662.88471595033
2022-03-31,81632.71663096936
2022-04-01,81689.83069280341
2022-04-04,81701.9578411214
2022-04-05,81663.04402720413
2022-04-06,81725.01215083445
2022-04-07,81710.14566249322
2022-04-08,81525.42294744839
2022-04-11,81383.57442298127
2022-04-12,81307.95485739915
2022-04-13,81529.04411397062
2022-04-14,81292.7741535163
2022-04-18,81463.86962837298
2022-04-19,81758.97830628192
2022-04-20,81757.88658247655
2022-04-21,81632.24444897255
2022-04-22,81426.63332692494
2022-04-25,81333.48103765886
2022-04-26,81294.79404698976
2022-04-27,81401.94777384937
2022-04-28,81401.94777384937
2022-04-29,81401.94777384937
2022-05-02,81401.94777384937
2022-05-03,81450.8018383086
2022-05-04,81703.35118546832
2022-05-05,81547.6009588328
2022-05-06,81447.38660544956
2022-05-09,80866.96535743392
2022-05-10,81023.67734037533
2022-05-11,80825.51801447588
2022-05-12,80763.87403081813
2022-05-13,81003.51303944529
2022-05-16,81042.42668788973
2022-05-17,81185.29692110154
2022-05-18,81181.29715894563
2022-05-19,81189.30615920083
2022-05-20,81264.87525608129
2022-05-23,81441.10897240812
2022-05-24,81435.53834404045
2022-05-25,81962.51720960083
2022-05-26,81988.75536960513
2022-05-27,82249.00834003271
2022-05-31,82363.40877479193
2022-06-01,82265.57450230628
2022-06-02,82491.00598636908
2022-06-03,82382.19975522478
2022-06-06,82229.61243099644
2022-06-07,82757.20880201383
2022-06-08,82434.77734823816
2022-06-09,81316.88293191281
2022-06-10,79581.3551785941
2022-06-13,79069.35844816956
2022-06-14,79068.4320142438
2022-06-15,79136.10018317656
2022-06-16,78964.70005542866
2022-06-17,78710.04098141537
2022-06-21,79111.44181324489
2022-06-22,79094.3470035614
2022-06-23,79341.60906249491
2022-06-24,79592.66529232207
2022-06-27,79291.48803935864
2022-06-28,78609.65480976427
2022-06-29,78377.39736320336
2022-06-30,77961.32590710605
2022-07-01,78346.99268539075
2022-07-05,77650.343021981
2022-07-06,77496.64331646773
2022-07-07,78038.36275546963
2022-07-08,78021.02609546589
2022-07-11,77728.34367930886
2022-07-12,77662.20482072569
2022-07-13,77438.60879624324
2022-07-14,77153.041781795
2022-07-15,77766.57824404152
2022-07-18,77515.68735627564
2022-07-19,77976.34724050858
2022-07-20,77942.90227799502
2022-07-21,77948.20257261276
2022-07-22,77698.79963633121
2022-07-25,77645.39796292539
2022-07-26,77308.96820310308
2022-07-27,77486.35637172566
2022-07-28,77613.1365278326
2022-07-29,77722.22353029539
2022-08-01,77744.25671831454
2022-08-02,77744.25671831454
2022-08-03,77744.25671831454
2022-08-04,77744.25671831454
2022-08-05,77918.06702242522
2022-08-08,77811.33456238091
2022-08-09,77608.75309248206
2022-08-10,77867.87513849989
2022-08-11,78096.80968740472
2022-08-12,78183.71664747022
2022-08-15,78179.15186995322
2022-08-16,78255.99032049757
2022-08-17,78141.1169595686
2022-08-18,78078.7514598821
2022-08-19,77519.30963686465
2022-08-22,77328.93895701213
2022-08-23,77220.67748382581
2022-08-24,77485.54039393878
2022-08-25,78002.55223779616
2022-08-26,77013.07070920557
2022-08-29,76729.64276031421
2022-08-30,76572.76219892377
2022-08-31,76580.513090474
2022-09-01,76443.5785394243
2022-09-02,76433.20882570787
2022-09-06,76627.20999094364
2022-09-07,76837.54552924322
2022-09-08,76837.54552924322
2022-09-09,76837.54552924322
2022-09-12,76908.17400939838
2022-09-13,76582.6226726087
2022-09-14,76576.94271898123
2022-09-15,76233.13633888119
2022-09-16,75952.99356114701
2022-09-19,76036.66562371235
2022-09-20,75741.35534213866
2022-09-21,75585.82909244797
2022-09-22,75321.41023718793
2022-09-23,74831.58880895728
2022-09-26,74462.67613655046
2022-09-27,74687.12213203998
2022-09-28,74993.46711725713
2022-09-29,74187.88713998787
2022-09-30,73808.96372299289
2022-10-03,74502.70548859437
2022-10-04,75349.94547650876
2022-10-05,75329.84223650309
2022-10-06,75395.57093044104
2022-10-07,74922.8329900238
2022-10-10,74542.3184294059
2022-10-11,74417.1227267138
2022-10-12,74469.97341944774
2022-10-13,74614.6751866811
2022-10-14,74317.58328577325
2022-10-17,74715.35922999517
2022-10-18,74804.8346860204
2022-10-19,74632.98178728277
2022-10-20,74490.79524063761
2022-10-21,74902.98279290876
2022-10-24,75050.20414556372
2022-10-25,75138.71043728771
2022-10-26,75052.1428846069
2022-10-27,75042.43019831786
2022-10-28,75163.01334092434
2022-10-31,75122.17302905064
2022-11-01,75142.77170339186
2022-11-02,74960.35690477017
2022-11-03,75041.77852445406
2022-11-04,75421.52463008478
2022-11-07,75416.04622726007
2022-11-08,75562.40710859999
2022-11-09,75563.45399134918
2022-11-10,75828.20516352821
2022-11-11,75986.89103909564
2022-11-14,75897.91873017374
2022-11-15,75911.25271969184
2022-11-16,75734.46642286613
2022-11-17,75634.7437121442
2022-11-18,75502.9465374492
2022-11-21,75354.50837747524
2022-11-22,75605.86675110638
2022-11-23,75614.37014975827
2022-11-25,75643.36019996033
2022-11-28,75348.51503437756
2022-11-29,75443.25713021061
2022-11-30,75899.30187037257
2022-12-01,75744.03376060622
2022-12-02,75695.67072082582
2022-12-05,75329.90682676528
2022-12-06,75040.28345832137
2022-12-07,74961.6628862799
2022-12-08,75186.00715625047
2022-12-09,74995.73908975808
2022-12-12,75317.80119755479
2022-12-13,75689.54762136753
2022-12-14,75649.5586450639
2022-12-15,75486.52844321153
2022-12-16,75381.42402509075
2022-12-19,74735.79890769499
2022-12-20,74746.06674299535
2022-12-21,75015.27336458415
2022-12-22,74630.65525361146
2022-12-23,74792.0591266939
2022-12-27,74936.60775015879
2022-12-28,74528.30600583158
2022-12-29,75044.18155160145
2022-12-30,74876.63347835871
2023-01-03,74979.2256053666
2023-01-04,75493.99394454775
2023-01-05,75306.81387490584
2023-01-06,75559.76433254474
2023-01-09,75633.31415375118
2023-01-10,75839.52771323569
2023-01-11,75839.09001988002
2023-01-12,75853.53813199588
2023-01-13,75876.5435393529
2023-01-17,75719.29609401007
2023-01-18,75133.76391158116
2023-01-19,75150.04092672051
2023-01-20,75332.31424071404
2023-01-23,75436.23502071216
2023-01-24,75707.95081172224
2023-01-25,75690.88174387239
2023-01-26,75777.35312637393
2023-01-27,75822.05583194015
2023-01-30,75572.08057674208
2023-01-31,76063.3005273434
2023-02-01,76290.30288681774
2023-02-02,76373.94278747746
2023-02-03,76317.30059501638
2023-02-06,76065.00625155207
2023-02-07,76192.44807313553
2023-02-08,76226.26878247103
2023-02-09,75948.93515527579
2023-02-10,75616.80380889762
2023-02-13,75709.49564901841
2023-02-14,75820.33770350198
2023-02-15,75835.60789535216
2023-02-16,75780.52267293014
2023-02-17,75516.70783108403
2023-02-21,74887.02220238939
2023-02-22,74758.21417855397
2023-02-23,74820.60398210905
2023-02-24,74621.85623977889
2023-02-27,74739.10158745488
2023-02-28,74691.90826552694
2023-03-01,74470.44229396021
2023-03-02,74924.45641033363
2023-03-03,75369.12702840645
2023-03-06,75209.9131336354
2023-03-07,75013.14296042343
2023-03-08,75130.16226122479
2023-03-09,74922.36068388673
2023-03-10,74531.02190737239
2023-03-13,74258.55292609335
2023-03-14,74592.4305418221
2023-03-15,74087.67668730495
2023-03-16,74853.43421026824
2023-03-17,74582.95877712296
2023-03-20,74876.06366727453
2023-03-21,74976.88088107022
2023-03-22,74882.67431018452
2023-03-23,74805.16634111297
2023-03-24,74829.5010086786
2023-03-27,74918.76492052726
2023-03-28,74932.6753587485
2023-03-29,75037.29608947643
2023-03-30,75037.29608947643
2023-03-31,75056.69544998971
2023-04-03,75103.91641351621
2023-04-04,75103.91641351621
2023-04-05,75103.91641351621
2023-04-06,75132.86470459554
2023-04-10,75170.15425068398
2023-04-11,75170.15425068398
2023-04-12,75257.30893693994
2023-04-13,75235.96164042436
2023-04-14,75235.96164042436
2023-04-17,75235.96164042436
2023-04-18,75211.22457486589
2023-04-19,75185.67904160047
2023-04-20,75106.94400651928
2023-04-21,75044.21593700464
2023-04-24,75169.28203242003
2023-04-25,74762.96591997925
2023-04-26,74500.41115605953
2023-04-27,74574.71413714436
2023-04-28,74729.04803132496
2023-05-01,74844.70596696237
2023-05-02,74663.57895990719
2023-05-03,74671.30648056198
2023-05-04,74599.01635004519
2023-05-05,74751.04625724368
2023-05-08,74744.43138992526
2023-05-09,74808.91092770145
2023-05-10,74852.78100778605
2023-05-11,74652.1604014344
2023-05-12,74544.21696093258
2023-05-15,74728.81273234791
2023-05-16,74486.20549069482
2023-05-17,74965.27772202727
2023-05-18,74972.69974467452
2023-05-19,74883.02757444998
2023-05-22,75188.41253206016
2023-05-23,75123.12451824026
2023-05-24,74932.9976386536
2023-05-25,75004.95996752911
2023-05-26,75217.04653050203
2023-05-30,74944.1623557472
2023-05-31,74892.65470959082
2023-06-01,75155.47081757209
2023-06-02,75377.849789889
2023-06-05,75313.66974715452
2023-06-06,75494.39537819136
2023-06-07,75473.25770969447
2023-06-08,75454.15473515002
2023-06-09,75496.06218744573
2023-06-12,75735.39663067699
2023-06-13,75812.31726525456
2023-06-14,75800.70159122066
2023-06-15,75909.73142934391
2023-06-16,75866.10661304365
2023-06-20,75877.67145050249
2023-06-21,75875.26553217795
2023-06-22,75757.75393481583
2023-06-23,75722.14421578511
2023-06-26,75477.80639565557
2023-06-27,76146.44509091308
2023-06-28,76174.1115433799
2023-06-29,76317.69120955933
2023-06-30,76479.76343153178
2023-07-03,76540.08524545471
2023-07-05,76509.02421960278
2023-07-06,76449.2463303798
2023-07-07,76671.58219208328
2023-07-10,76771.5224465375
2023-07-11,76981.16733543205
2023-07-12,77107.06209238482
2023-07-13,77195.80343029334
2023-07-14,77087.8036967265
2023-07-17,77030.40373596195
2023-07-18,77185.0189275498
2023-07-19,77332.81657740075
2023-07-20,77321.21648378744
2023-07-21,77349.56422743997
2023-07-24,77386.701932011
2023-07-25,77404.98046229723
2023-07-26,77375.03330167233
2023-07-27,77092.18420987879
2023-07-28,77051.26778248667
2023-07-31,76972.79101401054
2023-08-01,76979.99716680925
2023-08-02,77180.79411836293
2023-08-03,77093.02504665236
2023-08-04,76908.41590292234
2023-08-07,77084.1651025308
2023-08-08,77165.568423843
2023-08-09,76918.64696651418
2023-08-10,76613.81339397914
2023-08-11,76432.69850872483
2023-08-14,76160.71679718659
2023-08-15,75515.18341920218
2023-08-16,75235.33686935961
2023-08-17,75136.10011427093
2023-08-18,75103.83901261417
2023-08-21,75134.10266054503
2023-08-22,75003.334242732
2023-08-23,75244.66457595868
2023-08-24,74924.98073950167
2023-08-25,75104.3178688642
2023-08-28,75234.71328262876
2023-08-29,75308.51807279172
2023-08-30,75454.26772359338
2023-08-31,75400.29247961023
2023-09-01,75406.00601117135
2023-09-05,75220.737622065
2023-09-06,75213.46154363937
2023-09-07,74883.12863189871
2023-09-08,74953.8310886463
2023-09-11,74853.5392137686
2023-09-12,74695.15611689273
2023-09-13,74546.79861522993
2023-09-14,74863.25237908028
2023-09-15,74639.93623221424
2023-09-18,74633.0729563835
2023-09-19,74479.72838465332
2023-09-20,74485.7249906623
2023-09-21,73899.46488096169
2023-09-22,73791.95787380739
2023-09-25,73728.0973436403
2023-09-26,73471.92918384077
2023-09-27,73382.78246930611
2023-09-28,73535.46916892639
2023-09-29,73615.77035860266
2023-10-02,73430.14929800731
2023-10-03,73197.14639707185
2023-10-04,73410.72169469464
2023-10-05,73340.7603690031
2023-10-06,73378.53885488077
2023-10-09,73790.06634669776
2023-10-10,73906.90638472098
2023-10-11,73874.99480917222
2023-10-12,73691.98600733595
2023-10-13,73603.05054906559
2023-10-16,73594.08341573818
2023-10-17,73711.45566818753
2023-10-18,73579.4740562279
2023-10-19,72965.01154665931
2023-10-20,72537.65567271855
2023-10-23,72259.8854644841
2023-10-24,72438.59550284498
2023-10-25,71954.23113122337
2023-10-26,71758.84302785521
2023-10-27,71706.72139091232
2023-10-30,71826.22872109161
2023-10-31,71932.46774490444
2023-11-01,72025.86442170556
2023-11-02,72333.45512663646
2023-11-03,72427.02965733956
2023-11-06,72376.71959170091
2023-11-07,72319.66755465395
2023-11-08,72453.17763699469
2023-11-09,72443.82219962793
2023-11-10,72592.17281552815
2023-11-13,72526.88953451703
2023-11-14,72788.22395902502
2023-11-15,72663.00382275635
2023-11-16,72353.6890859275
2023-11-17,72623.74764285292
2023-11-20,72864.73211969853
2023-11-21,72787.1992905961
2023-11-22,72972.1526554295
2023-11-24,72944.61222975321
2023-11-27,72973.63779797604
2023-11-28,72893.50772349564
2023-11-29,73151.47546097134
2023-11-30,73245.95738062376
2023-12-01,73245.95738062376
2023-12-04,73245.95738062376
2023-12-05,73245.95738062376
2023-12-06,73098.32351026397
2023-12-07,73081.308556709
2023-12-08,73401.8030177181
2023-12-11,73298.43375775339
2023-12-12,73257.95426982072
2023-12-13,73503.48568603225
2023-12-14,73390.3031324093
2023-12-15,73393.00165873792
2023-12-18,73321.47440629992
2023-12-19,73374.0827180703
2023-12-20,73212.81276878694
2023-12-21,73366.9327977045
2023-12-22,73432.16787691553
2023-12-26,73469.65897638617
2023-12-27,73468.15253171891
2023-12-28,73540.5150473302
2023-12-29,73511.91211391168
2024-01-02,73612.16121353759
2024-01-03,73725.21724117409
2024-01-04,73606.31692951609
2024-01-05,73606.40723272269
2024-01-08,74069.78175810285
2024-01-09,73757.05231919317
2024-01-10,73637.42635026664
2024-01-11,73457.72990917307
2024-01-12,73489.03604710437
2024-01-16,73085.94259878565
2024-01-17,72871.74642781452
2024-01-18,72826.68294855474
2024-01-19,73034.67576038049
2024-01-22,73134.49800574814
2024-01-23,73099.4604324428
2024-01-24,73162.60628072647
2024-01-25,73276.096937109
2024-01-26,73086.99280707646
2024-01-29,73226.65361428683
2024-01-30,73091.0065731499
2024-01-31,72735.45445773804
2024-02-01,73015.64356591941
2024-02-02,73091.62552464943
2024-02-05,72806.00688506011
2024-02-06,73004.69368454341
2024-02-07,73081.45827160466
2024-02-08,73138.25985373769
2024-02-09,73252.34108942265
2024-02-12,73479.81286890435
2024-02-13,73119.10069712665
2024-02-14,73286.45804455341
2024-02-15,73581.13543836828
2024-02-16,73329.36966765056
2024-02-20,73369.91296756876
2024-02-21,73194.67838906539
2024-02-22,73599.53027669888
2024-02-23,73591.07263256497
2024-02-26,73475.25610345183
2024-02-27,73393.32098292455
2024-02-28,73419.87237464021
2024-02-29,73646.95902781017
2024-03-01,73759.18522392857
2024-03-04,73671.75311964967
2024-03-05,73610.91694520004
2024-03-06,73499.95878438046
2024-03-07,73534.85282544752
2024-03-08,73580.53726225991
2024-03-11,73444.40323368124
2024-03-12,73559.54785204372
2024-03-13,73683.69705507958
2024-03-14,73461.08156293636
2024-03-15,73348.5520251903
2024-03-18,73407.32973334545
2024-03-19,73626.91665709084
2024-03-20,73894.11272796753
2024-03-21,73765.50353550559
2024-03-22,73739.74989914116
2024-03-25,73768.71248926656
2024-03-26,73553.09605136205
2024-03-27,74021.37428252574
2024-03-28,73996.16827232244
2024-04-01,73939.56226362898
2024-04-02,73880.00658251984
2024-04-03,73948.86399263226
2024-04-04,73946.16222131767
2024-04-05,74270.65741594353
2024-04-08,74155.86593835527
2024-04-09,74182.6761844734
2024-04-10,74096.91744093917
2024-04-11,73930.47797717704
2024-04-12,73638.6153026915
2024-04-15,73419.06596456555
2024-04-16,73196.972842836
2024-04-17,73221.82636932681
2024-04-18,73346.773019265
2024-04-19,73445.55795843394
2024-04-22,73564.7157342535
2024-04-23,74133.24918355781
2024-04-24,74020.8202737548
2024-04-25,74167.27587508927
2024-04-26,74216.39393860273
2024-04-29,74278.78849229291
2024-04-30,73949.08337146201
2024-05-01,74073.16919381688
2024-05-02,74145.46727505945
2024-05-03,74180.32192021921
2024-05-06,74229.73650714103
2024-05-07,74275.12737486768
2024-05-08,74262.52913172843
2024-05-09,74415.07122152502
2024-05-10,74528.24697321645
2024-05-13,74389.74524749549
2024-05-14,74417.57780509931
2024-05-15,74450.80469815173
2024-05-16,74505.4576919756
2024-05-17,74439.11121851971
2024-05-20,74477.4537199336
2024-05-21,74530.08328694856
2024-05-22,74475.46087362639
2024-05-23,74099.47384764302
2024-05-24,74201.7148342099
2024-05-28,74148.01562934375
2024-05-29,74013.80360835331
2024-05-30,74140.99903235568
2024-05-31,74303.84643989561
2024-06-03,74277.14567669007
2024-06-04,74100.92444786926
2024-06-05,74579.3604990623
2024-06-06,74460.8736243317
2024-06-07,74390.34604846047
2024-06-10,74401.80512102414
2024-06-11,74281.83488731892
2024-06-12,74709.5902422462
2024-06-13,74781.30621781992
2024-06-14,74620.4590068911
2024-06-17,74885.31679943603
2024-06-18,74939.37043982177
2024-06-20,74940.59459132423
2024-06-21,74767.75387239379
2024-06-24,74840.36371923046
2024-06-25,74812.57998170893
2024-06-26,74827.87220928207
2024-06-27,74974.26689361314
2024-06-28,74876.10608079947
2024-07-01,74684.57080141967
2024-07-02,74671.30765518852
2024-07-03,74780.15202890066
2024-07-05,74668.23907375193
2024-07-08,74715.41941662776
2024-07-09,74828.05133277958
2024-07-10,74922.06649162456
2024-07-11,74820.01913986256
2024-07-12,75049.09076567371
2024-07-15,75085.58992257169
2024-07-16,75146.2548032982
2024-07-17,75113.5581647818
2024-07-18,74793.39023410644
2024-07-19,74748.22178732272
2024-07-22,74889.33055646601
2024-07-23,74640.30286102058
2024-07-24,74221.49373557667
2024-07-25,74433.94758962338
2024-07-26,74944.6060990822
2024-07-29,74883.45004454393
2024-07-30,74820.52710388417
2024-07-31,75058.99205526023
2024-08-01,74891.93130563723
2024-08-02,74711.42093314546
2024-08-05,74849.35500249169
2024-08-06,74512.5133396379
2024-08-07,74231.9107130086
2024-08-08,74839.734846793
2024-08-09,74815.06880764427
2024-08-12,74753.90135767253
2024-08-13,74821.303338233
2024-08-14,74771.42954597276
2024-08-15,75436.19531771462
2024-08-16,75387.73357479624
2024-08-19,75663.76772088376
2024-08-20,75296.91853926716
2024-08-21,75412.64832991957
2024-08-22,75129.4500923751
2024-08-23,75273.56760577984
2024-08-26,75209.7044481255
2024-08-27,75208.27572493815
2024-08-28,75069.42266453542
2024-08-29,75130.16381333242
2024-08-30,75302.21269792193
2024-09-03,74832.26145668808
2024-09-04,74704.1979348925
2024-09-05,74642.70573256133
2024-09-06,74247.68403891608
2024-09-09,74728.62183585319
2024-09-10,74688.3452632071
2024-09-11,74718.39872246915
2024-09-12,74729.42970383566
2024-09-13,74861.32673262723
2024-09-16,74961.35876356164
2024-09-17,75028.23822546111
2024-09-18,74658.43475144252
2024-09-19,75286.97595534365
2024-09-20,75227.3880977422
2024-09-23,75503.6473672994
2024-09-24,75514.1268220924
2024-09-25,75301.48330127081
2024-09-26,75512.11989434721
2024-09-27,75477.1971207409
2024-09-30,75592.77418241545
2024-10-01,75494.87650717271
2024-10-02,75442.64449891858
2024-10-03,75375.70615678516
2024-10-04,75402.18932981286
2024-10-07,75070.39993137054
2024-10-08,75048.02992879765
2024-10-09,75260.64172536175
2024-10-10,75061.35745639382
2024-10-11,75250.3266294486
2024-10-14,75475.5618744714
2024-10-15,75302.12368876433
2024-10-16,75531.71550275943
2024-10-17,75509.877653412
2024-10-18,75339.38996918316
2024-10-21,75086.95525087754
2024-10-22,75326.25200911515
2024-10-23,75265.39085909918
2024-10-24,75300.10897845204
2024-10-25,75030.46727802628
2024-10-28,75447.7338229752
2024-10-29,75088.47983213146
2024-10-30,74988.86637878037
2024-10-31,74857.51093383395
2024-11-01,74784.07419693923
2024-11-04,74770.64518425165
2024-11-05,74971.58767498386
2024-11-06,74583.36900299277
2024-11-07,74647.02868833058
2024-11-08,74713.3471417288
2024-11-11,74746.37791428904
2024-11-12,74536.71980861227
2024-11-13,74283.2471410922
2024-11-14,74167.39950413852
2024-11-15,74238.32225041045
2024-11-18,74388.46610895204
2024-11-19,74386.51008183832
2024-11-20,74417.9480228202
2024-11-21,74673.35549322724
2024-11-22,74811.58868139358
2024-11-25,74990.1003086047
2024-11-26,74745.8494996578
2024-11-27,74510.8865053582
2024-11-29,74538.83369073296
2024-12-02,74540.77973913011
2024-12-03,74505.14978694553
2024-12-04,74580.49287476102
2024-12-05,74466.43588085484
2024-12-06,74349.26820172353
2024-12-09,74344.6199138201
2024-12-10,74150.04020102287
2024-12-11,74375.55075693084
2024-12-12,74316.70769501975
2024-12-13,74185.32346501903
2024-12-16,74005.66638513494
2024-12-17,73876.46258738937
2024-12-18,72926.41408556853
2024-12-19,72711.044107865
2024-12-20,72816.35908435239
2024-12-23,73061.56050760252
2024-12-24,73328.44681272132
2024-12-26,73336.36079838645
2024-12-27,73298.74332446595
2024-12-30,73045.03916478764
2024-12-31,72963.76909023125
2025-01-02,73184.5890531236
2025-01-03,73444.6001323365
2025-01-06,73533.83939228443
2025-01-07,73601.75100394698
2025-01-08,73665.2106622343
2025-01-10,73483.80424026941
2025-01-13,73602.8700008106
2025-01-14,73876.01297986163
2025-01-15,74133.79174269889
2025-01-16,74075.83764526552
2025-01-17,74301.84313715532
2025-01-21,74321.94406804968
2025-01-22,74233.14905882571
2025-01-23,74122.06429101418
2025-01-24,74090.21780168799
2025-01-27,73987.52003086367
2025-01-28,74058.49905823177
2025-01-29,74131.93361981698
2025-01-30,74505.58449632875
2025-01-31,74074.27881138289
2025-02-03,73637.05464121843
2025-02-04,73939.60735144587
2025-02-05,74021.7733058637
2025-02-06,74322.39207384933
2025-02-07,73663.02087219528
2025-02-10,73710.27846405076
2025-02-11,73917.0786182444
2025-02-12,73715.15014903029
2025-02-13,73667.84762368574
2025-02-14,73616.84199636939
2025-02-18,73746.06727833179
2025-02-19,73829.69360534313
2025-02-20,73628.77903168286
2025-02-21,73134.70415406334
2025-02-24,72990.49309197305
2025-02-25,72694.29387897035
2025-02-26,72817.0689981246
2025-02-27,72600.18672105137
2025-02-28,72910.2905383416
2025-03-03,72300.11725078615
2025-03-04,72061.59311999257
2025-03-05,72802.3282221216
2025-03-06,71632.12073755663
2025-03-07,71805.47910380899
2025-03-10,70562.2593864164
2025-03-11,70266.80736474248
2025-03-12,70382.51136394279
2025-03-13,70031.11005545918
2025-03-14,70528.37585054094
2025-03-17,70892.3833668208
2025-03-18,70719.9695126964
2025-03-19,70857.28725404263
2025-03-20,70776.00099517341
2025-03-21,70885.72298901918
2025-03-24,70832.0805509053
2025-03-25,70714.37879735934
2025-03-26,70825.15716643404
2025-03-27,70908.2761859466
2025-03-28,70338.16902286453
2025-03-31,70305.5792578845
2025-04-01,70582.16480400115
2025-04-02,70764.79821756089
2025-04-03,69693.18159571898
2025-04-04,69101.69190272602
2025-04-07,68611.58695515571
2025-04-08,67686.11256045668
2025-04-09,69166.24026813188
2025-04-10,68423.42165589408
2025-04-11,68559.02245631619
2025-04-14,68577.74600969492
2025-04-15,68419.47475800499
2025-04-16,68153.26501847235
2025-04-17,68289.57969603296
2025-04-21,67827.85964586704
2025-04-22,68154.03662547894
2025-04-23,68099.58872439034
2025-04-24,68251.29235702685
2025-04-25,68276.75158524887
2025-04-28,68275.71947966254
2025-04-29,68283.1678652081
2025-04-30,68248.13065221848
2025-05-01,68381.0978761867
2025-05-02,68490.89607422237
2025-05-05,68369.62647397842
2025-05-06,68243.16708323496
2025-05-07,68337.09950952198
2025-05-08,68371.87327032375
2025-05-09,68364.85913226254
2025-05-12,68446.26205895751
2025-05-13,68442.37181863245
2025-05-14,68422.13547180801
2025-05-15,68446.38878541766
2025-05-16,68675.3104097015
2025-05-19,68637.31724286087
2025-05-20,68587.22495333134
2025-05-21,68334.49887732504
2025-05-22,68365.3133966339
2025-05-23,68274.5893023627
2025-05-27,68599.25791660378
2025-05-28,68277.34136121008
2025-05-29,68283.51698585294
2025-05-30,68317.11847666668
2025-06-02,68504.26660852726
2025-06-03,68562.71165621448
2025-06-04,68540.71333032486
2025-06-05,68536.6057537126
2025-06-06,68571.0741886774
2025-06-09,68583.93052260044
2025-06-10,68454.3500888972
2025-06-11,68442.74984200268
2025-06-12,68624.82882457353
2025-06-13,68572.06662948255
2025-06-16,68813.37730666765
2025-06-17,68583.15590281485
2025-06-18,68650.9836212535
2025-06-20,68626.26146128152
2025-06-23,68675.54532854795
2025-06-24,68841.17353541146
2025-06-25,68878.41776484177
2025-06-26,69019.63073943481
2025-06-27,69106.70365887904
2025-06-30,69110.45110764059
2025-07-01,69152.84805452166
2025-07-02,69152.84805452166
2025-07-03,69152.84805452166
2025-07-07,69159.50488496054
2025-07-08,69133.543902185
2025-07-09,69116.73758614594
2025-07-10,69102.66397221612
2025-07-11,69042.54348335371
2025-07-14,69060.06943465944
2025-07-15,68889.58455867456
2025-07-16,69105.92445523922
2025-07-17,69066.39632953578
2025-07-18,69044.6682178494
2025-07-21,68978.37547345285
2025-07-22,69142.22792328932
2025-07-23,69250.8343711132
2025-07-24,69294.91084544573
2025-07-25,69250.48138076029
2025-07-28,69223.1684064446
2025-07-29,69239.55035030938
2025-07-30,69259.75212414163
2025-07-31,69358.82721353466
2025-08-01,69282.6849872458
2025-08-04,69520.51617246117
2025-08-05,69660.1028226568
2025-08-06,69591.08681730913
2025-08-07,69503.65045005294
2025-08-08,69680.81275672204
2025-08-11,69627.3997936516
2025-08-12,70014.49636213182
2025-08-13,70087.73420643063
2025-08-14,70154.85245317014
2025-08-15,69970.04209775908
2025-08-18,70351.64291615451
2025-08-19,70118.7198468571
2025-08-20,70207.04550229697
2025-08-21,70243.41946195101
2025-08-22,70428.52494061757
2025-08-25,70427.21823559083
2025-08-26,70539.25702845842
2025-08-27,70447.05105487665
2025-08-28,70395.81345595162
2025-08-29,70360.76842827327
2025-09-02,70218.6814950358
2025-09-03,70111.21692113185
