bucket,dte,width_frac,n_trades,n_total_bucket_trades,coverage_pct,win_rate_pct,avg_pnl_pct_of_notional,avg_roc_on_premium_pct,median_roc_on_premium_pct,max_drawdown_pct,total_return_pct,final_equity,zero_contract_skips,bs_fallback_pct,itm_short_leg_pct,expiry_forced_exit_pct,oi_known_both_legs_pct
10%+,7,0.5,40,75,53.3,37.5,-0.321,-10.7,-92.4,-48.64,-23.64,76362.86,0,0.0,15.0,92.5,2.5
10%+,7,0.75,37,75,49.3,37.8,-0.472,-17.2,-94.3,-49.94,-32.24,67755.11,0,0.0,2.7,89.2,2.7
10%+,7,1.0,34,75,45.3,35.3,-0.526,-24.6,-100.0,-54.98,-38.79,61208.26,0,0.0,0.0,85.3,2.9
10%+,7,1.25,27,75,36.0,29.6,-1.416,-50.6,-100.0,-58.33,-50.92,49079.82,0,0.0,0.0,92.6,3.7
10%+,14,0.5,36,75,48.0,33.3,-0.562,-28.0,-100.0,-56.27,-42.47,57534.54,0,0.0,22.2,86.1,2.8
10%+,14,0.75,36,75,48.0,36.1,-0.531,-26.5,-94.5,-52.79,-40.27,59731.02,0,0.0,8.3,80.6,2.8
10%+,14,1.0,31,75,41.3,45.2,-0.071,-12.5,-58.4,-34.03,-20.89,79107.61,0,0.0,3.2,77.4,3.2
10%+,14,1.25,30,75,40.0,36.7,-0.987,-37.1,-100.0,-54.38,-44.87,55132.05,0,0.0,0.0,80.0,3.3
10%+,21,0.5,39,75,52.0,28.2,-1.783,-45.5,-100.0,-65.43,-61.22,38782.23,0,0.0,20.5,84.6,2.6
10%+,21,0.75,30,75,40.0,20.0,-2.42,-55.0,-100.0,-63.65,-58.18,41815.04,0,0.0,10.0,80.0,3.3
10%+,21,1.0,31,75,41.3,25.8,-2.501,-48.7,-100.0,-61.81,-55.5,44495.61,0,0.0,0.0,80.6,3.2
10%+,21,1.25,28,75,37.3,25.0,-2.595,-51.6,-100.0,-60.59,-53.69,46310.02,0,0.0,0.0,82.1,3.6
10%+,30,0.5,29,75,38.7,27.6,-2.07,-45.0,-100.0,-54.53,-49.71,50291.9,0,0.0,27.6,82.8,3.4
10%+,30,0.75,30,75,40.0,30.0,-2.019,-39.5,-100.0,-52.49,-46.89,53110.18,0,0.0,13.3,80.0,3.3
10%+,30,1.0,31,75,41.3,29.0,-2.136,-38.7,-100.0,-53.57,-47.98,52018.81,0,0.0,6.5,77.4,3.2
10%+,30,1.25,17,75,22.7,29.4,-1.518,-19.8,-100.0,-26.42,-17.93,82072.74,0,0.0,5.9,70.6,52.9
10%+,45,0.5,24,75,32.0,33.3,-0.589,35.4,-47.6,-24.43,23.66,123664.46,0,0.0,25.0,79.2,4.2
10%+,45,0.75,22,75,29.3,36.4,-1.647,-18.2,-100.0,-23.97,-22.17,77826.6,0,0.0,4.5,81.8,0.0
10%+,45,1.0,23,75,30.7,34.8,-1.514,-10.7,-10.7,-26.57,-15.46,84538.05,0,0.0,4.3,82.6,4.3
10%+,45,1.25,17,75,22.7,35.3,-2.066,-23.3,-100.0,-30.03,-20.62,79378.74,0,0.0,0.0,76.5,0.0
10%+,60,0.5,7,75,9.3,71.4,1.147,32.4,61.8,-7.78,11.3,111295.59,0,0.0,71.4,14.3,0.0
10%+,60,0.75,7,75,9.3,57.1,1.161,21.1,68.1,-12.59,6.49,106489.13,0,0.0,42.9,28.6,0.0
10%+,60,1.0,8,75,10.7,62.5,2.523,50.8,92.3,-12.65,20.74,120735.71,0,0.0,25.0,25.0,0.0
10%+,60,1.25,5,75,6.7,60.0,2.01,45.1,81.0,-8.45,10.66,110664.5,0,0.0,0.0,20.0,0.0
2-3%,7,0.5,44,92,47.8,27.3,-0.394,-27.6,-27.2,-46.57,-46.38,53620.22,0,0.0,34.1,22.7,2.3
2-3%,7,0.75,44,92,47.8,31.8,-0.478,-24.5,-24.0,-44.1,-42.63,57372.82,0,0.0,27.3,22.7,2.3
2-3%,7,1.0,45,92,48.9,42.2,-0.462,-17.6,-9.5,-40.44,-33.7,66297.58,0,0.0,26.7,22.2,2.2
2-3%,7,1.25,44,92,47.8,43.2,-0.505,-16.1,-14.9,-40.54,-30.9,69096.12,0,0.0,18.2,22.7,2.3
2-3%,14,0.5,39,92,42.4,20.5,-0.401,-28.3,-16.7,-43.82,-43.25,56749.21,0,0.0,38.5,15.4,2.6
2-3%,14,0.75,39,92,42.4,28.2,-0.276,-28.7,-15.8,-44.36,-43.64,56360.79,0,0.0,35.9,15.4,2.6
2-3%,14,1.0,39,92,42.4,30.8,-0.302,-25.6,-15.8,-41.91,-40.12,59875.44,0,0.0,30.8,15.4,2.6
2-3%,14,1.25,42,92,45.7,31.0,-0.324,-23.5,-14.3,-42.18,-39.76,60236.88,0,0.0,23.8,14.3,2.4
2-3%,21,0.5,34,92,37.0,26.5,-0.484,-27.9,-28.7,-38.47,-38.29,61712.43,0,0.0,26.5,2.9,2.9
2-3%,21,0.75,34,92,37.0,26.5,-0.509,-25.7,-25.4,-35.52,-35.96,64038.16,0,0.0,17.6,2.9,2.9
2-3%,21,1.0,34,92,37.0,23.5,-0.531,-25.7,-24.1,-35.64,-35.95,64049.52,0,0.0,14.7,2.9,2.9
2-3%,21,1.25,33,92,35.9,24.2,-0.529,-21.5,-20.8,-31.39,-30.3,69703.77,0,0.0,9.1,3.0,3.0
2-3%,30,0.5,35,92,38.0,25.7,-0.578,-28.0,-16.7,-39.65,-39.64,60356.08,0,0.0,28.6,2.9,2.9
2-3%,30,0.75,37,92,40.2,27.0,-0.6,-25.3,-16.7,-38.18,-38.17,61825.26,0,0.0,27.0,2.7,2.7
2-3%,30,1.0,34,92,37.0,29.4,-0.622,-24.3,-16.5,-34.69,-34.56,65442.37,0,0.0,17.6,2.9,2.9
2-3%,30,1.25,33,92,35.9,27.3,-0.728,-27.2,-16.2,-37.21,-37.01,62991.7,0,0.0,12.1,3.0,3.0
2-3%,45,0.5,25,92,27.2,12.0,-1.014,-21.9,-19.7,-23.29,-24.28,75719.56,0,0.0,32.0,0.0,4.0
2-3%,45,0.75,26,92,28.3,15.4,-1.037,-22.7,-20.3,-24.98,-25.95,74046.72,0,0.0,30.8,0.0,3.8
2-3%,45,1.0,25,92,27.2,20.0,-1.163,-19.1,-19.2,-20.86,-21.53,78467.41,0,0.0,20.0,0.0,4.0
2-3%,45,1.25,25,92,27.2,20.0,-1.106,-16.6,-12.7,-18.27,-18.94,81056.81,0,0.0,20.0,0.0,4.0
2-3%,60,0.5,8,92,8.7,25.0,-0.793,-21.7,-20.4,-6.88,-8.45,91545.35,0,0.0,25.0,0.0,12.5
2-3%,60,0.75,9,92,9.8,22.2,-0.841,-20.5,-18.5,-6.88,-8.97,91029.01,0,0.0,22.2,0.0,11.1
2-3%,60,1.0,8,92,8.7,25.0,-0.772,-21.0,-20.4,-6.87,-8.19,91814.16,0,0.0,12.5,0.0,12.5
2-3%,60,1.25,8,92,8.7,25.0,-0.874,-20.0,-20.4,-6.82,-7.8,92197.68,0,0.0,12.5,0.0,12.5
3-5%,7,0.5,91,157,58.0,41.8,-0.179,-14.6,-14.3,-56.28,-51.15,48848.44,0,0.0,44.0,29.7,1.1
3-5%,7,0.75,90,157,57.3,46.7,-0.056,-8.0,-2.8,-52.92,-34.48,65522.35,0,0.0,33.3,28.9,1.1
3-5%,7,1.0,82,157,52.2,46.3,-0.007,-6.0,-4.2,-41.84,-25.61,74386.22,0,0.0,24.4,29.3,1.2
3-5%,7,1.25,83,157,52.9,45.8,0.121,-1.2,-6.2,-45.29,-11.97,88034.27,0,0.0,15.7,26.5,1.2
3-5%,14,0.5,61,157,38.9,41.0,-0.199,-13.8,-19.3,-38.47,-36.27,63726.82,0,0.0,52.5,19.7,1.6
3-5%,14,0.75,62,157,39.5,43.5,-0.064,-7.3,-8.6,-28.45,-22.48,77520.4,0,0.0,37.1,21.0,1.6
3-5%,14,1.0,62,157,39.5,46.8,-0.09,-9.4,-8.6,-33.97,-27.05,72952.75,0,0.0,30.6,21.0,1.6
3-5%,14,1.25,56,157,35.7,44.6,-0.073,-11.2,-9.0,-33.93,-28.56,71444.28,0,0.0,19.6,23.2,1.8
3-5%,21,0.5,62,157,39.5,30.6,-0.532,-21.0,-26.4,-48.79,-48.53,51474.48,0,0.0,38.7,14.5,1.6
3-5%,21,0.75,66,157,42.0,33.3,-0.497,-18.5,-19.8,-47.79,-47.25,52745.8,0,0.0,33.3,19.7,1.5
3-5%,21,1.0,62,157,39.5,33.9,-0.403,-14.3,-19.2,-40.69,-37.17,62825.23,0,0.0,22.6,14.5,1.6
3-5%,21,1.25,62,157,39.5,37.1,-0.283,-9.4,-13.5,-30.52,-26.89,73105.77,0,0.0,19.4,16.1,1.6
3-5%,30,0.5,57,157,36.3,28.1,-0.538,-28.0,-23.5,-56.98,-55.93,44067.38,0,0.0,49.1,22.8,1.8
3-5%,30,0.75,58,157,36.9,31.0,-0.577,-25.9,-19.5,-55.14,-53.95,46050.36,0,0.0,32.8,24.1,1.7
3-5%,30,1.0,58,157,36.9,31.0,-0.663,-25.7,-17.7,-54.77,-53.66,46337.24,0,0.0,27.6,22.4,1.7
3-5%,30,1.25,55,157,35.0,36.4,-0.39,-23.7,-18.3,-51.13,-49.19,50805.68,0,0.0,18.2,25.5,1.8
3-5%,45,0.5,48,157,30.6,39.6,-0.306,-13.5,-11.1,-27.7,-27.91,72091.54,0,0.0,43.8,6.2,2.1
3-5%,45,0.75,50,157,31.8,40.0,-0.386,-14.7,-14.7,-31.03,-31.11,68893.79,0,0.0,38.0,10.0,2.0
3-5%,45,1.0,46,157,29.3,45.7,-0.204,-8.8,-6.1,-21.23,-18.79,81211.31,0,0.0,32.6,8.7,2.2
3-5%,45,1.25,43,157,27.4,48.8,-0.246,-5.7,0.0,-19.97,-12.01,87993.05,0,0.0,23.3,7.0,2.3
3-5%,60,0.5,9,157,5.7,33.3,-0.818,-28.8,-4.7,-13.34,-12.46,87544.44,0,0.0,44.4,22.2,0.0
3-5%,60,0.75,9,157,5.7,33.3,-0.818,-28.8,-4.7,-13.34,-12.46,87544.44,0,0.0,44.4,22.2,0.0
3-5%,60,1.0,9,157,5.7,33.3,-0.809,-27.8,-2.6,-13.4,-12.05,87945.56,0,0.0,44.4,22.2,0.0
3-5%,60,1.25,9,157,5.7,33.3,-0.867,-25.8,-2.6,-12.4,-11.22,88778.86,0,0.0,11.1,22.2,0.0
5-10%,7,0.5,95,184,51.6,40.0,-0.394,-21.5,-55.2,-70.33,-67.2,32801.96,0,0.0,26.3,65.3,1.1
5-10%,7,0.75,82,184,44.6,42.7,-0.211,-13.1,-50.6,-53.24,-47.28,52724.98,0,0.0,23.2,62.2,1.2
5-10%,7,1.0,79,184,42.9,41.8,-0.199,-12.0,-38.3,-52.52,-45.2,54798.72,0,0.0,10.1,64.6,1.3
5-10%,7,1.25,78,184,42.4,43.6,-0.144,-7.7,-36.0,-43.93,-34.04,65960.6,0,0.0,7.7,64.1,1.3
5-10%,14,0.5,87,184,47.3,42.5,-0.471,-21.1,-35.5,-67.05,-62.67,37333.63,0,0.0,34.5,49.4,1.1
5-10%,14,0.75,82,184,44.6,45.1,-0.342,-14.8,-26.6,-55.92,-49.07,50931.13,0,0.0,30.5,48.8,1.2
5-10%,14,1.0,72,184,39.1,47.2,-0.42,-12.6,-16.8,-52.19,-41.28,58720.45,0,0.0,19.4,47.2,1.4
5-10%,14,1.25,72,184,39.1,44.4,-0.115,-9.3,-19.4,-54.77,-34.8,65202.6,0,0.0,11.1,48.6,1.4
5-10%,21,0.5,72,184,39.1,45.8,-0.282,-7.9,-5.2,-38.41,-27.57,72433.57,0,0.0,40.3,38.9,1.4
5-10%,21,0.75,69,184,37.5,55.1,-0.22,-6.7,7.5,-41.25,-24.55,75446.77,0,0.0,36.2,42.0,1.4
5-10%,21,1.0,66,184,35.9,53.0,-0.202,-4.9,10.6,-38.25,-18.77,81232.97,0,0.0,21.2,36.4,1.5
5-10%,21,1.25,60,184,32.6,50.0,-0.321,-8.0,2.8,-39.79,-25.64,74355.45,0,0.0,15.0,41.7,1.7
5-10%,30,0.5,71,184,38.6,33.8,-0.771,-32.6,-26.4,-73.19,-71.0,28997.72,0,0.0,39.4,40.8,1.4
5-10%,30,0.75,70,184,38.0,38.6,-0.682,-23.5,-11.9,-62.23,-59.21,40788.52,0,0.0,32.9,44.3,1.4
5-10%,30,1.0,64,184,34.8,40.6,-0.86,-27.6,-25.3,-64.82,-62.0,37995.31,0,0.0,23.4,46.9,1.6
5-10%,30,1.25,56,184,30.4,46.4,-0.953,-24.1,-11.9,-54.58,-51.68,48315.04,0,0.0,19.6,42.9,1.8
5-10%,45,0.5,57,184,31.0,38.6,-0.529,-22.2,-13.1,-54.09,-48.88,51116.17,0,0.0,45.6,33.3,1.8
5-10%,45,0.75,55,184,29.9,45.5,-0.672,-20.2,-3.3,-50.1,-44.81,55186.97,0,0.0,41.8,34.5,1.8
5-10%,45,1.0,54,184,29.3,53.7,-0.533,-15.1,3.4,-50.7,-36.98,63022.82,0,0.0,24.1,25.9,1.9
5-10%,45,1.25,47,184,25.5,55.3,-0.356,-11.6,6.9,-50.22,-27.85,72148.02,0,0.0,12.8,27.7,2.1
5-10%,60,0.5,13,184,7.1,53.8,0.081,2.2,17.3,-12.35,0.46,100459.1,0,0.0,53.8,15.4,0.0
5-10%,60,0.75,12,184,6.5,58.3,0.365,9.0,31.5,-12.73,4.3,104295.46,0,0.0,41.7,16.7,0.0
5-10%,60,1.0,12,184,6.5,58.3,0.292,9.3,31.5,-13.04,4.51,104511.7,0,0.0,33.3,16.7,0.0
5-10%,60,1.25,13,184,7.1,53.8,0.284,9.3,29.5,-12.97,4.92,104922.54,0,0.0,23.1,15.4,0.0
