grp,feature,n,Q1_rpsd,Q2_rpsd,Q3_rpsd,Q4_rpsd,Q5_rpsd,Q5_minus_Q1,ci_lo,ci_hi,monotone_ups
2-5%,abs_gap,1581,0.037,0.009,-0.003,0.045,0.042,0.005,-0.089,0.106,1
2-5%,vol_norm,1543,-0.067,0.065,0.046,0.015,0.035,0.102,-0.089,0.279,2
2-5%,vol_spike,1546,0.05,-0.003,0.06,0.004,0.034,-0.016,-0.133,0.093,2
2-5%,breadth_frac,1581,0.036,0.016,0.027,0.043,0.037,0.001,-0.298,0.339,2
2-5%,dd52,1031,-0.097,-0.035,0.013,0.008,0.0,0.097,-0.103,0.249,2
2-5%,mom63,1378,-0.024,0.016,0.013,0.013,0.02,0.044,-0.126,0.195,2
5-10%,abs_gap,253,0.055,0.037,0.124,0.068,0.054,-0.001,-0.097,0.081,1
5-10%,vol_norm,248,0.202,0.073,0.065,0.044,0.04,-0.162,-0.357,-0.002,0
5-10%,vol_spike,248,0.132,0.057,0.024,0.096,0.06,-0.072,-0.218,0.052,1
5-10%,breadth_frac,253,0.084,0.083,0.008,0.072,0.1,0.016,-0.128,0.207,2
5-10%,dd52,168,0.212,0.148,0.052,0.024,0.009,-0.203,-0.423,-0.016,0
5-10%,mom63,223,0.087,0.097,0.056,0.073,0.003,-0.084,-0.219,0.064,2
