config,bucket,n_trades,win_rate_pct,avg_pnl_pct,std_pct,total_return_pct,max_drawdown_pct,ret_per_maxdd,final_equity,avg_pnl_pct_premium,avg_premium_pct_notional,expired_before_exit,median_spread_pct
anchor_subset,ALL,446,78.9,1.824,9.855,50.09,-19.15,2.616,150092.62,,,,
anchor_subset,10%+,69,75.4,6.021,15.18,26.84,-6.45,4.162,126840.72,,,,
anchor_subset,2-3%,78,87.2,0.622,4.528,2.47,-2.15,1.148,102468.49,,,,
anchor_subset,3-5%,140,80.7,0.492,7.227,4.31,-6.08,0.708,104307.08,,,,
anchor_subset,5-10%,159,74.8,1.765,10.415,16.48,-10.33,1.595,116476.33,,,,
call_14d_0.3,ALL,442,32.4,-0.409,2.01,-11.05,-12.35,-0.894,88952.18,-20.4,1.96,174.0,21.9
call_14d_0.3,10%+,69,21.7,-0.611,3.037,-2.26,-3.42,-0.663,97736.53,-32.1,2.05,54.0,20.6
call_14d_0.3,2-3%,77,35.1,-0.515,1.357,-2.33,-2.61,-0.894,97667.05,-19.1,1.92,7.0,18.2
call_14d_0.3,3-5%,140,35.0,-0.344,1.546,-3.1,-3.79,-0.818,96897.52,-18.2,2.04,33.0,22.0
call_14d_0.3,5-10%,156,33.3,-0.326,2.089,-3.35,-4.04,-0.828,96651.08,-17.9,1.86,80.0,22.5
stock_eod_control,ALL,442,69.7,1.016,10.001,27.94,-17.35,1.61,127938.79,,,,
stock_eod_control,10%+,69,68.1,3.809,15.431,16.81,-5.37,3.13,116807.21,,,,
stock_eod_control,2-3%,77,72.7,0.111,5.021,0.29,-13.8,0.021,100289.16,,,,
stock_eod_control,3-5%,140,73.6,0.398,7.633,3.5,-5.08,0.689,103499.67,,,,
stock_eod_control,5-10%,156,65.4,0.78,10.547,7.34,-12.13,0.606,107342.76,,,,
call_14d_0.5,ALL,442,40.7,-0.52,3.227,-14.34,-17.18,-0.835,85658.52,-13.8,3.92,174.0,14.2
call_14d_0.5,10%+,69,33.3,-0.803,4.798,-3.07,-4.8,-0.639,96933.72,-21.5,4.24,54.0,13.2
call_14d_0.5,2-3%,77,39.0,-0.583,1.903,-2.74,-3.32,-0.826,97261.04,-13.9,3.9,7.0,10.5
call_14d_0.5,3-5%,140,42.1,-0.425,2.608,-3.86,-5.37,-0.72,96136.43,-10.7,4.09,33.0,13.9
call_14d_0.5,5-10%,156,43.6,-0.45,3.407,-4.67,-5.67,-0.824,95327.34,-13.2,3.65,80.0,15.9
call_14d_0.7,ALL,442,41.4,-0.872,4.54,-24.44,-28.05,-0.871,75561.73,-14.1,7.21,174.0,12.5
call_14d_0.7,10%+,69,37.7,-1.123,6.408,-4.59,-6.36,-0.722,95408.68,-20.0,7.63,54.0,10.8
call_14d_0.7,2-3%,77,36.4,-1.095,2.777,-5.04,-5.54,-0.91,94961.35,-14.4,6.98,7.0,12.8
call_14d_0.7,3-5%,140,42.1,-0.76,3.772,-6.8,-8.89,-0.765,93201.89,-11.7,7.64,33.0,12.2
call_14d_0.7,5-10%,156,44.9,-0.752,4.901,-8.01,-9.78,-0.819,91989.82,-13.6,6.74,80.0,13.5
call_21d_0.3,ALL,442,32.6,-0.496,2.068,-13.17,-14.36,-0.917,86828.92,-22.6,2.26,155.0,19.9
call_21d_0.3,10%+,69,18.8,-1.073,2.947,-4.14,-4.82,-0.859,95861.15,-43.7,2.47,50.0,18.5
call_21d_0.3,2-3%,77,33.8,-0.576,1.386,-2.63,-2.92,-0.9,97371.18,-19.4,2.22,4.0,17.8
call_21d_0.3,3-5%,140,35.0,-0.392,1.604,-3.49,-4.25,-0.821,96508.94,-20.0,2.33,30.0,22.0
call_21d_0.3,5-10%,156,35.9,-0.294,2.216,-2.91,-3.74,-0.778,97087.65,-17.3,2.11,71.0,20.1
call_21d_0.5,ALL,442,42.1,-0.614,3.385,-16.69,-19.44,-0.858,83309.66,-14.9,4.46,155.0,10.8
call_21d_0.5,10%+,69,30.4,-1.397,4.768,-5.42,-6.82,-0.794,94580.9,-30.2,4.77,50.0,10.4
call_21d_0.5,2-3%,77,44.2,-0.557,2.042,-2.65,-3.22,-0.823,97346.3,-11.0,4.43,4.0,8.7
call_21d_0.5,3-5%,140,42.9,-0.477,2.692,-4.23,-5.52,-0.765,95773.09,-12.1,4.64,30.0,11.2
call_21d_0.5,5-10%,156,45.5,-0.42,3.709,-4.39,-5.81,-0.756,95609.37,-12.7,4.19,71.0,12.3
call_21d_0.7,ALL,442,42.1,-1.081,4.893,-29.33,-33.55,-0.874,70670.11,-15.1,8.24,155.0,11.6
call_21d_0.7,10%+,69,37.7,-1.902,6.781,-7.41,-9.26,-0.8,92591.1,-23.5,8.57,50.0,11.1
call_21d_0.7,2-3%,77,33.8,-1.545,3.534,-7.48,-8.09,-0.924,92523.04,-15.0,8.43,4.0,10.7
call_21d_0.7,3-5%,140,43.6,-0.792,3.875,-6.89,-8.91,-0.773,93114.27,-12.4,8.59,30.0,11.7
call_21d_0.7,5-10%,156,46.8,-0.749,5.27,-7.56,-9.32,-0.811,92441.69,-13.9,7.7,71.0,11.7
call_30d_0.3,ALL,442,31.4,-0.699,2.242,-18.77,-19.39,-0.968,81228.64,-24.2,2.64,138.0,24.5
call_30d_0.3,10%+,69,23.2,-1.196,3.364,-4.7,-5.22,-0.901,95296.51,-36.1,2.86,49.0,24.9
call_30d_0.3,2-3%,77,27.3,-0.75,1.502,-3.47,-3.67,-0.946,96527.67,-22.6,2.6,2.0,21.9
call_30d_0.3,3-5%,140,32.1,-0.625,1.884,-5.52,-6.09,-0.905,94483.93,-23.2,2.8,23.0,24.1
call_30d_0.3,5-10%,156,36.5,-0.519,2.215,-5.08,-5.38,-0.944,94920.54,-20.6,2.44,64.0,25.0
call_30d_0.5,ALL,442,38.9,-0.828,3.653,-22.48,-24.87,-0.904,77518.98,-16.1,5.16,138.0,14.5
call_30d_0.5,10%+,69,29.0,-1.789,5.388,-7.01,-8.41,-0.833,92988.83,-29.9,5.56,49.0,13.6
call_30d_0.5,2-3%,77,39.0,-0.682,2.136,-3.3,-3.83,-0.861,96701.7,-10.9,5.02,2.0,10.0
call_30d_0.5,3-5%,140,40.0,-0.626,2.841,-5.54,-6.88,-0.805,94462.69,-13.3,5.41,23.0,15.1
call_30d_0.5,5-10%,156,42.3,-0.657,3.906,-6.63,-7.23,-0.917,93365.75,-15.2,4.83,64.0,15.6
call_30d_0.7,ALL,442,42.5,-1.283,5.236,-34.71,-37.99,-0.914,65287.7,-14.8,9.24,138.0,11.1
call_30d_0.7,10%+,69,36.2,-1.87,7.212,-7.19,-8.99,-0.8,92810.03,-18.3,9.7,49.0,10.0
call_30d_0.7,2-3%,77,35.1,-1.608,3.649,-7.62,-8.01,-0.951,92380.07,-15.5,9.08,2.0,11.8
call_30d_0.7,3-5%,140,44.3,-0.978,4.184,-8.63,-10.63,-0.812,91370.09,-12.2,9.6,23.0,11.0
call_30d_0.7,5-10%,156,47.4,-1.136,5.713,-11.27,-12.21,-0.923,88727.52,-15.2,8.8,64.0,11.4
call_45d_0.3,ALL,442,35.3,-0.713,2.409,-18.96,-19.84,-0.956,81039.2,-20.2,3.04,117.0,22.2
call_45d_0.3,10%+,69,27.5,-1.095,3.643,-4.12,-4.84,-0.851,95876.04,-25.3,3.26,46.0,17.8
call_45d_0.3,2-3%,77,32.5,-0.854,1.713,-3.93,-4.02,-0.978,96068.76,-22.6,2.97,0.0,25.7
call_45d_0.3,3-5%,140,37.1,-0.549,1.653,-4.8,-5.35,-0.897,95199.12,-18.4,3.13,17.0,20.8
call_45d_0.3,5-10%,156,38.5,-0.623,2.586,-6.1,-6.43,-0.949,93895.28,-18.4,2.89,54.0,25.3
call_45d_0.5,ALL,442,43.0,-0.859,3.969,-23.22,-25.24,-0.92,76779.59,-13.3,5.87,117.0,13.0
call_45d_0.5,10%+,69,34.8,-1.678,6.129,-6.49,-7.47,-0.869,93507.87,-20.3,6.33,46.0,8.9
call_45d_0.5,2-3%,77,40.3,-0.829,2.258,-3.87,-4.19,-0.924,96129.88,-12.1,5.73,0.0,11.9
call_45d_0.5,3-5%,140,47.1,-0.601,2.959,-5.34,-6.65,-0.804,94658.65,-10.8,6.16,17.0,14.1
call_45d_0.5,5-10%,156,44.2,-0.743,4.198,-7.52,-8.69,-0.865,92483.19,-12.9,5.47,54.0,14.9
call_45d_0.7,ALL,442,44.3,-1.366,5.79,-36.73,-40.35,-0.91,63267.56,-13.6,10.43,117.0,10.7
call_45d_0.7,10%+,69,42.0,-2.244,8.543,-8.53,-10.26,-0.831,91474.05,-17.8,11.13,46.0,9.6
call_45d_0.7,2-3%,77,33.8,-1.749,3.615,-8.18,-8.21,-0.996,91822.48,-15.4,10.26,0.0,11.8
call_45d_0.7,3-5%,140,45.0,-1.053,4.518,-9.07,-11.05,-0.821,90928.05,-11.7,10.91,17.0,10.4
call_45d_0.7,5-10%,156,50.0,-1.07,6.168,-10.96,-12.62,-0.868,89042.98,-12.6,9.77,54.0,11.2
call_60d_0.3,ALL,442,35.5,-0.708,2.413,-18.84,-19.72,-0.955,81164.47,-20.0,3.05,117.0,21.7
call_60d_0.3,10%+,69,27.5,-1.113,3.655,-4.19,-4.91,-0.853,95808.98,-25.3,3.28,46.0,17.8
call_60d_0.3,2-3%,77,32.5,-0.816,1.709,-3.78,-3.87,-0.977,96222.22,-21.7,2.99,0.0,22.2
call_60d_0.3,3-5%,140,37.9,-0.544,1.659,-4.76,-5.32,-0.896,95235.69,-18.2,3.14,17.0,20.6
call_60d_0.3,5-10%,156,38.5,-0.623,2.587,-6.1,-6.41,-0.951,93897.57,-18.3,2.9,54.0,25.3
call_60d_0.5,ALL,442,43.2,-0.851,3.975,-23.04,-25.06,-0.919,76964.96,-13.1,5.89,117.0,12.1
call_60d_0.5,10%+,69,34.8,-1.697,6.141,-6.56,-7.54,-0.87,93440.81,-20.3,6.35,46.0,8.9
call_60d_0.5,2-3%,77,40.3,-0.808,2.254,-3.79,-4.11,-0.922,96211.38,-11.8,5.79,0.0,11.4
call_60d_0.5,3-5%,140,47.9,-0.587,2.968,-5.24,-6.58,-0.796,94758.09,-10.6,6.17,17.0,13.3
call_60d_0.5,5-10%,156,44.2,-0.735,4.2,-7.45,-8.59,-0.866,92554.68,-12.8,5.47,54.0,14.7
call_60d_0.7,ALL,442,44.6,-1.355,5.792,-36.47,-40.09,-0.91,63526.42,-13.5,10.46,117.0,10.6
call_60d_0.7,10%+,69,42.0,-2.24,8.539,-8.51,-10.27,-0.829,91488.17,-17.8,11.12,46.0,9.6
call_60d_0.7,2-3%,77,33.8,-1.72,3.62,-8.06,-8.09,-0.996,91938.85,-15.1,10.38,0.0,11.6
call_60d_0.7,3-5%,140,45.7,-1.038,4.528,-8.97,-10.95,-0.819,91033.13,-11.5,10.93,17.0,10.2
call_60d_0.7,5-10%,156,50.0,-1.067,6.169,-10.93,-12.59,-0.868,89066.27,-12.5,9.77,54.0,11.2
