ticker,bucket,entry_date,exit_date,exit_reason,mae_pct
INTU,2-3%,2016-09-14,2016-09-15,tp_gap_filled,-0.43577891303792704
MRVL,2-3%,2016-09-08,2016-09-16,tp_gap_filled,-4.391781245758492
TPR,3-5%,2016-09-16,2016-09-19,tp_gap_filled,-1.008079794877749
ESS,2-3%,2016-09-12,2016-09-20,tp_gap_filled,-0.9756794269453152
FCX,2-3%,2016-09-13,2016-09-21,tp_gap_filled,-5.888220507227728
APA,2-3%,2016-09-14,2016-09-21,tp_gap_filled,-3.5776486767651874
WMB,3-5%,2016-09-12,2016-09-22,tp_gap_filled,-1.9407721007749437
LH,2-3%,2016-09-15,2016-09-22,tp_gap_filled,-1.1586244255757967
NRG,2-3%,2016-09-21,2016-09-22,tp_gap_filled,-1.9749908367926217
PYPL,2-3%,2016-09-26,2016-09-27,tp_gap_filled,-0.6548979603345318
DVN,2-3%,2016-09-23,2016-09-28,tp_gap_filled,-5.4695342804168465
HAL,2-3%,2016-09-27,2016-09-28,tp_gap_filled,-1.6926918073530406
MKC,2-3%,2016-09-19,2016-09-29,tp_gap_filled,-0.3190147942394661
NTAP,2-3%,2016-09-28,2016-09-30,tp_gap_filled,-1.1027091962341276
IVZ,2-3%,2016-09-21,2016-10-03,tp_gap_filled,-2.8784317549978122
WYNN,2-3%,2016-10-04,2016-10-11,tp_gap_filled,-2.400395311576704
AMD,3-5%,2016-10-03,2016-10-25,tp_gap_filled,-11.578413638489408
DELL,2-3%,2016-09-13,2016-10-27,tp_gap_filled,-3.0514462444194828
CTSH,10%+,2016-10-03,2016-11-07,tp_gap_filled,-0.7749781091188783
REGN,2-3%,2016-10-04,2016-11-09,tp_gap_filled,-18.014071767732094
BMY,5-10%,2016-10-12,2016-11-09,tp_gap_filled,-3.561708747114771
KR,3-5%,2016-09-08,2016-11-10,tp_gap_filled,-9.408459992765755
COR,10%+,2016-11-08,2016-11-10,tp_gap_filled,-0.7068024230479083
FERG,3-5%,2016-09-15,2016-12-05,tp_gap_filled,-9.706692111406143
CASY,5-10%,2016-09-08,2016-12-07,time_exit,-8.998183301934738
HON,5-10%,2016-10-10,2016-12-07,tp_gap_filled,-1.7428436865791093
LITE,5-10%,2016-10-12,2016-12-09,tp_gap_filled,-19.894812578513044
ORCL,3-5%,2016-09-22,2016-12-13,tp_gap_filled,-5.118843741463303
JBL,5-10%,2016-09-23,2016-12-16,tp_gap_filled,-8.063036115010707
CPT,3-5%,2016-09-30,2016-12-30,time_exit,-10.503169548333673
VMRK,3-5%,2016-10-03,2017-01-03,time_exit,-7.716329397453374
VST,10%+,2016-12-19,2017-01-05,tp_gap_filled,-0.3853286845513536
EBAY,3-5%,2016-10-07,2017-01-09,time_exit,-12.930517767709897
HCA,10%+,2016-11-11,2017-01-09,tp_gap_filled,-1.0743416570319078
TSN,5-10%,2016-10-10,2017-01-10,time_exit,-21.021110806155697
WDAY,10%+,2016-12-14,2017-01-11,tp_gap_filled,-4.636831554746716
DXCM,10%+,2016-11-03,2017-01-13,tp_gap_filled,-8.230022679696402
MCK,10%+,2016-11-01,2017-02-02,time_exit,-2.7936600750883844
FTNT,10%+,2016-12-01,2017-02-03,tp_gap_filled,-2.057780391909733
CNC,10%+,2016-11-11,2017-02-07,tp_gap_filled,-5.311079654855439
DG,5-10%,2017-01-13,2017-02-09,tp_gap_filled,-3.710590530119509
VMC,5-10%,2017-02-08,2017-02-13,tp_gap_filled,-1.895322718779368
TSCO,10%+,2016-11-11,2017-02-14,time_exit,-3.6523302723816613
BIIB,5-10%,2017-02-03,2017-02-14,tp_gap_filled,-0.857419003277354
NTRS,5-10%,2017-01-19,2017-02-15,tp_gap_filled,-2.037108983784097
UHS,10%+,2016-12-07,2017-03-01,tp_gap_filled,-10.251909153276344
WAT,5-10%,2017-01-24,2017-03-01,tp_gap_filled,-6.609803515285674
STE,5-10%,2017-02-09,2017-03-01,tp_gap_filled,-1.0541688008236996
HPE,10%+,2017-02-28,2017-04-10,tp_gap_filled,-0.6645746209074797
EW,10%+,2017-01-10,2017-04-11,time_exit,-12.92695105055148
PANW,10%+,2017-01-19,2017-04-20,time_exit,-25.335748129190506
CASY,5-10%,2017-03-09,2017-04-26,tp_gap_filled,-0.8566030949427135
WDAY,5-10%,2017-03-01,2017-05-04,tp_gap_filled,-2.0322735532696505
GILD,5-10%,2017-02-13,2017-05-15,time_exit,-2.431494954145491
AIG,5-10%,2017-02-16,2017-05-18,time_exit,-6.217804265847758
WAB,5-10%,2017-02-22,2017-05-23,time_exit,-9.508347129958354
BG,5-10%,2017-05-04,2017-05-23,tp_gap_filled,-1.5601946568416005
HRL,5-10%,2017-02-24,2017-05-25,time_exit,-6.540468980998868
RL,5-10%,2017-03-01,2017-05-31,time_exit,-18.030043791025314
ARES,10%+,2017-03-03,2017-06-02,time_exit,-12.20900504278412
PODD,5-10%,2017-03-06,2017-06-05,time_exit,-12.147348520642323
QCOM,5-10%,2017-03-10,2017-06-09,time_exit,-13.074869293785587
AMGN,5-10%,2017-03-21,2017-06-20,time_exit,-9.178485721928725
AMD,10%+,2017-05-16,2017-06-21,tp_gap_filled,-9.978966462912364
TXT,5-10%,2017-03-27,2017-06-26,time_exit,-1.176005534143688
LULU,10%+,2017-03-31,2017-06-30,time_exit,-9.18873540307213
INCY,10%+,2017-04-18,2017-07-18,time_exit,-8.845278564853212
LLY,5-10%,2017-04-18,2017-07-18,time_exit,-5.567988623773401
CAH,10%+,2017-04-19,2017-07-19,time_exit,-2.2313548945224935
EVRG,5-10%,2017-04-21,2017-07-21,time_exit,-3.888973140331367
HWM,10%+,2017-06-27,2017-07-24,tp_gap_filled,-4.110257074169054
TGT,5-10%,2017-06-19,2017-07-25,tp_gap_filled,-2.7998443796646106
WMT,5-10%,2017-07-10,2017-07-26,tp_gap_filled,-1.207448053038037
SYF,10%+,2017-05-01,2017-07-31,time_exit,-5.512668317566666
FFIV,5-10%,2017-05-02,2017-08-01,time_exit,-8.329107270392297
CSCO,5-10%,2017-05-19,2017-08-18,time_exit,-2.4769423170027323
AZO,5-10%,2017-05-25,2017-08-24,time_exit,-19.171121795010258
WYNN,5-10%,2017-07-27,2017-08-31,tp_gap_filled,-6.071201063821363
BG,5-10%,2017-06-12,2017-09-11,time_exit,-6.128744484459097
TER,5-10%,2017-08-02,2017-09-15,tp_gap_filled,-4.441967800656567
DE,5-10%,2017-08-24,2017-09-20,tp_gap_filled,-0.8787898269451885
PTC,5-10%,2017-07-21,2017-10-10,tp_gap_filled,-3.9634384714006967
GE,3-5%,2017-07-24,2017-10-20,time_exit,-13.010557638035971
NDSN,5-10%,2017-09-20,2017-10-23,tp_gap_filled,-0.38401803908100135
WAB,10%+,2017-07-26,2017-10-24,time_exit,-10.798882474632224
ORLY,5-10%,2017-07-27,2017-10-25,time_exit,-6.496493308035821
JCI,5-10%,2017-07-28,2017-10-26,time_exit,-8.26466497261723
TDG,5-10%,2017-09-05,2017-10-27,tp_gap_filled,-2.273163153252315
SBUX,5-10%,2017-08-02,2017-10-31,time_exit,-4.893168820851359
COHR,5-10%,2017-11-03,2017-11-09,tp_gap_filled,-1.1936931052429207
HRL,5-10%,2017-08-25,2017-11-21,tp_gap_filled,-5.978205906148869
KR,10%+,2017-08-24,2017-11-22,time_exit,-7.171680366704308
EW,5-10%,2017-10-26,2017-11-29,tp_gap_filled,-4.575786461536321
VEEV,5-10%,2017-08-31,2017-11-30,time_exit,-7.52708393178567
ULTA,5-10%,2017-08-31,2017-11-30,time_exit,-12.842429768108197
CMG,10%+,2017-11-14,2017-12-04,tp_gap_filled,-4.120707884266531
WSM,10%+,2017-11-20,2017-12-04,tp_gap_filled,-2.1159399777155867
EFX,10%+,2017-09-11,2017-12-08,time_exit,-26.530528220929472
COR,5-10%,2017-09-11,2017-12-08,time_exit,-14.602090258249806
CIEN,5-10%,2017-09-12,2017-12-11,time_exit,-12.542490742440911
ZBH,5-10%,2017-11-02,2017-12-19,tp_gap_filled,-3.5634797307873294
DXCM,10%+,2017-09-29,2017-12-29,time_exit,-8.757141143838302
CSX,5-10%,2017-12-18,2018-01-04,tp_gap_filled,-1.1364435715709449
DXCM,5-10%,2018-01-08,2018-01-10,tp_gap_filled,-3.7272819747498374
ALLE,5-10%,2017-10-27,2018-01-24,tp_gap_filled,-2.686490026178037
HSIC,5-10%,2017-11-07,2018-01-24,tp_gap_filled,-6.8360828887010445
GE,5-10%,2017-10-24,2018-01-25,time_exit,-28.70726547312397
EXPE,10%+,2017-10-30,2018-01-31,time_exit,-6.226995545674625
GEN,5-10%,2017-11-03,2018-02-06,time_exit,-12.604390501544248
LITE,10%+,2018-01-22,2018-02-06,tp_gap_filled,-8.096288003795653
ULTA,5-10%,2018-02-06,2018-02-12,tp_gap_filled,-1.6939370966030491
TTD,10%+,2017-11-13,2018-02-14,time_exit,-20.818657775891975
FDS,5-10%,2018-02-09,2018-02-21,tp_gap_filled,-0.6476194576148869
ADSK,10%+,2018-01-12,2018-03-07,tp_gap_filled,-11.033428781400856
CRL,5-10%,2017-12-15,2018-03-20,time_exit,-10.552413375289357
DVN,10%+,2018-02-22,2018-04-18,tp_gap_filled,-4.271672297492535
HSIC,5-10%,2018-03-01,2018-04-23,tp_gap_filled,-4.438049660896469
AMD,5-10%,2018-01-23,2018-04-24,time_exit,-30.262518712224672
VICI,5-10%,2018-01-24,2018-04-25,time_exit,-16.369345303715075
TXN,5-10%,2018-01-25,2018-04-26,time_exit,-12.818841464246614
DAL,5-10%,2018-01-25,2018-04-26,time_exit,-14.118420894492974
PCG,10%+,2018-01-29,2018-04-30,time_exit,-13.503437282893515
CVS,5-10%,2018-01-31,2018-05-02,time_exit,-23.455329566367645
GLW,5-10%,2018-01-31,2018-05-02,time_exit,-18.65142718377363
IT,5-10%,2018-02-07,2018-05-08,tp_gap_filled,-6.908403029107106
EXPE,10%+,2018-02-12,2018-05-14,time_exit,-5.741877460801851
WFC,5-10%,2018-02-14,2018-05-16,time_exit,-14.463733333900844
LOW,5-10%,2018-03-01,2018-05-24,tp_gap_filled,-7.232351559070928
ANET,10%+,2018-02-26,2018-05-25,time_exit,-8.91264942709758
MNST,5-10%,2018-03-09,2018-06-08,time_exit,-17.21094149233916
WAT,5-10%,2018-04-25,2018-06-13,tp_gap_filled,-2.8038359584825447
BBY,5-10%,2018-05-25,2018-06-18,tp_gap_filled,-4.806727293822631
ORCL,5-10%,2018-03-22,2018-06-21,time_exit,-9.129332857688857
INCY,10%+,2018-04-09,2018-07-09,time_exit,-8.819789962703872
CVS,5-10%,2018-07-02,2018-07-12,tp_gap_filled,-0.8469499511741507
TRMB,5-10%,2018-06-25,2018-07-26,tp_gap_filled,-1.753074915689832
FLEX,10%+,2018-04-30,2018-07-30,time_exit,-3.6674178177412324
ALLE,5-10%,2018-05-01,2018-07-31,time_exit,-2.283149335272557
TPR,10%+,2018-05-02,2018-08-01,time_exit,-7.19761766969398
AKAM,5-10%,2018-08-02,2018-08-06,tp_gap_filled,-0.32745705034515754
CAH,10%+,2018-05-10,2018-08-09,time_exit,-10.759141645953596
DLTR,10%+,2018-05-11,2018-08-10,time_exit,-11.434774180010148
A,10%+,2018-05-16,2018-08-15,time_exit,-2.3937944147903436
TSN,5-10%,2018-08-06,2018-08-21,tp_gap_filled,-1.5473060986815805
AXON,5-10%,2018-08-17,2018-08-28,tp_gap_filled,-1.8231512806923695
COR,5-10%,2018-07-26,2018-08-30,tp_gap_filled,-7.2527233960087045
BAX,5-10%,2018-07-30,2018-09-13,tp_gap_filled,-1.2534960940247788
ITW,5-10%,2018-07-24,2018-09-18,tp_gap_filled,-1.8446941757712325
FANG,5-10%,2018-08-21,2018-09-25,tp_gap_filled,-9.623833814868302
GEN,10%+,2018-06-27,2018-09-26,time_exit,-11.12774717593621
DGX,5-10%,2018-07-25,2018-10-23,time_exit,-11.514617063079237
META,10%+,2018-07-27,2018-10-25,time_exit,-16.83084038918388
BIIB,10%+,2018-07-27,2018-10-25,time_exit,-15.403246874156501
NFLX,10%+,2018-07-30,2018-10-26,time_exit,-15.835726936206395
INTC,5-10%,2018-08-01,2018-10-30,time_exit,-13.212370289063522
TDG,5-10%,2018-10-11,2018-11-02,tp_gap_filled,-7.234763619594157
HAS,5-10%,2018-10-31,2018-11-02,tp_gap_filled,-0.7073873641909929
KR,5-10%,2018-09-14,2018-11-07,tp_gap_filled,-7.013613930965196
CTSH,5-10%,2018-08-10,2018-11-08,time_exit,-13.750871376188098
BKNG,5-10%,2018-08-10,2018-11-08,time_exit,-8.744788121377212
FDS,5-10%,2018-10-08,2018-11-08,tp_gap_filled,-4.146460243727594
MCHP,5-10%,2018-08-13,2018-11-09,time_exit,-31.403437328577017
TTD,5-10%,2018-11-12,2018-11-15,tp_gap_filled,-5.300142948388118
EBAY,5-10%,2018-08-29,2018-11-28,time_exit,-25.124695754173914
WYNN,10%+,2018-11-09,2018-11-28,tp_gap_filled,-2.387639021354743
PPG,5-10%,2018-10-10,2018-11-30,tp_gap_filled,-5.790248041499383
GWW,5-10%,2018-10-31,2018-12-03,tp_gap_filled,-4.299149967758542
BAX,5-10%,2018-11-01,2018-12-03,tp_gap_filled,-2.1838007876410264
NI,5-10%,2018-09-17,2018-12-17,time_exit,-5.3062162257242305
JBL,5-10%,2018-09-26,2018-12-27,time_exit,-21.216254706794818
SMCI,10%+,2018-10-04,2019-01-07,time_exit,-40.409420650458635
CCL,5-10%,2018-10-04,2019-01-07,time_exit,-26.329944053937915
XYZ,10%+,2018-12-20,2019-01-08,tp_gap_filled,-11.124590240430603
AMAT,5-10%,2018-12-19,2019-01-11,tp_gap_filled,-10.540606560373925
NDSN,5-10%,2018-10-12,2019-01-15,time_exit,-11.670322751218084
CVNA,5-10%,2019-01-15,2019-01-16,tp_gap_filled,-1.5744034504180042
TXT,10%+,2018-10-19,2019-01-23,time_exit,-25.3809838642826
TRMB,5-10%,2018-10-23,2019-01-25,time_exit,-19.21644020115785
MNST,10%+,2018-12-19,2019-01-25,tp_gap_filled,-3.962209153831865
ALGN,10%+,2018-10-26,2019-01-30,time_exit,-23.127507903794996
AMD,5-10%,2019-01-29,2019-01-30,tp_gap_filled,-6.343568005090644
FLEX,10%+,2018-10-30,2019-02-01,time_exit,-9.192993973729967
FDX,5-10%,2019-01-08,2019-02-06,tp_gap_filled,-2.4081683492867114
SYY,5-10%,2018-11-06,2019-02-08,time_exit,-8.504440664560425
BLDR,5-10%,2018-11-08,2019-02-12,time_exit,-23.472468042928753
QCOM,5-10%,2018-11-09,2019-02-13,time_exit,-15.42940081621638
FCX,5-10%,2019-01-25,2019-02-13,tp_gap_filled,-11.161435271827406
SWK,10%+,2019-01-23,2019-02-19,tp_gap_filled,-3.7326302425453304
CAT,5-10%,2019-01-29,2019-02-19,tp_gap_filled,-1.1855215192684236
DELL,10%+,2018-12-27,2019-02-25,tp_gap_filled,-6.97865557935198
LITE,10%+,2018-11-28,2019-03-04,time_exit,-15.327702039553795
NVDA,10%+,2018-11-30,2019-03-06,time_exit,-23.870225225819482
MKC,10%+,2019-01-28,2019-03-11,tp_gap_filled,-0.49056420760406827
GE,5-10%,2019-03-07,2019-03-11,tp_gap_filled,-2.1495950610303742
DG,5-10%,2019-03-15,2019-03-27,tp_gap_filled,-0.6367685871814386
AXON,5-10%,2019-02-28,2019-04-08,tp_gap_filled,-16.635896678771022
HWM,10%+,2019-02-08,2019-04-11,tp_gap_filled,-0.339523780111206
HSIC,5-10%,2019-02-26,2019-04-23,tp_gap_filled,-4.213713062596819
DPZ,5-10%,2019-02-22,2019-04-24,tp_gap_filled,-8.62358541960471
CNC,5-10%,2019-04-16,2019-05-06,tp_gap_filled,-9.482435076535586
TSLA,5-10%,2019-02-06,2019-05-08,time_exit,-28.514321055918728
TPR,10%+,2019-02-08,2019-05-10,time_exit,-10.972725250682014
TAP,5-10%,2019-02-14,2019-05-16,time_exit,-4.82858757669369
RMD,10%+,2019-02-15,2019-05-17,time_exit,-3.681611496328991
CVS,5-10%,2019-02-21,2019-05-22,time_exit,-18.8498373376987
VTRS,10%+,2019-03-01,2019-05-31,time_exit,-39.322959635840675
BKNG,5-10%,2019-03-06,2019-06-05,time_exit,-6.562138097230158
KR,10%+,2019-03-08,2019-06-07,time_exit,-10.150148011781319
BA,10%+,2019-03-12,2019-06-11,time_exit,-11.024416977409569
HPQ,10%+,2019-03-18,2019-06-17,time_exit,-10.014950344083793
XYL,5-10%,2019-05-14,2019-06-20,tp_gap_filled,-3.7774596722106577
BIIB,10%+,2019-03-26,2019-06-25,time_exit,-4.819842914422442
GEN,10%+,2019-05-13,2019-07-01,tp_gap_filled,-7.841381852651538
A,10%+,2019-05-23,2019-07-02,tp_gap_filled,-2.0724530690833856
DVA,5-10%,2019-07-10,2019-07-11,tp_gap_filled,-0.6131593657653428
PNR,10%+,2019-04-11,2019-07-12,time_exit,-13.546028967300566
APTV,10%+,2019-05-13,2019-07-24,tp_gap_filled,-15.615634800091142
CTSH,5-10%,2019-05-06,2019-08-01,tp_gap_filled,-5.685943095296057
MPWR,5-10%,2019-07-18,2019-08-01,tp_gap_filled,-1.7566363509996117
ANET,10%+,2019-05-07,2019-08-06,time_exit,-12.630223857438391
APH,5-10%,2019-05-08,2019-08-07,time_exit,-10.447165403297646
WAT,10%+,2019-05-29,2019-08-27,time_exit,-1.7965734543717016
LOW,5-10%,2019-06-18,2019-08-29,tp_gap_filled,-9.404131677943415
GEN,10%+,2019-07-29,2019-09-06,tp_gap_filled,-9.136317187894663
URI,5-10%,2019-07-24,2019-09-13,tp_gap_filled,-17.57230500197867
CCL,10%+,2019-06-21,2019-09-20,time_exit,-10.216905617803144
ABBV,10%+,2019-06-27,2019-09-26,time_exit,-11.171596675084364
NFLX,10%+,2019-07-19,2019-10-17,time_exit,-22.15598227351816
INTC,5-10%,2019-07-24,2019-10-22,time_exit,-15.13978402873779
TSLA,10%+,2019-07-29,2019-10-24,tp_gap_filled,-9.726055351051977
RVTY,5-10%,2019-07-31,2019-10-29,time_exit,-10.290233171980443
HCA,10%+,2019-08-01,2019-10-30,time_exit,-13.157153936676957
FTV,5-10%,2019-08-01,2019-10-30,time_exit,-14.481032724967665
HII,5-10%,2019-08-02,2019-10-31,time_exit,-6.08410585302005
KHC,10%+,2019-08-09,2019-10-31,tp_gap_filled,-7.088689523179002
IFF,10%+,2019-08-08,2019-11-06,time_exit,-15.994189763443007
AXON,10%+,2019-08-12,2019-11-08,tp_gap_filled,-17.082918353212545
MNST,5-10%,2019-10-02,2019-11-08,tp_gap_filled,-2.3379246781986036
PCG,10%+,2019-08-20,2019-11-18,time_exit,-66.06248372608806
FDS,5-10%,2019-10-17,2019-12-10,tp_gap_filled,-1.875546147066881
APA,10%+,2019-12-06,2019-12-13,tp_gap_filled,-8.441558822647078
TXN,5-10%,2019-10-31,2019-12-16,tp_gap_filled,-1.9901362867520922
FDX,10%+,2019-09-20,2019-12-19,time_exit,-10.213695889502619
WDC,5-10%,2019-12-16,2019-12-23,tp_gap_filled,-2.2961998951357687
FANG,10%+,2019-12-04,2019-12-24,tp_gap_filled,-3.682432078255679
COHR,5-10%,2019-12-17,2020-01-02,tp_gap_filled,-1.76489945527366
UBER,5-10%,2019-11-21,2020-01-03,tp_gap_filled,-5.329727110108578
TKO,10%+,2019-11-18,2020-01-07,tp_gap_filled,-3.0297037659226302
WDAY,5-10%,2019-11-20,2020-01-09,tp_gap_filled,-6.278245201018293
BAX,5-10%,2019-11-12,2020-01-13,tp_gap_filled,-0.7282026149950627
IFF,5-10%,2019-12-26,2020-01-17,tp_gap_filled,-2.9254145900035287
AXON,5-10%,2020-01-06,2020-01-22,tp_gap_filled,-5.9170479066015185
HAS,10%+,2019-10-23,2020-01-24,time_exit,-8.427375520081275
EBAY,5-10%,2019-10-25,2020-01-28,time_exit,-3.7586114973756817
YUM,5-10%,2019-10-31,2020-02-03,time_exit,-5.509659632618126
FCX,5-10%,2020-01-28,2020-02-05,tp_gap_filled,-4.815135105486894
CASY,5-10%,2020-01-10,2020-02-18,tp_gap_filled,-4.041409806457742
PANW,5-10%,2019-12-03,2020-02-19,tp_gap_filled,-2.4571940703211177
CCI,5-10%,2020-03-02,2020-03-04,tp_gap_filled,-3.404350145968935
PFG,5-10%,2019-12-03,2020-03-05,time_exit,-18.760487674361308
HUM,10%+,2020-03-19,2020-03-30,tp_gap_filled,-20.30568938927178
XYZ,10%+,2020-03-13,2020-04-09,tp_gap_filled,-41.276901587404076
VRT,10%+,2020-03-13,2020-04-14,tp_gap_filled,-44.173473585238284
BSX,5-10%,2020-01-15,2020-04-16,time_exit,-43.230534948625454
CHRW,5-10%,2020-01-17,2020-04-20,time_exit,-30.714841033863845
BNY,5-10%,2020-01-17,2020-04-20,time_exit,-43.58576647812715
TGT,5-10%,2020-01-17,2020-04-20,time_exit,-23.32972117514163
EXPD,5-10%,2020-01-21,2020-04-21,time_exit,-30.732953139543046
TTWO,5-10%,2020-02-21,2020-04-21,tp_gap_filled,-13.879224224051809
FFIV,5-10%,2020-01-22,2020-04-22,time_exit,-39.84883133523316
LVS,5-10%,2020-01-22,2020-04-22,time_exit,-52.14795445137478
NTRS,5-10%,2020-01-23,2020-04-23,time_exit,-40.77063761240808
RCL,5-10%,2020-01-28,2020-04-28,time_exit,-83.78382021184649
PKG,5-10%,2020-01-31,2020-05-01,time_exit,-27.683150376538386
BR,5-10%,2020-02-03,2020-05-04,time_exit,-32.09546306011591
CVNA,10%+,2020-04-22,2020-05-08,tp_gap_filled,-19.13073295028053
BDX,10%+,2020-02-12,2020-05-13,time_exit,-21.916018843135173
RCL,5-10%,2020-05-18,2020-05-26,tp_gap_filled,-8.021432131413638
CVNA,5-10%,2020-05-20,2020-05-26,tp_gap_filled,-4.713663310633813
ON,5-10%,2020-05-12,2020-05-27,tp_gap_filled,-14.434501664257448
IR,5-10%,2020-05-29,2020-06-03,tp_gap_filled,-1.1167398580423438
MU,10%+,2020-03-10,2020-06-04,tp_gap_filled,-31.62074186825713
LYB,5-10%,2020-05-26,2020-06-04,tp_gap_filled,-4.080535084281701
PAYX,5-10%,2020-05-28,2020-06-05,tp_gap_filled,-2.350324776020686
GEN,10%+,2020-03-09,2020-06-08,time_exit,-9.551527002583748
MPC,5-10%,2020-06-12,2020-06-16,tp_gap_filled,-3.689623439647913
KEY,5-10%,2020-06-15,2020-06-16,tp_gap_filled,-1.9995874606896606
FCX,5-10%,2020-06-16,2020-06-30,tp_gap_filled,-2.9998046380584773
BIIB,5-10%,2020-06-19,2020-07-08,tp_gap_filled,-1.4314984885593418
F,10%+,2020-06-24,2020-07-16,tp_gap_filled,-5.531512464933694
PFE,5-10%,2020-06-02,2020-07-22,tp_gap_filled,-11.0467097695666
ANET,5-10%,2020-04-27,2020-07-23,tp_gap_filled,-7.563403467256549
COHR,5-10%,2020-07-01,2020-07-28,tp_gap_filled,-6.855475576420939
OMC,5-10%,2020-07-30,2020-08-11,tp_gap_filled,-1.5512797726116698
AON,5-10%,2020-05-18,2020-08-17,time_exit,-10.765177264197112
NFLX,5-10%,2020-07-20,2020-08-26,tp_gap_filled,-5.816925339301569
TAP,5-10%,2020-06-04,2020-09-02,time_exit,-20.83393903598792
O,10%+,2020-06-05,2020-09-03,time_exit,-11.796630666061906
OKE,10%+,2020-06-08,2020-09-04,time_exit,-46.64780184433718
KMI,10%+,2020-06-08,2020-09-04,time_exit,-23.20700386349937
KIM,5-10%,2020-06-10,2020-09-09,time_exit,-28.395503227600404
HST,5-10%,2020-06-15,2020-09-14,time_exit,-15.921839460157944
COP,5-10%,2020-06-15,2020-09-14,time_exit,-22.510987368510985
DECK,5-10%,2020-09-03,2020-09-15,tp_gap_filled,-2.9473555900016146
TSLA,5-10%,2020-09-04,2020-09-15,tp_gap_filled,-19.075119658230985
CRWD,5-10%,2020-09-10,2020-09-22,tp_gap_filled,-6.314917262671241
LRCX,5-10%,2020-09-09,2020-09-24,tp_gap_filled,-6.101112404081518
KLAC,5-10%,2020-09-16,2020-09-28,tp_gap_filled,-3.678100063656858
AMAT,5-10%,2020-09-14,2020-10-01,tp_gap_filled,-5.211359362055998
ALB,5-10%,2020-09-30,2020-10-05,tp_gap_filled,-5.05114046994553
COHR,5-10%,2020-09-29,2020-10-07,tp_gap_filled,-4.78910787394078
UHS,5-10%,2020-09-22,2020-10-09,tp_gap_filled,-7.225618655323523
TSLA,5-10%,2020-10-05,2020-10-12,tp_gap_filled,-3.736594527661686
DGX,5-10%,2020-08-28,2020-10-14,tp_gap_filled,-2.5511931711497535
FE,10%+,2020-07-24,2020-10-22,time_exit,-5.988500853815402
CCL,5-10%,2020-10-13,2020-10-22,tp_gap_filled,-4.583763227905524
APA,5-10%,2020-07-30,2020-10-28,time_exit,-53.23839425946536
HST,5-10%,2020-10-29,2020-11-02,tp_gap_filled,-0.2938834663279283
RMD,5-10%,2020-10-30,2020-11-03,tp_gap_filled,-0.5573348321086796
FAST,5-10%,2020-10-14,2020-11-04,tp_gap_filled,-5.975015693306224
FIS,5-10%,2020-10-30,2020-11-04,tp_gap_filled,-0.11617562646769654
CAH,5-10%,2020-08-07,2020-11-05,time_exit,-15.037340705239705
LITE,5-10%,2020-09-04,2020-11-05,tp_gap_filled,-12.38939205223073
GEN,5-10%,2020-09-17,2020-11-05,tp_gap_filled,-4.25435756313937
CNC,5-10%,2020-10-28,2020-11-05,tp_gap_filled,-7.270924395748729
CPAY,5-10%,2020-08-17,2020-11-09,tp_gap_filled,-12.524311514560212
URI,5-10%,2020-11-05,2020-11-09,tp_gap_filled,-2.7773896427790468
PCG,5-10%,2020-10-22,2020-11-11,tp_gap_filled,-6.707034071192865
HAS,5-10%,2020-11-09,2020-11-17,tp_gap_filled,-4.324570542102672
DDOG,5-10%,2020-11-13,2020-11-25,tp_gap_filled,-3.34979298057849
SMCI,5-10%,2020-08-31,2020-11-30,time_exit,-21.23582843251048
INTC,10%+,2020-09-02,2020-12-02,time_exit,-16.45945839380033
BDX,5-10%,2020-09-03,2020-12-03,time_exit,-8.066106490138097
CVS,5-10%,2020-11-18,2020-12-04,tp_gap_filled,-4.593504651504611
NFLX,5-10%,2020-11-11,2020-12-07,tp_gap_filled,-2.0957734076179872
LOW,5-10%,2020-11-19,2020-12-09,tp_gap_filled,-1.6744574157389929
CMG,5-10%,2020-10-26,2020-12-16,tp_gap_filled,-9.370696632199463
EBAY,5-10%,2020-11-02,2020-12-16,tp_gap_filled,-8.083801370330352
AKAM,5-10%,2020-11-05,2020-12-18,tp_gap_filled,-6.162248358503508
VMC,5-10%,2020-11-05,2021-01-04,tp_gap_filled,-6.1744691968675385
DGX,5-10%,2020-12-29,2021-01-06,tp_gap_filled,-0.8872486032406375
SWK,3-5%,2021-01-05,2021-01-08,tp_gap_filled,-0.75278264691856
DASH,5-10%,2020-12-11,2021-01-12,tp_gap_filled,-24.74277021818787
DPZ,5-10%,2020-10-13,2021-01-13,time_exit,-9.127580667496309
CHRW,5-10%,2020-11-09,2021-01-20,tp_gap_filled,-4.987497875052632
CLX,5-10%,2020-11-11,2021-01-25,tp_gap_filled,-5.801021869083567
ADP,3-5%,2021-01-14,2021-01-27,tp_gap_filled,-1.7587365976037888
JCI,3-5%,2021-01-27,2021-02-01,tp_gap_filled,-2.014296400432665
BSX,5-10%,2020-12-16,2021-02-04,tp_gap_filled,-3.8437183222977622
PHM,5-10%,2021-01-29,2021-02-04,tp_gap_filled,-1.8761709786926408
VRTX,10%+,2020-11-09,2021-02-10,time_exit,-7.787248049793831
TER,3-5%,2021-02-03,2021-02-10,tp_gap_filled,-3.0877684053448493
NEM,5-10%,2020-11-10,2021-02-11,time_exit,-12.072296262628553
CRM,5-10%,2020-12-03,2021-02-11,tp_gap_filled,-5.633666218517465
INTC,5-10%,2021-02-04,2021-02-12,tp_gap_filled,-2.917732789143583
WFC,3-5%,2021-02-05,2021-02-16,tp_gap_filled,-7.076050089651319
DXCM,5-10%,2021-01-08,2021-02-19,tp_gap_filled,-12.14159352389822
IP,3-5%,2021-02-09,2021-02-24,tp_gap_filled,-1.2216480959056697
TSN,5-10%,2021-02-12,2021-02-24,tp_gap_filled,-0.4687587239983539
SMCI,3-5%,2021-02-16,2021-03-01,tp_gap_filled,-6.001290131248229
CRWD,5-10%,2021-02-24,2021-03-02,tp_gap_filled,-3.2596171477854865
CIEN,10%+,2020-12-03,2021-03-08,time_exit,-6.466921344502633
PLTR,10%+,2021-03-05,2021-03-10,tp_gap_filled,-9.353072449372563
CARR,5-10%,2021-02-10,2021-03-15,tp_gap_filled,-6.427804001927982
BBY,5-10%,2021-03-08,2021-03-15,tp_gap_filled,-1.1487230481048674
DPZ,5-10%,2021-02-26,2021-03-16,tp_gap_filled,-6.061587984051787
TAP,5-10%,2021-02-23,2021-03-17,tp_gap_filled,-3.640627747085843
DD,5-10%,2021-02-02,2021-03-18,tp_gap_filled,-9.62828561454351
TSLA,3-5%,2021-03-17,2021-03-22,tp_gap_filled,-6.866282675016006
IBM,5-10%,2021-01-26,2021-03-24,tp_gap_filled,-2.2353283877469683
CHRW,5-10%,2021-01-28,2021-03-26,tp_gap_filled,-7.6093449570237865
JKHY,5-10%,2021-02-10,2021-03-29,tp_gap_filled,-3.649070465899742
ORCL,5-10%,2021-03-12,2021-03-29,tp_gap_filled,-2.7432995947122114
GIS,3-5%,2021-03-25,2021-03-29,tp_gap_filled,-0.7314944461211742
CTSH,5-10%,2021-02-05,2021-04-05,tp_gap_filled,-3.835690776377991
FERG,5-10%,2021-03-25,2021-04-05,tp_gap_filled,-0.6024353270689462
NCLH,5-10%,2021-03-10,2021-04-07,tp_gap_filled,-20.7268559791036
PGR,3-5%,2021-01-08,2021-04-12,time_exit,-10.296985359833426
HSIC,5-10%,2021-02-19,2021-04-15,tp_gap_filled,-7.12306306766329
STZ,3-5%,2021-04-09,2021-04-15,tp_gap_filled,-2.733752386525674
ABBV,5-10%,2021-03-18,2021-04-21,tp_gap_filled,-1.7463225380182368
NKE,3-5%,2021-04-20,2021-04-29,tp_gap_filled,-1.1614536357235763
LDOS,5-10%,2021-03-18,2021-05-03,tp_gap_filled,-4.884716611013299
PAYX,5-10%,2021-04-07,2021-05-04,tp_gap_filled,-0.5940792644683878
MO,5-10%,2021-04-29,2021-05-06,tp_gap_filled,-0.6652032358271115
TTWO,3-5%,2021-02-10,2021-05-12,time_exit,-20.48506337041466
QCOM,5-10%,2021-02-12,2021-05-14,time_exit,-18.186766289295473
DDOG,3-5%,2021-02-16,2021-05-17,time_exit,-37.664094719699776
MRNA,5-10%,2021-05-13,2021-05-17,tp_gap_filled,-0.8761467562737069
EBAY,5-10%,2021-05-03,2021-05-18,tp_gap_filled,-2.140120054676038
COHR,5-10%,2021-05-11,2021-05-19,tp_gap_filled,-1.05177372001911
PODD,5-10%,2021-05-18,2021-05-20,tp_gap_filled,-4.590666544652244
VST,10%+,2021-03-08,2021-06-07,time_exit,-17.178388929482193
LLY,5-10%,2021-04-20,2021-06-07,tp_gap_filled,-7.568722105218509
ARES,5-10%,2021-04-21,2021-06-08,tp_gap_filled,-6.804251830813228
STX,5-10%,2021-05-21,2021-06-08,tp_gap_filled,-1.8814124616773713
AKAM,5-10%,2021-04-23,2021-06-09,tp_gap_filled,-3.1334167625520895
DXCM,5-10%,2021-06-11,2021-06-21,tp_gap_filled,-0.9690337128691564
NOW,5-10%,2021-06-16,2021-06-24,tp_gap_filled,-3.7143276060064823
WBD,5-10%,2021-03-26,2021-06-25,time_exit,-50.40190187911654
COIN,10%+,2021-06-22,2021-06-28,tp_gap_filled,-1.1132886563610893
ABT,5-10%,2021-06-07,2021-06-29,tp_gap_filled,-2.412657990715511
BIIB,5-10%,2021-06-25,2021-07-09,tp_gap_filled,-4.861408815250243
NFLX,5-10%,2021-04-22,2021-07-14,tp_gap_filled,-5.893319099104174
PTC,3-5%,2021-06-29,2021-07-22,tp_gap_filled,-4.468821897343249
CDNS,5-10%,2021-06-24,2021-07-23,tp_gap_filled,-1.2202848131353006
DASH,5-10%,2021-07-14,2021-07-23,tp_gap_filled,-6.8539328614744806
INTC,5-10%,2021-04-26,2021-07-26,time_exit,-11.650276101628833
FCX,5-10%,2021-07-15,2021-07-26,tp_gap_filled,-7.965015524001984
FFIV,5-10%,2021-04-29,2021-07-27,tp_gap_filled,-8.261372302400371
LII,3-5%,2021-07-16,2021-07-30,tp_gap_filled,-3.2217782217782194
COIN,5-10%,2021-07-14,2021-08-05,tp_gap_filled,-10.875734633273371
CTSH,5-10%,2021-05-07,2021-08-06,time_exit,-12.092666675423857
CAH,5-10%,2021-05-12,2021-08-11,time_exit,-11.43711724512426
RF,5-10%,2021-07-08,2021-08-11,tp_gap_filled,-5.69937643445442
GNRC,5-10%,2021-08-02,2021-08-27,tp_gap_filled,-5.295133571989593
EQT,5-10%,2021-08-09,2021-09-03,tp_gap_filled,-17.701724868396237
VRTX,10%+,2021-06-14,2021-09-13,time_exit,-4.584160429659751
MOS,5-10%,2021-06-15,2021-09-14,time_exit,-13.901311804959251
EXPE,5-10%,2021-08-09,2021-09-23,tp_gap_filled,-8.643130251860306
SWKS,5-10%,2021-06-29,2021-09-28,time_exit,-9.792264917419395
NUE,5-10%,2021-09-21,2021-10-20,tp_gap_filled,-4.685356665432957
CCI,5-10%,2021-07-23,2021-10-21,time_exit,-12.981784012845408
DLTR,5-10%,2021-09-29,2021-10-28,tp_gap_filled,-4.506756142474919
AMZN,5-10%,2021-08-02,2021-10-29,time_exit,-5.237914154595843
GWW,5-10%,2021-08-18,2021-10-29,tp_gap_filled,-9.47920373771801
CLX,5-10%,2021-08-04,2021-11-02,time_exit,-4.378176135894588
ZBH,5-10%,2021-08-04,2021-11-02,time_exit,-9.078429875085126
PTC,5-10%,2021-08-05,2021-11-03,time_exit,-16.128124967351848
LVS,5-10%,2021-10-11,2021-11-05,tp_gap_filled,-4.141662194109568
FLEX,5-10%,2021-10-29,2021-11-05,tp_gap_filled,-1.8604006071220713
PPG,5-10%,2021-09-09,2021-11-16,tp_gap_filled,-8.482991453898979
ADSK,5-10%,2021-08-27,2021-11-26,time_exit,-22.823077599651985
GDDY,10%+,2021-09-01,2021-12-01,time_exit,-12.488847822099778
CI,5-10%,2021-09-02,2021-12-02,time_exit,-11.488163264881809
BKNG,5-10%,2021-11-30,2021-12-08,tp_gap_filled,-3.143120731750875
NRG,5-10%,2021-11-05,2021-12-13,tp_gap_filled,-5.026478280789194
PGR,5-10%,2021-09-28,2021-12-14,tp_gap_filled,-0.8214025151281048
CCL,10%+,2021-11-29,2021-12-21,tp_gap_filled,-9.774936589115397
EXPE,5-10%,2021-11-30,2021-12-21,tp_gap_filled,-6.404157123689587
RCL,5-10%,2021-11-29,2021-12-22,tp_gap_filled,-9.705915601408998
DVA,5-10%,2021-11-05,2021-12-29,tp_gap_filled,-11.5767250845371
REGN,5-10%,2021-12-21,2021-12-29,tp_gap_filled,-0.3929420189185852
RL,5-10%,2021-12-17,2022-01-03,tp_gap_filled,-4.2784752227877805
GL,5-10%,2021-10-26,2022-01-05,tp_gap_filled,-7.27829996802325
INTC,10%+,2021-11-03,2022-01-05,tp_gap_filled,-4.600282844932299
LMT,5-10%,2021-12-14,2022-01-18,tp_gap_filled,-4.37603560997791
TTWO,10%+,2022-01-11,2022-01-19,tp_gap_filled,-4.305868175124669
CPAY,5-10%,2021-11-02,2022-02-02,time_exit,-17.531684961301387
GNRC,5-10%,2021-11-03,2022-02-03,time_exit,-45.91412401182437
WYNN,5-10%,2021-11-05,2022-02-07,time_exit,-20.375262836730144
MRK,5-10%,2021-11-08,2022-02-08,time_exit,-13.198975869315287
TSLA,5-10%,2021-11-09,2022-02-09,time_exit,-31.18580318031865
PYPL,5-10%,2021-11-15,2022-02-15,time_exit,-46.85164176689601
LITE,10%+,2022-02-04,2022-02-16,tp_gap_filled,-4.4160300054745045
WDC,10%+,2022-01-28,2022-02-17,tp_gap_filled,-2.7015762025705023
BBY,10%+,2021-11-24,2022-02-25,time_exit,-26.297838514025035
CHRW,10%+,2022-02-23,2022-03-01,tp_gap_filled,-2.521021495117443
PNW,5-10%,2021-12-29,2022-03-04,tp_gap_filled,-5.70219924721574
PSKY,10%+,2022-02-17,2022-03-14,tp_gap_filled,-9.977469590554405
NCLH,5-10%,2022-03-04,2022-03-16,tp_gap_filled,-15.087621492917657
FSLR,5-10%,2021-12-21,2022-03-23,time_exit,-30.312318152631494
MDT,5-10%,2022-01-03,2022-03-29,tp_gap_filled,-5.340366327368692
PLTR,10%+,2022-03-01,2022-03-29,tp_gap_filled,-17.193442738795138
LULU,5-10%,2022-01-14,2022-03-30,tp_gap_filled,-15.828993581203822
VEEV,5-10%,2022-01-05,2022-04-06,time_exit,-32.28821123103881
BF-B,5-10%,2022-01-06,2022-04-07,time_exit,-10.573372256003358
HUM,5-10%,2022-02-24,2022-04-07,tp_gap_filled,-1.2155156474833326
EFX,5-10%,2022-01-18,2022-04-19,time_exit,-17.22155619611575
USB,5-10%,2022-01-20,2022-04-21,time_exit,-14.582127143088023
BIIB,5-10%,2022-01-21,2022-04-22,time_exit,-13.72589840954863
FFIV,10%+,2022-01-28,2022-04-29,time_exit,-14.541869638774685
HOOD,5-10%,2022-04-25,2022-05-04,tp_gap_filled,-10.089910089910088
CLX,10%+,2022-02-07,2022-05-09,time_exit,-12.439193324459321
ALB,10%+,2022-03-28,2022-05-24,tp_gap_filled,-15.343942326665683
VRT,10%+,2022-02-24,2022-05-25,time_exit,-20.953502257746877
TTD,10%+,2022-05-25,2022-05-27,tp_gap_filled,-8.765151540778344
EL,10%+,2022-05-10,2022-05-31,tp_gap_filled,-1.0264463494095155
DPZ,5-10%,2022-03-08,2022-06-07,time_exit,-18.67448295773064
PODD,10%+,2022-06-01,2022-07-06,tp_gap_filled,-8.644978024039924
SPGI,10%+,2022-06-16,2022-07-06,tp_gap_filled,-0.33927780789166684
SCHW,5-10%,2022-04-19,2022-07-20,time_exit,-22.292650371750014
HCA,5-10%,2022-04-22,2022-07-25,time_exit,-25.484945340055347
EFX,5-10%,2022-04-22,2022-07-25,time_exit,-17.95375451860305
CARR,5-10%,2022-06-13,2022-07-29,tp_gap_filled,-6.047700531483749
SWK,5-10%,2022-04-29,2022-08-01,time_exit,-26.34631124699276
CAH,5-10%,2022-05-12,2022-08-01,tp_gap_filled,-9.792175763790809
NTAP,10%+,2022-05-02,2022-08-02,time_exit,-15.947249115658016
VRSN,10%+,2022-05-04,2022-08-04,time_exit,-16.25996789560894
ALGN,10%+,2022-05-05,2022-08-05,time_exit,-19.987813388614374
AKAM,10%+,2022-05-05,2022-08-05,time_exit,-13.362802561113613
IDXX,10%+,2022-05-05,2022-08-05,time_exit,-16.706330318895766
ORLY,5-10%,2022-07-06,2022-08-08,tp_gap_filled,-1.610177763384021
MCO,5-10%,2022-05-09,2022-08-09,time_exit,-12.939880788977465
XYZ,5-10%,2022-08-09,2022-08-11,tp_gap_filled,-4.518733857166005
APTV,5-10%,2022-08-08,2022-08-12,tp_gap_filled,-2.2067014702307275
ROST,10%+,2022-06-30,2022-08-16,tp_gap_filled,-1.1845328046674213
DVA,5-10%,2022-05-18,2022-08-18,time_exit,-22.549011256888797
CSCO,10%+,2022-05-23,2022-08-18,tp_gap_filled,-5.2968355064387
APA,5-10%,2022-08-17,2022-08-18,tp_gap_filled,-0.43378319133851223
UBER,5-10%,2022-10-12,2022-10-18,tp_gap_filled,-5.398797309174173
BKR,5-10%,2022-07-22,2022-10-20,time_exit,-19.749738356268928
WBD,10%+,2022-08-08,2022-11-04,time_exit,-30.158992308826416
CRL,10%+,2022-08-09,2022-11-07,time_exit,-17.235927981041492
CMCSA,5-10%,2022-08-11,2022-11-09,time_exit,-28.36154733858
BAX,5-10%,2022-08-15,2022-11-11,time_exit,-19.384191292174968
DLTR,10%+,2022-08-26,2022-11-11,tp_gap_filled,-9.973921898016604
JKHY,5-10%,2022-08-18,2022-11-16,time_exit,-16.328674072509518
MKC,5-10%,2022-09-09,2022-11-21,tp_gap_filled,-9.953322908958812
STX,10%+,2022-08-26,2022-11-25,time_exit,-36.76989514391858
GRMN,5-10%,2022-08-26,2022-11-25,time_exit,-18.12224438897558
CRM,5-10%,2022-08-26,2022-11-25,time_exit,-19.383038860095546
F,5-10%,2022-09-01,2022-12-01,time_exit,-26.267463518354184
VEEV,10%+,2022-09-02,2022-12-02,time_exit,-13.665706288213764
HRL,5-10%,2022-09-02,2022-12-02,time_exit,-6.604222634563457
DDOG,5-10%,2022-09-14,2022-12-13,time_exit,-31.566373218336913
ALGN,10%+,2022-10-28,2023-01-04,tp_gap_filled,-9.006238638072356
WSM,10%+,2022-11-28,2023-01-12,tp_gap_filled,-6.161404658218859
DIS,5-10%,2022-12-15,2023-01-12,tp_gap_filled,-7.249069738258338
CCL,10%+,2022-11-23,2023-01-18,tp_gap_filled,-23.08320691118971
CVNA,5-10%,2023-01-17,2023-01-18,tp_gap_filled,-8.044425697288144
CHTR,10%+,2023-01-03,2023-01-20,tp_gap_filled,-1.8150464627641565
CRM,5-10%,2023-01-09,2023-01-26,tp_gap_filled,-3.458149395866534
FTNT,5-10%,2022-10-26,2023-01-27,time_exit,-25.096857952369334
BRO,5-10%,2022-10-27,2023-01-30,time_exit,-4.255131563105417
INVH,10%+,2022-11-07,2023-02-02,tp_gap_filled,-5.657255136374646
TGT,10%+,2022-12-12,2023-02-02,tp_gap_filled,-6.879942802774367
CVNA,5-10%,2023-02-07,2023-02-08,tp_gap_filled,-6.657406607500374
MTB,5-10%,2022-11-08,2023-02-09,time_exit,-18.971303280903644
INTC,10%+,2023-02-21,2023-03-16,tp_gap_filled,-8.735622844376973
ISRG,5-10%,2023-02-14,2023-03-27,tp_gap_filled,-7.740861456942606
MKC,5-10%,2023-02-09,2023-03-28,tp_gap_filled,-3.384289034087693
DVA,10%+,2023-01-04,2023-04-05,time_exit,-5.276075028284936
LITE,10%+,2023-01-23,2023-04-24,time_exit,-26.401469634121643
UHS,10%+,2023-03-01,2023-04-26,tp_gap_filled,-11.551721165498984
XYL,5-10%,2023-01-26,2023-04-27,time_exit,-6.987544528071833
DLTR,5-10%,2023-02-02,2023-05-04,time_exit,-13.694702051441201
F,5-10%,2023-02-06,2023-05-08,time_exit,-14.874724333740982
CVNA,5-10%,2023-02-17,2023-05-09,tp_gap_filled,-45.0666455796522
JKHY,5-10%,2023-02-09,2023-05-11,time_exit,-16.682121005164372
CTSH,5-10%,2023-02-10,2023-05-12,time_exit,-14.580999360016564
NRG,10%+,2023-02-13,2023-05-15,time_exit,-15.08914937572981
HST,5-10%,2023-02-17,2023-05-19,time_exit,-14.732325152013653
MRVL,10%+,2023-03-07,2023-05-22,tp_gap_filled,-11.543310004856334
FIS,10%+,2023-02-23,2023-05-24,time_exit,-25.81946854112503
KEYS,10%+,2023-02-23,2023-05-24,time_exit,-13.174255925915329
SHW,10%+,2023-02-23,2023-05-24,time_exit,-7.054000041724018
CRL,10%+,2023-02-24,2023-05-25,time_exit,-16.018491863820785
PSKY,5-10%,2023-02-24,2023-05-25,time_exit,-38.72793788107509
COHR,10%+,2023-04-10,2023-05-26,tp_gap_filled,-20.437003554376588
ANET,5-10%,2023-05-19,2023-05-26,tp_gap_filled,-4.314185621565088
ADI,5-10%,2023-05-25,2023-06-12,tp_gap_filled,-5.674504693102092
ABNB,10%+,2023-05-12,2023-06-15,tp_gap_filled,-5.829218449144314
CRM,5-10%,2023-06-05,2023-07-12,tp_gap_filled,-1.750339551319413
ULTA,10%+,2023-06-13,2023-07-12,tp_gap_filled,-1.6461296180260283
CDW,10%+,2023-04-20,2023-07-18,tp_gap_filled,-1.4181560872309433
UNH,5-10%,2023-07-12,2023-07-18,tp_gap_filled,-1.7391341459741763
CRWD,5-10%,2023-06-21,2023-07-19,tp_gap_filled,-5.104492562520945
CNC,5-10%,2023-07-12,2023-07-19,tp_gap_filled,-1.1421169788835384
A,10%+,2023-05-31,2023-07-24,tp_gap_filled,-1.0017728260373562
PKG,5-10%,2023-04-28,2023-07-25,tp_gap_filled,-9.330098588129964
UPS,5-10%,2023-05-01,2023-08-01,time_exit,-9.134514340513224
WAT,5-10%,2023-05-11,2023-08-02,tp_gap_filled,-7.508757869272266
INCY,5-10%,2023-05-03,2023-08-03,time_exit,-11.134717808286634
DLTR,10%+,2023-05-26,2023-08-28,time_exit,-9.2565177978906
CIEN,5-10%,2023-06-07,2023-08-31,tp_gap_filled,-6.663659869047257
HUM,10%+,2023-06-15,2023-09-15,time_exit,-7.365521227338023
NDAQ,5-10%,2023-06-15,2023-09-15,time_exit,-6.715162906423886
COHR,5-10%,2023-06-30,2023-09-29,time_exit,-43.57952114260986
OMC,5-10%,2023-07-20,2023-10-18,time_exit,-18.701662170212842
RTX,10%+,2023-07-26,2023-10-24,time_exit,-20.228891013307496
TSN,10%+,2023-07-26,2023-10-24,time_exit,-17.502535821029728
CMG,5-10%,2023-07-31,2023-10-27,time_exit,-8.215338477025199
LUV,5-10%,2023-07-31,2023-10-27,time_exit,-34.36482961039974
ZBRA,10%+,2023-08-01,2023-10-30,time_exit,-22.075206032938546
ROK,10%+,2023-08-03,2023-11-01,time_exit,-14.658192723046826
CMI,5-10%,2023-08-04,2023-11-02,time_exit,-10.353609066856997
FTNT,10%+,2023-08-10,2023-11-08,time_exit,-27.0507487849208
WDAY,10%+,2023-10-06,2023-11-09,tp_gap_filled,-0.5822077990698865
DVA,10%+,2023-10-12,2023-11-14,tp_gap_filled,-5.815973609211494
DDOG,10%+,2023-10-23,2023-11-14,tp_gap_filled,-7.878351638567548
IFF,10%+,2023-08-18,2023-11-16,time_exit,-0.9926232884100935
KEYS,10%+,2023-08-21,2023-11-17,time_exit,-7.819806889745105
GOOGL,5-10%,2023-11-02,2023-11-22,tp_gap_filled,-1.058709760386542
RF,10%+,2023-10-23,2023-11-29,tp_gap_filled,-5.278054009259498
ADSK,5-10%,2023-11-24,2023-11-30,tp_gap_filled,-0.2984315290672754
EL,10%+,2023-11-02,2023-12-01,tp_gap_filled,-5.0821224461124785
HOOD,5-10%,2023-11-29,2023-12-05,tp_gap_filled,-1.1803818555880097
ORCL,10%+,2023-09-13,2023-12-12,time_exit,-10.983034681958861
RVTY,10%+,2023-10-31,2023-12-13,tp_gap_filled,-0.14921357400558508
ALGN,10%+,2023-10-27,2023-12-14,tp_gap_filled,-10.531319194827205
APTV,5-10%,2023-11-03,2023-12-14,tp_gap_filled,-7.146315577732057
ON,10%+,2023-12-01,2023-12-14,tp_gap_filled,-3.3713050126583157
JBL,10%+,2023-12-01,2023-12-14,tp_gap_filled,-3.6771923207274524
PFE,5-10%,2023-12-14,2023-12-22,tp_gap_filled,-1.1263452903607285
ECHO,10%+,2023-12-08,2023-12-27,tp_gap_filled,-10.835979028965195
VEEV,5-10%,2023-11-15,2023-12-28,tp_gap_filled,-7.53123446411151
HOOD,5-10%,2024-01-04,2024-01-08,tp_gap_filled,-0.5277238174010871
ORCL,10%+,2023-12-13,2024-01-24,tp_gap_filled,-3.4461136368690055
HAS,10%+,2023-10-27,2024-01-30,time_exit,-8.46789972361831
TER,5-10%,2024-02-01,2024-02-12,tp_gap_filled,-2.317817298039938
TTD,10%+,2024-01-17,2024-02-16,tp_gap_filled,-0.40776766922402663
ANET,5-10%,2024-02-20,2024-03-01,tp_gap_filled,-1.9632141906756342
UPS,5-10%,2024-02-07,2024-03-13,tp_gap_filled,-2.4817123940379675
PYPL,5-10%,2024-02-09,2024-03-13,tp_gap_filled,-3.2358112832762798
IFF,5-10%,2024-02-27,2024-03-13,tp_gap_filled,-2.191764689798457
MKC,5-10%,2023-12-14,2024-03-18,time_exit,-9.235963660121897
DD,10%+,2024-01-25,2024-03-21,tp_gap_filled,-5.230560152936131
FDX,10%+,2023-12-21,2024-03-22,tp_gap_filled,-4.983469673014549
NKE,10%+,2023-12-26,2024-03-27,time_exit,-15.362701804214772
BA,5-10%,2024-01-09,2024-04-10,time_exit,-24.443976005833534
TSLA,5-10%,2024-01-29,2024-04-29,time_exit,-26.904933205035448
ROK,10%+,2024-02-01,2024-05-02,time_exit,-2.4923592617062313
INTC,10%+,2024-02-12,2024-05-13,time_exit,-32.77436439271637
TTWO,5-10%,2024-02-12,2024-05-13,time_exit,-10.393703581490756
APD,10%+,2024-02-15,2024-05-16,time_exit,-3.0660993161746033
TDY,5-10%,2024-04-25,2024-05-17,tp_gap_filled,-2.403069593077516
LYV,5-10%,2024-04-18,2024-05-21,tp_gap_filled,-3.810892930082498
WBD,5-10%,2024-02-26,2024-05-24,time_exit,-15.228788111381855
WST,10%+,2024-03-07,2024-06-06,time_exit,-6.917328958296457
CIEN,10%+,2024-03-08,2024-06-07,time_exit,-19.522264756772216
ADM,10%+,2024-03-12,2024-06-11,time_exit,-0.4512007060873004
DLTR,10%+,2024-03-14,2024-06-13,time_exit,-18.061001116827253
SWKS,10%+,2024-05-02,2024-06-13,tp_gap_filled,-2.2719160498385604
ADBE,10%+,2024-03-18,2024-06-17,time_exit,-13.230243225902058
JBL,10%+,2024-03-21,2024-06-21,time_exit,-14.270436361143544
DDOG,10%+,2024-05-31,2024-06-27,tp_gap_filled,-5.356902329068826
INTU,5-10%,2024-06-21,2024-06-28,tp_gap_filled,-0.4940328925553079
EXPE,10%+,2024-04-02,2024-07-02,time_exit,-17.96733378919785
RMD,5-10%,2024-06-27,2024-07-12,tp_gap_filled,-2.0615866418867825
TXT,5-10%,2024-04-26,2024-07-16,tp_gap_filled,-0.8660511777368134
TGT,5-10%,2024-06-14,2024-07-17,tp_gap_filled,-0.9244316854059341
TRV,5-10%,2024-06-13,2024-07-18,tp_gap_filled,-2.945469077234393
GIS,5-10%,2024-07-09,2024-07-29,tp_gap_filled,-0.5640908114867281
VEEV,5-10%,2024-06-03,2024-07-30,tp_gap_filled,-2.331817162704785
APTV,5-10%,2024-07-25,2024-08-01,tp_gap_filled,-0.53303173515935
CVS,10%+,2024-05-02,2024-08-02,time_exit,-5.861994331090919
SBUX,10%+,2024-05-10,2024-08-12,time_exit,-5.726004532849225
NDSN,5-10%,2024-05-22,2024-08-22,time_exit,-9.831817269297103
WDAY,10%+,2024-07-15,2024-08-23,tp_gap_filled,-14.031448992999056
FSLR,5-10%,2024-07-16,2024-08-26,tp_gap_filled,-11.41815137508452
CRM,10%+,2024-05-31,2024-08-29,tp_gap_filled,-3.38220527968283
