ticker,gap_date,entry_date,exit_date,bucket,gap_pct,entry_price,exit_price,exit_reason,units,position_dollars,cash_cost,proceeds,pnl_pct,pnl_dollar,days_held,hold_sessions
INTU,2016-09-13,2016-09-14,2016-09-15,2-3%,-2.246,107.1871,109.4305,tp_gap_filled,92.5252,9917.51,9917.51,10125.08,2.093,207.57,1,1
MRVL,2016-09-07,2016-09-08,2016-09-16,2-3%,-2.859,12.5826,12.9271,tp_gap_filled,792.7786,9975.19,9975.19,10248.3,2.738,273.1,6,6
TPR,2016-09-14,2016-09-16,2016-09-19,3-5%,-3.004,35.2352,36.2537,tp_gap_filled,284.1149,10010.84,10010.84,10300.22,2.891,289.37,1,1
ESS,2016-09-09,2016-09-12,2016-09-20,2-3%,-2.941,220.3802,226.6032,tp_gap_filled,45.2691,9976.42,9976.42,10258.13,2.824,281.71,6,6
FCX,2016-09-12,2016-09-13,2016-09-21,2-3%,-2.532,10.02,10.2597,tp_gap_filled,992.5372,9945.23,9945.23,10183.16,2.392,237.93,6,6
WMB,2016-09-09,2016-09-12,2016-09-22,3-5%,-4.173,29.8799,31.1188,tp_gap_filled,333.282,9958.42,9958.42,10371.35,4.147,412.94,8,8
DELL,2016-09-12,2016-09-13,2016-10-27,2-3%,-2.078,13.5012,13.7602,tp_gap_filled,737.573,9958.13,9958.13,10149.16,1.918,191.03,32,32
CTSH,2016-09-30,2016-10-03,2016-11-07,10%+,-11.218,48.8788,54.945,tp_gap_filled,205.4327,10041.31,10041.31,11287.5,12.411,1246.19,25,25
KR,2016-09-07,2016-09-08,2016-11-10,3-5%,-3.092,31.6917,32.6373,tp_gap_filled,315.1371,9987.22,9987.22,10285.23,2.984,298.02,45,45
COR,2016-10-28,2016-11-08,2016-11-10,10%+,-13.044,69.1991,79.4205,tp_gap_filled,145.8962,10095.89,10095.89,11587.15,14.771,1491.26,2,2
FERG,2016-09-14,2016-09-15,2016-12-05,3-5%,-3.515,60.3454,62.419,tp_gap_filled,165.5513,9990.26,9990.26,10333.55,3.436,343.29,56,56
ORCL,2016-09-16,2016-09-22,2016-12-13,3-5%,-3.059,39.6496,40.8191,tp_gap_filled,255.5887,10133.99,10133.99,10432.91,2.95,298.92,57,57
JBL,2016-09-22,2016-09-23,2016-12-16,5-10%,-6.953,22.1021,23.7063,tp_gap_filled,456.9208,10098.9,10098.9,10831.89,7.258,732.99,59,59
CAH,2016-10-28,2016-11-03,2017-01-04,10%+,-13.008,65.1351,74.7252,tp_gap_filled,151.4302,9863.42,9863.42,11315.65,14.723,1452.24,41,41
VST,2016-12-15,2016-12-19,2017-01-05,10%+,-14.005,14.014,16.2637,tp_gap_filled,785.8251,11012.55,11012.55,12780.44,16.053,1767.89,11,11
WDAY,2016-12-02,2016-12-14,2017-01-11,10%+,-15.539,68.9889,81.5184,tp_gap_filled,156.5463,10799.96,10799.96,12761.4,18.162,1961.44,18,18
DXCM,2016-11-02,2016-11-03,2017-01-13,10%+,-19.417,15.7132,19.4605,tp_gap_filled,630.497,9907.12,9907.12,12269.8,23.848,2362.68,48,48
CNC,2016-11-09,2016-11-11,2017-02-07,10%+,-20.509,26.5765,33.3666,tp_gap_filled,399.674,10621.95,10621.95,13335.76,25.549,2713.81,58,58
UHS,2016-11-09,2016-12-07,2017-03-01,10%+,-13.322,111.111,127.9319,tp_gap_filled,97.7799,10864.43,10864.43,12509.18,15.139,1644.75,56,56
WAT,2016-10-25,2017-01-24,2017-03-01,5-10%,-6.612,147.4673,157.5923,tp_gap_filled,79.1661,11674.41,11674.41,12475.96,6.866,801.55,25,25
WDAY,2017-02-28,2017-03-01,2017-05-04,5-10%,-8.859,82.2822,90.0998,tp_gap_filled,143.5158,11808.8,11808.8,12930.75,9.501,1121.95,45,45
EW,2016-10-26,2017-01-10,2017-05-16,10%+,-12.65,33.1331,37.8554,tp_gap_filled,346.5731,11483.04,11483.04,13119.68,14.253,1636.64,61,87
BG,2017-05-03,2017-05-04,2017-05-23,5-10%,-9.451,68.4784,75.4745,tp_gap_filled,172.638,11821.98,11821.98,13029.76,10.216,1207.78,13,13
MCK,2016-10-28,2016-11-01,2017-05-24,10%+,-19.128,129.9298,160.3395,tp_gap_filled,76.4145,9928.52,9928.52,12252.26,23.405,2323.74,61,140
VMRK,2016-09-22,2016-10-03,2017-06-02,3-5%,-4.424,63.1531,65.944,tp_gap_filled,159.4944,10072.56,10072.56,10517.69,4.419,445.13,61,167
AMD,2017-05-02,2017-05-16,2017-06-21,10%+,-13.877,11.7417,13.6064,tp_gap_filled,1001.2859,11756.83,11756.83,13623.88,15.881,1867.05,25,25
GILD,2017-02-08,2017-02-13,2017-07-20,5-10%,-8.013,67.3373,73.0569,tp_gap_filled,175.3409,11806.98,11806.98,12809.86,8.494,1002.88,61,109
HWM,2017-06-26,2017-06-27,2017-07-24,10%+,-11.237,17.4024,19.5663,tp_gap_filled,699.5696,12174.16,12174.16,13687.99,12.435,1513.83,18,18
TGT,2017-06-16,2017-06-19,2017-07-25,5-10%,-7.266,51.4814,55.4045,tp_gap_filled,233.2084,12005.9,12005.9,12920.8,7.62,914.9,25,25
AIG,2017-02-15,2017-02-16,2017-08-03,5-10%,-6.503,62.6025,66.8231,tp_gap_filled,190.3602,11917.03,11917.03,12720.46,6.742,803.43,61,116
RL,2017-02-02,2017-03-01,2017-08-08,5-10%,-7.852,80.5905,87.2826,tp_gap_filled,147.0035,11847.09,11847.09,12830.85,8.304,983.77,61,111
PTC,2017-07-20,2017-07-21,2017-10-10,5-10%,-7.841,54.3543,58.8611,tp_gap_filled,228.7242,12432.14,12432.14,13462.95,8.291,1030.81,56,56
COST,2017-10-06,2017-10-13,2017-11-03,3-5%,-4.83,159.159,166.9029,tp_gap_filled,82.8048,13179.12,13179.12,13820.36,4.866,641.23,15,15
ORLY,2017-07-05,2017-07-27,2017-11-14,5-10%,-9.441,13.32,14.6793,tp_gap_filled,943.1005,12562.07,12562.07,13844.06,10.205,1281.99,61,77
AZO,2017-05-23,2017-05-25,2017-11-28,5-10%,-7.958,607.617,658.8305,tp_gap_filled,19.2987,11726.2,11726.2,12714.55,8.429,988.35,61,129
KR,2017-06-16,2017-08-24,2017-11-30,10%+,-13.721,21.2112,24.5354,tp_gap_filled,586.4531,12439.37,12439.37,14388.89,15.672,1949.52,61,68
CMG,2017-10-25,2017-11-14,2017-12-04,10%+,-12.723,5.6665,6.4795,tp_gap_filled,2298.0387,13021.75,13021.75,14890.17,14.349,1868.43,13,13
CSX,2017-12-15,2017-12-18,2018-01-04,5-10%,-9.196,17.364,19.0842,tp_gap_filled,785.3425,13636.7,13636.7,14987.66,9.907,1350.96,11,11
BG,2017-05-24,2017-06-12,2018-01-22,5-10%,-5.08,77.6276,81.6183,tp_gap_filled,155.3841,12062.09,12062.09,12682.18,5.141,620.1,61,154
LITE,2017-12-13,2018-01-22,2018-02-06,10%+,-11.884,45.6456,51.6983,tp_gap_filled,316.3139,14438.34,14438.34,16352.87,13.26,1914.54,11,11
PANW,2016-11-22,2017-01-19,2018-02-15,10%+,-10.853,23.9539,26.8165,tp_gap_filled,487.2864,11672.42,11672.42,13067.31,11.95,1394.89,61,271
FDS,2017-12-19,2018-02-09,2018-02-21,5-10%,-9.124,186.2361,204.5253,tp_gap_filled,72.8011,13558.19,13558.19,14889.66,9.82,1331.47,7,7
VEEV,2017-08-25,2017-08-31,2018-02-28,5-10%,-9.413,58.5685,64.5254,tp_gap_filled,215.4366,12617.8,12617.8,13901.14,10.171,1283.33,61,123
ADSK,2017-11-29,2018-01-12,2018-03-07,10%+,-12.251,114.144,129.82,tp_gap_filled,125.774,14356.35,14356.35,16327.99,13.734,1971.64,36,36
DVN,2018-02-21,2018-02-22,2018-04-18,10%+,-10.159,31.1611,34.6154,tp_gap_filled,459.6978,14324.7,14324.7,15912.6,11.085,1587.9,38,38
WAB,2017-07-25,2017-07-26,2018-04-20,10%+,-10.868,77.5775,86.863,tp_gap_filled,161.5913,12535.85,12535.85,14036.31,11.969,1500.46,61,185
HSIC,2018-02-13,2018-03-01,2018-04-23,5-10%,-9.393,51.3454,56.5552,tp_gap_filled,278.5051,14299.96,14299.96,15750.9,10.146,1450.94,36,36
AMD,2017-10-25,2018-01-23,2018-06-01,5-10%,-9.123,12.9629,14.2357,tp_gap_filled,1122.8746,14555.77,14555.77,15984.96,9.819,1429.19,61,90
WAT,2018-04-24,2018-04-25,2018-06-13,5-10%,-8.163,192.6825,209.3904,tp_gap_filled,74.8415,14420.64,14420.64,15671.09,8.671,1250.44,34,34
CRL,2017-11-09,2017-12-15,2018-06-15,5-10%,-8.319,108.108,117.6822,tp_gap_filled,125.7694,13596.68,13596.68,14800.82,8.856,1204.14,61,124
CVS,2018-06-28,2018-07-02,2018-07-12,5-10%,-8.365,64.2542,69.98,tp_gap_filled,237.3056,15247.88,15247.88,16606.64,8.911,1358.76,7,7
TRMB,2018-05-08,2018-06-25,2018-07-26,5-10%,-8.471,32.6626,35.6144,tp_gap_filled,468.6332,15306.79,15306.79,16690.07,9.037,1383.27,22,22
ALLE,2018-04-26,2018-05-01,2018-08-07,5-10%,-9.069,75.5755,82.947,tp_gap_filled,195.6714,14787.96,14787.96,16230.35,9.754,1442.39,61,68
TSCO,2016-09-08,2016-11-11,2018-08-21,10%+,-15.156,14.1882,16.6893,tp_gap_filled,745.1652,10572.53,10572.53,12436.28,17.628,1863.75,61,445
ANET,2018-02-16,2018-02-26,2018-08-24,10%+,-16.223,16.1411,19.2283,tp_gap_filled,905.3238,14612.94,14612.94,17407.79,19.126,2794.85,61,126
COR,2018-06-28,2018-07-26,2018-08-30,5-10%,-7.326,83.3232,89.7302,tp_gap_filled,194.3905,16197.24,16197.24,17442.69,7.689,1245.45,25,25
FANG,2018-08-15,2018-08-21,2018-09-25,5-10%,-8.007,123.163,133.6163,tp_gap_filled,134.0177,16506.03,16506.03,17906.94,8.487,1400.92,24,24
KR,2018-09-13,2018-09-14,2018-11-07,5-10%,-9.833,28.6386,31.6983,tp_gap_filled,571.1157,16355.96,16355.96,18103.38,10.684,1747.42,38,38
CASY,2016-09-07,2016-09-08,2018-12-12,5-10%,-9.047,121.3712,133.1767,tp_gap_filled,82.3918,10000.0,10000.0,10972.67,9.727,972.67,61,569
DLTR,2018-05-31,2018-06-13,2019-01-07,5-10%,-8.386,88.3583,96.2536,tp_gap_filled,175.0124,15463.79,15463.79,16845.58,8.936,1381.79,61,142
AMAT,2018-11-16,2018-12-19,2019-01-11,5-10%,-8.195,32.1822,34.985,tp_gap_filled,446.4069,14366.33,14366.33,15617.54,8.709,1251.2,15,15
CVNA,2019-01-14,2019-01-15,2019-01-16,5-10%,-6.114,6.9169,7.3526,tp_gap_filled,2202.3594,15233.52,15233.52,16193.16,6.299,959.63,1,1
SYF,2018-11-02,2018-11-07,2019-01-23,5-10%,-7.303,27.3173,29.4106,tp_gap_filled,573.3523,15662.43,15662.43,16862.61,7.663,1200.18,50,50
FDX,2018-12-19,2019-01-08,2019-02-06,5-10%,-8.535,136.4941,148.9323,tp_gap_filled,109.0622,14886.35,14886.35,16242.89,9.113,1356.54,20,20
SWK,2019-01-22,2019-01-23,2019-02-19,10%+,-12.405,120.0199,136.7431,tp_gap_filled,131.3284,15762.02,15762.02,17958.26,13.934,2196.23,18,18
EBAY,2018-07-19,2018-08-29,2019-02-27,5-10%,-7.325,35.2052,37.9121,tp_gap_filled,475.5425,16741.55,16741.55,18028.79,7.689,1287.24,61,123
MNST,2018-03-01,2018-03-09,2019-02-28,5-10%,-9.342,14.3769,15.8267,tp_gap_filled,1053.4328,15145.06,15145.06,16672.32,10.084,1527.26,61,244
MKC,2019-01-24,2019-01-28,2019-03-11,10%+,-13.532,60.1551,69.4305,tp_gap_filled,266.9714,16059.69,16059.69,18535.95,15.419,2476.27,29,29
AXON,2019-02-27,2019-02-28,2019-04-08,5-10%,-7.904,55.5155,60.1598,tp_gap_filled,312.6479,17356.79,17356.79,18808.83,8.366,1452.04,27,27
JBL,2018-09-25,2018-09-26,2019-04-12,5-10%,-9.408,27.2772,30.0499,tp_gap_filled,605.1206,16506.03,16506.03,18183.83,10.165,1677.8,61,136
CNC,2019-03-27,2019-04-16,2019-05-06,5-10%,-8.569,50.2002,54.7951,tp_gap_filled,350.9804,17619.27,17619.27,19232.02,9.153,1612.75,13,13
APTV,2019-05-02,2019-05-13,2019-07-24,10%+,-10.318,75.085,83.5564,tp_gap_filled,214.3419,16093.87,16093.87,17909.63,11.282,1815.76,50,50
JCI,2017-07-27,2017-07-28,2019-09-11,5-10%,-7.641,40.05,43.2767,tp_gap_filled,312.4985,12515.57,12515.57,13523.9,8.057,1008.33,61,533
INTC,2019-04-26,2019-07-24,2019-11-04,5-10%,-8.453,52.7927,57.5524,tp_gap_filled,330.6601,17456.45,17456.45,19030.28,9.016,1573.83,61,72
CVS,2019-02-20,2019-02-21,2019-11-06,5-10%,-8.887,63.7337,69.8101,tp_gap_filled,269.9487,17204.82,17204.82,18845.15,9.534,1640.33,61,180
TSLA,2019-01-18,2019-02-06,2019-11-11,5-10%,-7.0,21.5549,23.1308,tp_gap_filled,785.9866,16941.84,16941.84,18180.53,7.311,1238.7,61,193
PNR,2019-04-09,2019-04-11,2019-12-09,10%+,-11.357,40.1601,45.2147,tp_gap_filled,434.5086,17449.92,17449.92,19646.19,12.586,2196.28,61,167
WDC,2019-10-31,2019-12-16,2019-12-23,5-10%,-7.802,43.3615,46.9371,tp_gap_filled,428.2809,18570.92,18570.92,20102.28,8.246,1531.37,5,5
TKO,2019-10-31,2019-11-18,2020-01-07,10%+,-11.725,58.7087,66.3736,tp_gap_filled,311.6095,18294.17,18294.17,20682.63,13.056,2388.46,33,33
WDAY,2019-10-16,2019-11-20,2020-01-09,5-10%,-7.162,168.168,180.779,tp_gap_filled,109.1902,18362.29,18362.29,19739.3,7.499,1377.0,33,33
BAX,2019-10-24,2019-11-12,2020-01-13,5-10%,-9.608,79.5795,87.862,tp_gap_filled,228.3991,18175.88,18175.88,20067.61,10.408,1891.73,41,41
FDX,2019-12-18,2019-12-23,2020-01-14,5-10%,-7.235,122.1365,131.3995,tp_gap_filled,155.9376,19045.68,19045.68,20490.13,7.584,1444.45,14,14
CASY,2019-12-10,2020-01-10,2020-02-18,5-10%,-5.886,165.165,175.1447,tp_gap_filled,117.2109,19359.14,19359.14,20528.87,6.042,1169.73,25,25
DGX,2018-07-24,2018-07-25,2020-03-04,5-10%,-7.903,105.9158,114.7751,tp_gap_filled,152.0824,16107.94,16107.94,17455.28,8.364,1347.34,61,404
TTWO,2020-02-07,2020-02-21,2020-04-21,5-10%,-9.191,116.116,127.6123,tp_gap_filled,168.3368,19546.6,19546.6,21481.84,9.901,1935.24,41,41
CVNA,2020-02-27,2020-04-22,2020-05-08,10%+,-12.958,17.6977,20.2917,tp_gap_filled,925.3331,16376.25,16376.25,18776.57,14.657,2400.32,12,12
MU,2020-03-09,2020-03-10,2020-06-04,10%+,-11.638,45.5255,51.4185,tp_gap_filled,365.1148,16622.03,16622.03,18773.67,12.945,2151.64,60,60
LYB,2020-03-09,2020-05-26,2020-06-04,5-10%,-9.71,65.065,71.918,tp_gap_filled,269.2391,17518.04,17518.04,19363.14,10.533,1845.1,7,7
BR,2020-01-31,2020-02-03,2020-07-02,5-10%,-6.929,120.6105,129.3305,tp_gap_filled,157.1384,18952.54,18952.54,20322.8,7.23,1370.26,61,105
CHRW,2019-10-30,2020-01-17,2020-07-29,5-10%,-9.302,82.1821,90.4295,tp_gap_filled,242.7666,19951.07,19951.07,21953.26,10.035,2002.19,61,133
NFLX,2020-07-17,2020-07-20,2020-08-26,5-10%,-6.166,49.5365,52.6863,tp_gap_filled,368.4861,18253.51,18253.51,19414.15,6.358,1160.65,27,27
DGX,2020-08-27,2020-08-28,2020-10-14,5-10%,-7.699,109.3292,118.2117,tp_gap_filled,175.0955,19143.05,19143.05,20698.33,8.124,1555.28,32,32
FAST,2020-10-13,2020-10-14,2020-11-04,5-10%,-5.059,22.6376,23.7962,tp_gap_filled,815.9819,18471.88,18471.88,19417.25,5.118,945.37,15,15
URI,2020-11-04,2020-11-05,2020-11-09,5-10%,-6.652,188.2381,201.2485,tp_gap_filled,99.5469,18738.52,18738.52,20033.68,6.912,1295.15,2,2
FLEX,2018-04-27,2018-04-30,2020-11-18,10%+,-19.231,10.1382,12.527,tp_gap_filled,1444.2833,14642.49,14642.49,18092.57,23.562,3450.08,61,645
TAP,2020-04-30,2020-06-04,2020-11-24,5-10%,-9.313,41.9119,46.1238,tp_gap_filled,449.9919,18860.0,18860.0,20755.35,10.05,1895.35,61,121
CHD,2020-10-29,2020-11-24,2020-12-01,3-5%,-4.805,84.084,88.1518,tp_gap_filled,244.8585,20588.68,20588.68,21584.7,4.838,996.02,4,4
CVS,2020-11-17,2020-11-18,2020-12-04,5-10%,-7.105,68.3182,73.3965,tp_gap_filled,290.8279,19868.85,19868.85,21345.76,7.433,1476.91,11,11
CTSH,2018-08-02,2018-08-10,2020-12-17,5-10%,-8.089,75.5254,82.0079,tp_gap_filled,212.6629,16061.46,16061.46,17440.04,8.583,1378.58,61,593
TSCO,2020-10-22,2020-12-01,2020-12-21,3-5%,-4.714,28.4464,29.7942,tp_gap_filled,719.5994,20470.02,20470.02,21439.87,4.738,969.85,14,14
DGX,2020-11-09,2020-12-29,2021-01-06,5-10%,-7.021,118.118,126.7831,tp_gap_filled,178.187,21047.1,21047.1,22591.1,7.336,1544.01,5,5
SWK,2021-01-04,2021-01-05,2021-01-08,3-5%,-4.884,170.0098,178.3814,tp_gap_filled,125.7524,21379.14,21379.14,22431.89,4.924,1052.75,3,3
ANET,2019-05-03,2019-05-07,2021-01-12,10%+,-15.747,16.3851,19.4087,tp_gap_filled,1030.7317,16888.66,16888.66,20005.16,18.453,3116.5,61,425
APA,2020-06-09,2020-07-30,2021-01-12,5-10%,-7.219,16.4665,17.7123,tp_gap_filled,1152.8261,18982.95,18982.95,20419.17,7.566,1436.21,61,114
DASH,2020-12-10,2020-12-11,2021-01-12,5-10%,-5.171,179.8897,189.3205,tp_gap_filled,117.7685,21185.34,21185.34,22295.99,5.243,1110.65,20,20
DXCM,2020-10-27,2021-01-08,2021-02-19,5-10%,-5.447,98.9063,104.3955,tp_gap_filled,223.351,22090.82,22090.82,23316.84,5.55,1226.02,28,28
IBM,2021-01-22,2021-01-26,2021-03-24,5-10%,-8.318,115.5074,125.7346,tp_gap_filled,192.2418,22205.34,22205.34,24171.44,8.854,1966.1,40,40
CHRW,2021-01-27,2021-01-28,2021-03-26,5-10%,-5.99,91.7517,97.4025,tp_gap_filled,239.7909,22001.21,22001.21,23356.23,6.159,1355.02,40,40
FERG,2021-03-24,2021-03-25,2021-04-05,5-10%,-6.318,117.4073,125.0748,tp_gap_filled,194.3966,22823.58,22823.58,24314.12,6.531,1490.54,6,6
PGR,2021-01-07,2021-01-08,2021-04-15,3-5%,-4.302,94.6345,98.6912,tp_gap_filled,232.9884,22048.75,22048.75,22993.91,4.287,945.16,61,66
HSIC,2021-02-17,2021-02-19,2021-04-15,5-10%,-7.495,65.3553,70.5094,tp_gap_filled,339.5495,22191.36,22191.36,23941.44,7.886,1750.08,38,38
NKE,2021-03-25,2021-04-20,2021-04-29,3-5%,-4.588,127.1771,133.0268,tp_gap_filled,179.1151,22779.33,22779.33,23827.12,4.6,1047.79,7,7
PAYX,2021-04-06,2021-04-07,2021-05-04,5-10%,-5.331,95.105,100.2596,tp_gap_filled,239.6602,22792.88,22792.88,24028.24,5.42,1235.36,19,19
BNY,2020-01-16,2020-01-17,2021-05-05,5-10%,-7.773,46.7967,50.6393,tp_gap_filled,425.5863,19916.06,19916.06,21551.4,8.211,1635.34,61,326
COHR,2021-05-06,2021-05-11,2021-05-19,5-10%,-7.385,59.8798,64.5254,tp_gap_filled,382.8577,22925.45,22925.45,24704.05,7.758,1778.6,6,6
LLY,2021-03-15,2021-04-20,2021-06-07,5-10%,-7.242,193.203,207.8719,tp_gap_filled,118.0621,22809.95,22809.95,24541.79,7.592,1731.84,33,33
STX,2021-05-19,2021-05-21,2021-06-08,5-10%,-6.326,94.8648,101.0688,tp_gap_filled,242.9262,23045.14,23045.14,24552.27,6.54,1507.13,11,11
NOW,2021-04-29,2021-06-16,2021-06-24,5-10%,-6.503,104.3042,111.3366,tp_gap_filled,222.7392,23232.63,23232.63,24799.01,6.742,1566.38,6,6
CDNS,2021-04-27,2021-06-24,2021-07-23,5-10%,-6.032,135.6655,144.0858,tp_gap_filled,171.8661,23316.31,23316.31,24763.46,6.207,1447.15,20,20
BSX,2020-01-14,2020-01-15,2021-07-27,5-10%,-6.73,42.4524,45.4245,tp_gap_filled,465.7946,19774.1,19774.1,21158.5,7.001,1384.4,61,385
FFIV,2021-04-28,2021-04-29,2021-07-27,5-10%,-7.544,190.0399,205.1347,tp_gap_filled,122.1532,23213.98,23213.98,25057.86,7.943,1843.88,61,61
O,2020-03-16,2020-06-05,2021-08-13,10%+,-11.29,61.8835,69.6202,tp_gap_filled,312.5702,19342.95,19342.95,21761.21,12.502,2418.26,61,300
GNRC,2021-07-28,2021-08-02,2021-08-27,5-10%,-7.473,406.5261,438.4811,tp_gap_filled,58.211,23664.27,23664.27,25524.4,7.86,1860.13,19,19
MOS,2021-05-04,2021-06-15,2021-09-23,5-10%,-6.395,32.8228,34.995,tp_gap_filled,711.1613,23342.3,23342.3,24887.07,6.618,1544.77,61,70
CTSH,2021-05-06,2021-05-07,2021-10-28,5-10%,-7.66,75.2952,81.3785,tp_gap_filled,306.1197,23049.35,23049.35,24911.57,8.079,1862.22,61,121
FLEX,2021-10-28,2021-10-29,2021-11-05,5-10%,-6.893,12.8387,13.7617,tp_gap_filled,1856.6242,23836.73,23836.73,25550.23,7.188,1713.49,5,5
AMZN,2021-07-30,2021-08-02,2021-11-10,5-10%,-6.999,167.5649,179.816,tp_gap_filled,140.9978,23626.29,23626.29,25353.66,7.311,1727.38,61,71
NRG,2021-11-04,2021-11-05,2021-12-13,5-10%,-8.75,36.5365,39.96,tp_gap_filled,679.3202,24819.98,24819.98,27145.64,9.37,2325.65,25,25
PGR,2021-07-15,2021-09-28,2021-12-14,5-10%,-7.645,90.09,97.3525,tp_gap_filled,260.2435,23445.34,23445.34,25335.37,8.061,1890.03,54,54
CCI,2021-07-22,2021-07-23,2021-12-17,5-10%,-5.057,191.1209,200.8989,tp_gap_filled,121.8987,23297.4,23297.4,24489.32,5.116,1191.92,61,103
LITE,2021-01-19,2021-01-20,2021-12-27,10%+,-10.638,95.105,106.2137,tp_gap_filled,234.8263,22333.15,22333.15,24941.76,11.68,2608.61,61,236
GDDY,2021-08-05,2021-09-01,2021-12-28,10%+,-10.18,75.075,83.4165,tp_gap_filled,323.9862,24323.27,24323.27,27025.8,11.111,2702.53,61,81
RL,2021-12-14,2021-12-17,2022-01-03,5-10%,-7.02,111.7617,119.9599,tp_gap_filled,220.0832,24596.87,24596.87,26401.17,7.335,1804.3,10,10
ALB,2021-12-15,2021-12-16,2022-01-04,5-10%,-5.951,229.5493,243.5862,tp_gap_filled,106.3433,24411.04,24411.04,25903.76,6.115,1492.72,12,12
LMT,2021-10-26,2021-12-14,2022-01-18,5-10%,-7.44,348.6783,375.9537,tp_gap_filled,69.6153,24273.35,24273.35,26172.13,7.822,1898.78,23,23
TTWO,2022-01-10,2022-01-11,2022-01-19,10%+,-10.389,147.6475,164.4354,tp_gap_filled,177.9023,26266.82,26266.82,29253.43,11.37,2986.61,5,5
MDT,2021-12-15,2022-01-03,2022-03-29,5-10%,-5.444,105.7156,111.5783,tp_gap_filled,244.7986,25879.03,25879.03,27314.22,5.546,1435.18,59,59
LULU,2022-01-10,2022-01-14,2022-03-30,5-10%,-7.111,330.28,354.8548,tp_gap_filled,79.336,26203.11,26203.11,28152.78,7.441,1949.67,51,51
VRTX,2020-10-15,2020-11-09,2022-04-05,10%+,-16.175,227.7776,271.1885,tp_gap_filled,85.8287,19549.86,19549.86,23275.77,19.058,3725.91,61,353
HOOD,2022-02-24,2022-04-25,2022-05-04,5-10%,-7.919,10.01,10.8491,tp_gap_filled,2350.0281,23523.78,23523.78,25495.78,8.383,1972.0,7,7
HCA,2022-01-27,2022-04-22,2022-11-25,5-10%,-8.125,220.7205,239.76,tp_gap_filled,105.9238,23379.55,23379.55,25396.29,8.626,2016.74,61,150
VRSN,2022-04-29,2022-05-04,2022-12-13,10%+,-11.136,185.3952,208.2116,tp_gap_filled,128.7804,23875.27,23875.27,26813.57,12.307,2938.3,61,154
SCHW,2022-04-18,2022-04-19,2022-12-27,5-10%,-7.795,76.3763,82.6672,tp_gap_filled,323.4605,24704.72,24704.72,26739.59,8.237,2034.87,61,174
WSM,2022-11-18,2022-11-28,2023-01-12,10%+,-10.384,58.4834,65.1298,tp_gap_filled,391.2789,22883.33,22883.33,25483.92,11.365,2600.59,31,31
CVNA,2023-01-13,2023-01-17,2023-01-18,5-10%,-7.597,1.4855,1.6044,tp_gap_filled,16408.4572,24374.5,24374.5,26325.63,8.005,1951.13,1,1
CHTR,2022-12-14,2023-01-03,2023-01-20,10%+,-12.634,343.4131,392.2873,tp_gap_filled,66.0438,22680.31,22680.31,25908.15,14.232,3227.84,12,12
CRM,2022-12-01,2023-01-09,2023-01-26,5-10%,-7.925,147.6976,160.0898,tp_gap_filled,159.5302,23562.22,23562.22,25539.15,8.39,1976.93,12,12
XYL,2023-01-23,2023-01-26,2023-05-08,5-10%,-8.64,100.7607,110.0698,tp_gap_filled,249.6092,25150.79,25150.79,27474.44,9.239,2323.65,61,70
DVA,2022-10-28,2023-01-04,2023-05-09,10%+,-20.207,77.2772,96.6532,tp_gap_filled,300.6614,23234.27,23234.27,29059.91,25.073,5825.63,61,86
QCOM,2023-05-04,2023-05-11,2023-05-30,5-10%,-7.799,104.134,112.7172,tp_gap_filled,219.1971,22825.88,22825.88,24707.28,8.242,1881.4,12,12
F,2023-02-03,2023-02-06,2023-06-14,5-10%,-8.869,13.0631,14.3057,tp_gap_filled,1961.7372,25626.27,25626.27,28063.98,9.513,2437.71,61,89
A,2023-05-24,2023-05-31,2023-07-24,10%+,-10.448,115.3152,128.5114,tp_gap_filled,201.874,23279.14,23279.14,25943.1,11.444,2663.96,36,36
WAT,2023-05-09,2023-05-11,2023-08-02,5-10%,-9.592,268.3281,296.2035,tp_gap_filled,85.0467,22820.42,22820.42,25191.13,10.389,2370.71,56,56
HUM,2023-06-14,2023-06-15,2023-10-13,10%+,-10.951,456.9465,512.1174,tp_gap_filled,55.8782,25533.36,25533.36,28616.22,12.074,3082.85,61,83
DDOG,2023-08-08,2023-10-23,2023-11-14,10%+,-20.621,84.4644,106.1937,tp_gap_filled,273.1545,23071.83,23071.83,29007.29,25.726,5935.46,16,16
RF,2023-10-20,2023-10-23,2023-11-29,10%+,-12.197,14.4845,16.4635,tp_gap_filled,1595.1589,23105.03,23105.03,26261.93,13.663,3156.9,26,26
HOOD,2023-11-08,2023-11-29,2023-12-05,5-10%,-9.99,8.7938,9.7502,tp_gap_filled,2921.0043,25686.68,25686.68,28480.49,10.876,2793.81,4,4
ON,2023-10-30,2023-12-01,2023-12-14,10%+,-12.249,73.3633,83.4365,tp_gap_filled,360.5692,26452.54,26452.54,30084.62,13.731,3632.08,9,9
PFE,2023-12-13,2023-12-14,2023-12-22,5-10%,-8.048,26.3063,28.5514,tp_gap_filled,1084.1121,28518.96,28518.96,30952.94,8.535,2433.98,6,6
ECHO,2023-11-06,2023-12-08,2023-12-27,10%+,-15.026,13.1331,15.4246,tp_gap_filled,2036.5156,26745.8,26745.8,31412.36,17.448,4666.55,12,12
TTD,2023-11-10,2024-01-17,2024-02-16,10%+,-19.717,61.7267,76.7332,tp_gap_filled,461.3521,28477.73,28477.73,35401.02,24.311,6923.29,22,22
EFX,2021-10-21,2022-01-18,2024-02-29,5-10%,-9.172,245.245,269.4703,tp_gap_filled,106.0185,26000.51,26000.51,28568.83,9.878,2568.32,61,531
ANET,2024-02-13,2024-02-20,2024-03-01,5-10%,-8.185,64.537,70.1498,tp_gap_filled,464.5506,29980.69,29980.69,32588.13,8.697,2607.43,8,8
RTX,2023-07-25,2023-07-26,2024-03-27,10%+,-11.494,85.9459,96.913,tp_gap_filled,298.5408,25658.35,25658.35,28932.48,12.761,3274.14,61,169
CIEN,2024-03-07,2024-03-08,2024-09-23,10%+,-13.25,53.8037,61.898,tp_gap_filled,571.0528,30724.78,30724.78,35347.05,15.044,4622.27,61,136
LITE,2022-11-08,2023-01-23,2024-10-17,10%+,-13.328,61.061,70.3096,tp_gap_filled,410.2658,25051.24,25051.24,28845.63,15.147,3794.39,61,437
EXPE,2024-02-09,2024-04-02,2024-10-17,10%+,-18.097,130.7406,159.3105,tp_gap_filled,233.433,30519.17,30519.17,37188.34,21.852,6669.16,61,138
FDX,2024-09-20,2024-09-24,2024-11-22,10%+,-13.19,210.3391,241.8127,tp_gap_filled,149.4629,31437.89,31437.89,36142.04,14.963,4704.15,43,43
ABBV,2024-11-11,2024-11-22,2025-02-20,10%+,-10.491,178.7486,199.3005,tp_gap_filled,189.1599,33812.06,33812.06,37699.66,11.498,3887.6,58,58
LLY,2024-10-30,2024-11-05,2025-02-25,10%+,-11.629,799.2985,902.6764,tp_gap_filled,40.6114,32460.67,32460.67,36659.0,12.934,4198.33,61,74
VEEV,2021-12-02,2022-01-05,2025-05-29,5-10%,-9.738,245.8656,271.8479,tp_gap_filled,105.3378,25898.95,25898.95,28635.86,10.568,2736.91,61,851
VRT,2025-02-03,2025-02-20,2025-06-16,5-10%,-9.631,105.8557,116.903,tp_gap_filled,315.111,33356.31,33356.31,36837.41,10.436,3481.1,61,80
ROK,2023-08-01,2023-08-03,2025-07-01,10%+,-10.197,302.302,335.9537,tp_gap_filled,84.3806,25508.42,25508.42,28347.97,11.132,2839.55,61,478
EL,2024-10-31,2024-11-05,2025-07-02,10%+,-24.383,65.9659,87.0629,tp_gap_filled,492.1616,32465.88,32465.88,42848.99,31.982,10383.11,61,162
GEN,2017-11-02,2017-11-03,2025-08-13,5-10%,-8.831,29.3493,32.1278,tp_gap_filled,452.2639,13273.64,13273.64,14530.26,9.467,1256.62,61,1952
NTAP,2025-02-28,2025-03-03,2025-08-29,10%+,-15.979,99.4293,118.1018,tp_gap_filled,324.9163,32306.21,32306.21,38373.2,18.78,6066.98,61,125
SRE,2025-02-25,2025-02-26,2025-09-24,10%+,-16.976,72.4524,87.0928,tp_gap_filled,460.0121,33328.97,33328.97,40063.75,20.207,6734.78,61,145
MRVL,2025-08-29,2025-09-02,2025-09-24,10%+,-16.444,64.5945,77.1528,tp_gap_filled,568.1438,36698.98,36698.98,43833.87,19.442,7134.89,16,16
COIN,2025-08-01,2025-08-13,2025-10-03,10%+,-11.282,335.4752,377.3822,tp_gap_filled,109.0402,36580.29,36580.29,41149.85,12.492,4569.56,36,36
WAT,2025-07-14,2025-10-01,2025-10-21,10%+,-10.028,317.8375,352.5571,tp_gap_filled,120.1734,38195.61,38195.61,42367.98,10.924,4172.37,14,14
FCX,2025-09-24,2025-10-10,2025-12-05,5-10%,-7.782,41.8718,45.3146,tp_gap_filled,902.2401,37778.44,37778.44,40884.68,8.222,3106.24,39,39
GWW,2025-08-01,2025-08-04,2025-12-12,5-10%,-9.943,937.1162,1038.5005,tp_gap_filled,37.9675,35579.94,35579.94,39429.25,10.819,3849.31,61,92
DECK,2025-10-24,2025-10-27,2025-12-12,10%+,-13.692,88.5885,102.4375,tp_gap_filled,445.5953,39474.62,39474.62,45645.65,15.633,6171.03,33,33
VRTX,2025-08-05,2025-10-02,2026-01-07,10%+,-13.562,408.6282,471.7977,tp_gap_filled,94.7276,38708.38,38708.38,44692.28,15.459,5983.9,61,66
MPC,2025-11-04,2025-12-16,2026-02-04,5-10%,-8.524,179.2791,195.5942,tp_gap_filled,225.2935,40390.41,40390.41,44066.1,9.1,3675.68,33,33
HPE,2025-12-05,2026-01-20,2026-02-04,5-10%,-8.734,20.9209,22.8771,tp_gap_filled,1916.4545,40093.95,40093.95,43842.92,9.35,3748.97,11,11
FTNT,2025-11-06,2026-01-14,2026-02-09,10%+,-11.559,76.1261,85.904,tp_gap_filled,537.7283,40935.13,40935.13,46193.01,12.844,5257.88,17,17
APP,2026-02-04,2026-02-06,2026-02-09,10%+,-12.947,402.402,461.3282,tp_gap_filled,103.5706,41677.0,41677.0,47780.02,14.644,6103.02,1,1
WAT,2026-02-09,2026-02-10,2026-05-29,10%+,-12.851,332.6223,380.9087,tp_gap_filled,126.8759,42201.74,42201.74,48328.12,14.517,6126.38,61,75
USB,2022-01-19,2022-01-20,2026-07-01,5-10%,-6.384,58.2782,62.1278,tp_gap_filled,439.17,25594.05,25594.05,27284.67,6.606,1690.62,61,1114
REGN,2026-05-18,2026-05-29,2026-07-29,10%+,-11.789,616.5459,697.5517,tp_gap_filled,64.5183,39778.5,39778.5,45004.86,13.139,5226.36,41,41
WDC,2026-07-28,2026-07-29,2026-07-30,5-10%,-6.393,466.5561,497.4221,tp_gap_filled,90.0859,42030.14,42030.14,44810.73,6.616,2780.59,1,1
RDDT,2026-07-31,2026-08-03,2026-08-14,10%+,-17.041,147.8477,177.862,tp_gap_filled,287.672,42531.64,42531.64,51165.9,20.301,8634.26,9,9
WDC,2026-08-06,2026-08-07,2026-08-17,10%+,-17.389,429.3189,518.6508,tp_gap_filled,100.3398,43077.79,43077.79,52041.34,20.808,8963.55,6,6
