variant,return_pct,maxdd_pct,ret_over_maxdd,closed_trades,win_pct,years_beating_base
depth_baseline,76.27,-25.96,2.94,549,72.7,
vol_norm,64.42,-17.47,3.69,499,72.7,3.0
vol_norm_blend,65.75,-21.61,3.04,515,71.3,2.0
breadth_count,53.5,-13.78,3.88,860,82.6,2.0
breadth_frac,54.97,-13.78,3.99,884,82.9,2.0
vol_spike_hi_first,57.49,-15.87,3.62,600,77.0,2.0
vol_spike_lo_first,1.49,-17.63,0.08,1272,82.9,1.0
near_high_first,21.9,-18.97,1.15,909,80.3,0.0
far_below_high_first,29.0,-16.0,1.81,1084,79.7,3.0
mom63_hi_first,17.64,-18.14,0.97,1108,80.6,1.0
mom63_lo_first,55.17,-18.07,3.05,1077,83.1,1.0
sector_cap_2,60.81,-23.27,2.61,630,76.7,3.0
sector_cap_3,63.58,-23.82,2.67,566,73.7,2.0
sector_cap_4,80.7,-23.55,3.43,555,74.2,3.0
