windows,n,variant,median_ret,median_dd,median_ratio,worst_ret,worst_dd,beats_live_ratio_pct,beats_live_ret_pct,median_ret_delta
96 overlapping,96,"live (20 slots, bucket stops)",21.1,-12.0,1.63,3.5,-26.0,,,
96 overlapping,96,"15 slots, bucket stops",20.3,-13.2,1.42,-2.3,-24.4,48.0,52.0,0.6
96 overlapping,96,"10 slots, bucket stops",21.6,-14.0,1.32,-5.7,-25.4,33.0,44.0,0.8
96 overlapping,96,"20 slots, NO stop (63d exit)",21.3,-12.1,1.57,2.0,-23.4,45.0,44.0,-0.2
96 overlapping,96,"10 slots, NO stop (63d exit)",24.0,-14.9,1.58,4.7,-21.7,57.0,64.0,5.9
96 overlapping,96,"20 slots, 50% disaster stop",22.2,-12.1,1.57,2.0,-23.7,45.0,44.0,0.4
96 overlapping,96,"10 slots, 50% disaster stop",24.2,-14.9,1.58,4.7,-21.7,57.0,64.0,6.1
non-overlapping,4,"live (20 slots, bucket stops)",22.9,-10.1,3.02,3.5,-26.0,,,
non-overlapping,4,"15 slots, bucket stops",23.6,-10.2,3.16,-2.3,-24.4,50.0,50.0,-0.0
non-overlapping,4,"10 slots, bucket stops",26.2,-11.3,3.12,-5.4,-25.4,25.0,25.0,-0.6
non-overlapping,4,"20 slots, NO stop (63d exit)",23.1,-10.3,2.5,9.9,-23.4,50.0,50.0,-0.5
non-overlapping,4,"10 slots, NO stop (63d exit)",28.5,-11.8,2.98,7.3,-21.7,50.0,50.0,2.8
non-overlapping,4,"20 slots, 50% disaster stop",23.1,-10.3,2.5,12.1,-23.7,50.0,50.0,0.0
non-overlapping,4,"10 slots, 50% disaster stop",28.5,-11.8,3.0,7.5,-21.7,50.0,50.0,3.0
