window,exclude_below_pct,slots,n_trades,win_pct,return_pct,maxdd_pct,ret_over_dd,worst_day_pct,mean_pnl_pct,2024H2,2025H1,2025H2,2026H1,2026H2
2yr,2.0,10,76,63.2,25.16,-11.09,2.27,-2.79,3.5,-5.9,5.6,9.7,4.6,9.8
2yr,2.0,15,119,65.5,20.27,-13.17,1.54,-3.44,2.69,-3.3,3.7,7.2,3.6,8.0
2yr,2.0,20,174,64.4,11.45,-14.59,0.78,-4.15,1.55,-4.9,1.6,6.4,0.8,7.6
2yr,2.0,30,270,66.3,8.97,-15.05,0.6,-3.77,1.17,-4.3,1.3,4.8,-0.3,7.5
2yr,3.0,10,78,60.3,27.28,-17.75,1.54,-3.25,3.17,-4.5,-0.1,14.4,3.8,12.3
2yr,3.0,15,117,65.0,26.54,-15.55,1.71,-3.5,3.16,-2.0,0.7,8.2,7.1,10.6
2yr,3.0,20,158,62.7,16.79,-14.59,1.15,-3.73,2.18,-4.7,1.4,7.6,3.3,8.8
2yr,3.0,30,250,63.2,7.88,-16.23,0.49,-3.77,1.15,-4.8,-1.6,6.7,2.1,5.8
2yr,5.0,10,72,61.1,28.35,-20.15,1.41,-4.36,3.59,-4.2,0.1,11.3,5.8,13.7
2yr,5.0,15,107,63.6,22.87,-17.85,1.28,-4.35,3.26,-2.3,0.9,6.8,6.7,9.3
2yr,5.0,20,146,63.0,18.23,-18.44,0.99,-4.54,2.65,-4.5,-1.0,7.4,4.1,11.8
2yr,5.0,30,232,66.4,17.55,-18.34,0.96,-4.64,2.4,-3.8,-0.4,7.8,5.5,7.8
2yr,10.0,10,64,64.1,46.32,-16.78,2.76,-3.65,6.56,-2.2,6.4,14.9,8.2,13.2
2yr,10.0,15,94,63.8,24.83,-17.05,1.46,-3.74,4.14,-2.5,3.5,4.8,7.7,9.7
2yr,10.0,20,123,65.0,20.8,-16.72,1.24,-4.47,3.76,-2.5,0.2,6.9,7.2,7.9
2yr,10.0,30,151,65.6,14.82,-17.5,0.85,-4.44,3.39,-1.7,-0.9,5.1,6.3,5.5
10yr,2.0,10,381,68.8,201.87,-25.41,7.95,-7.82,3.22,,,,,
10yr,2.0,15,586,70.0,192.66,-24.39,7.9,-7.88,2.98,,,,,
10yr,2.0,20,821,71.1,177.81,-25.96,6.85,-7.88,2.71,,,,,
10yr,2.0,30,1339,73.5,166.66,-23.53,7.08,-7.53,2.36,,,,,
10yr,3.0,10,363,66.4,194.51,-19.79,9.83,-4.86,3.17,,,,,
10yr,3.0,15,583,69.6,216.8,-20.98,10.33,-6.62,3.18,,,,,
10yr,3.0,20,796,69.8,201.21,-24.02,8.38,-5.56,2.99,,,,,
10yr,3.0,30,1291,71.9,150.13,-27.34,5.49,-7.45,2.32,,,,,
10yr,5.0,10,356,65.2,162.69,-20.67,7.87,-6.34,2.97,,,,,
10yr,5.0,15,562,68.5,181.78,-22.73,8.0,-6.69,3.03,,,,,
10yr,5.0,20,768,69.8,204.44,-22.9,8.93,-7.93,3.14,,,,,
10yr,5.0,30,1227,71.5,187.33,-28.1,6.67,-7.88,2.8,,,,,
10yr,10.0,10,286,65.0,207.56,-22.39,9.27,-6.67,4.36,,,,,
10yr,10.0,15,377,66.3,167.68,-18.99,8.83,-7.53,4.29,,,,,
10yr,10.0,20,439,67.7,146.4,-18.99,7.71,-7.63,4.5,,,,,
10yr,10.0,30,503,68.0,91.32,-21.07,4.33,-8.15,4.28,,,,,
