select_top_N,size_equity_over,n_trades,win_pct,return_pct,maxdd_pct,ret_over_dd,worst_day_pct,worst_5d_pct,daily_vol_pct,days_lt_-2pct
10,10,76,63.2,25.16,-11.09,2.27,-2.79,-6.01,0.91,6
10,15,76,63.2,16.47,-7.51,2.19,-1.86,-4.05,0.6,0
10,20,76,63.2,12.24,-5.68,2.16,-1.39,-3.06,0.45,0
10,30,76,63.2,8.08,-3.81,2.12,-0.93,-2.05,0.3,0
15,10,111,66.7,21.81,-21.83,1.0,-4.39,-8.47,1.08,17
15,15,119,65.5,20.27,-13.17,1.54,-3.44,-6.3,0.83,5
15,20,119,65.5,15.0,-9.97,1.5,-2.56,-4.68,0.62,1
15,30,119,65.5,9.86,-6.71,1.47,-1.69,-3.09,0.41,0
20,10,129,63.6,6.72,-23.16,0.29,-5.09,-11.83,1.14,18
20,15,166,65.1,6.71,-23.71,0.28,-4.31,-8.75,1.04,15
20,20,174,64.4,11.45,-14.59,0.78,-4.15,-8.02,0.83,3
20,30,174,64.4,7.67,-9.81,0.78,-2.73,-5.27,0.55,1
