bucket,variant,k,n_trades,win_pct,return_pct,maxdd_pct,tp_ct,stop_ct,time_ct
1pct,baseline (fixed 7.0%),,2408,78.4,-21.41,-25.8,1887,521,0
1pct,k=1.5,1.5,2774,57.4,-32.79,-34.17,1591,1183,0
1pct,k=2.0,2.0,2660,64.4,-32.26,-34.17,1714,946,0
1pct,k=3.0,3.0,2511,74.3,-25.6,-28.11,1866,645,0
2pct,baseline (fixed 11.0%),,1812,82.7,31.88,-16.74,1497,295,20
2pct,k=1.5,1.5,2264,61.6,-6.48,-15.15,1394,869,1
2pct,k=2.0,2.0,2149,67.7,-8.66,-20.28,1455,693,1
2pct,k=3.0,3.0,1949,77.7,12.86,-15.79,1514,428,7
3pct,baseline (fixed 16.0%),,1353,81.8,24.43,-22.64,1098,197,58
3pct,k=1.5,1.5,1779,60.8,-9.43,-20.93,1081,696,2
3pct,k=2.0,2.0,1657,68.7,3.27,-20.19,1137,515,5
3pct,k=3.0,3.0,1474,77.1,16.06,-19.87,1129,311,34
4pct,baseline (fixed 16.0%),,1106,79.0,39.93,-24.6,862,178,66
4pct,k=1.5,1.5,1303,62.0,3.21,-19.21,804,490,9
4pct,k=2.0,2.0,1239,69.6,15.98,-19.62,855,364,20
4pct,k=3.0,3.0,1138,77.7,36.39,-24.22,871,211,56
5pct,baseline (fixed 26.0%),,785,79.0,37.27,-31.53,596,66,123
5pct,k=1.5,1.5,907,61.3,0.14,-21.3,545,340,22
5pct,k=2.0,2.0,876,67.9,5.63,-26.19,578,254,44
5pct,k=3.0,3.0,827,75.9,32.2,-31.92,606,136,85
