ticker,gap_date,entry_date,gap_open,verdict,touch_time,touch_bar_close,touch_bar_volume,n_consecutive_bars_at_or_above,evidence_1m_window
ABNB,2026-08-11,2026-08-12,179.485,PLAUSIBLE_FILL (sustained move through level),2026-08-12 09:30:00-04:00,181.07,329638,5,"Price                         Open     High       Low    Close  Volume
Datetime                                                              
2026-08-12 09:30:00-04:00  181.398  181.398  179.5000  181.070  329638
2026-08-12 09:31:00-04:00  181.055  181.650  180.5200  180.965   44937
2026-08-12 09:32:00-04:00  180.710  182.000  180.5218  181.910   21308"
EME,2026-06-26,2026-08-12,840.63,PLAUSIBLE_FILL (sustained move through level),2026-08-12 09:45:00-04:00,840.87,8095,1,"Price                        Open      High      Low   Close  Volume
Datetime                                                            
2026-08-12 09:43:00-04:00  835.26  836.8800  835.260  836.88     326
2026-08-12 09:45:00-04:00  836.28  841.7899  835.990  840.87    8095
2026-08-12 09:46:00-04:00  837.64  839.3600  836.895  839.36     601
2026-08-12 09:47:00-04:00  839.38  839.6100  839.380  839.61     500"
COHR,2026-08-13,2026-08-14,344.88,PLAUSIBLE_FILL (sustained move through level),2026-08-14 09:56:00-04:00,346.0852,94818,2,"Price                         Open      High       Low     Close  Volume
Datetime                                                                
2026-08-14 09:55:00-04:00  341.855  342.9700  340.2891  342.5800   62944
2026-08-14 09:56:00-04:00  342.800  346.1699  342.2563  346.0852   94818
2026-08-14 09:57:00-04:00  346.160  346.1700  343.5900  343.5900   56323
2026-08-14 09:58:00-04:00  343.560  344.0600  340.2300  341.5900   50508"
NEM,2026-08-13,2026-08-14,115.01,PLAUSIBLE_FILL (sustained move through level),2026-08-14 09:30:00-04:00,116.42,177131,5,"Price                        Open      High      Low     Close  Volume
Datetime                                                              
2026-08-14 09:30:00-04:00  115.80  116.5300  115.315  116.4200  177131
2026-08-14 09:31:00-04:00  116.33  116.8600  116.320  116.7200   32357
2026-08-14 09:32:00-04:00  116.76  117.4388  116.660  117.4388   38034"
EOG,2026-08-03,2026-08-17,145.01,PLAUSIBLE_FILL (sustained move through level),2026-08-17 13:56:00-04:00,145.035,8509,5,"Price                         Open    High      Low    Close  Volume
Datetime                                                            
2026-08-17 13:55:00-04:00  144.910  144.95  144.900  144.950    2858
2026-08-17 13:56:00-04:00  144.980  145.04  144.950  145.035    8509
2026-08-17 13:57:00-04:00  145.075  145.11  145.050  145.050    3496
2026-08-17 13:58:00-04:00  145.075  145.14  145.075  145.140    3267"
WDAY,2026-08-17,2026-08-18,192.49,PLAUSIBLE_FILL (sustained move through level),2026-08-18 09:30:00-04:00,193.14,79251,5,"Price                        Open    High      Low    Close  Volume
Datetime                                                           
2026-08-18 09:30:00-04:00  195.30  195.67  193.140  193.140   79251
2026-08-18 09:31:00-04:00  193.74  194.99  193.535  194.365    4499
2026-08-18 09:32:00-04:00  194.36  194.36  193.630  194.295    8918"
TSCO,2026-08-17,2026-08-18,35.04,"LOOKS_LIKE_A_BLIP (single-print touch, price fell back same bar)",2026-08-18 09:30:00-04:00,34.785,112973,1,"Price                       Open    High    Low   Close  Volume
Datetime                                                       
2026-08-18 09:30:00-04:00  35.09  35.170  34.75  34.785  112973
2026-08-18 09:31:00-04:00  34.78  34.905  34.78  34.780    5430
2026-08-18 09:32:00-04:00  34.83  34.870  34.78  34.870    3852"
AMCR,2026-08-17,2026-08-18,45.06,PLAUSIBLE_FILL (sustained move through level),2026-08-18 09:30:00-04:00,45.845,50433,5,"Price                       Open    High    Low   Close  Volume
Datetime                                                       
2026-08-18 09:30:00-04:00  45.86  46.000  45.78  45.845   50433
2026-08-18 09:31:00-04:00  45.79  45.855  45.78  45.830    3942
2026-08-18 09:32:00-04:00  45.84  45.840  45.84  45.840     993"
CVNA,2026-08-18,2026-08-19,67.62,PLAUSIBLE_FILL (sustained move through level),2026-08-19 09:33:00-04:00,67.81,57200,5,"Price                        Open     High     Low   Close  Volume
Datetime                                                          
2026-08-19 09:32:00-04:00  66.830  67.3899  66.825  67.245   61122
2026-08-19 09:33:00-04:00  67.225  67.8660  67.110  67.810   57200
2026-08-19 09:34:00-04:00  67.755  68.2883  67.755  68.210  150241
2026-08-19 09:35:00-04:00  68.220  68.6900  68.130  68.505  102859"
CRM,2026-06-02,2026-08-13,201.02,PLAUSIBLE_FILL (sustained move through level),2026-08-13 14:40:00-04:00,201.24,219400,5,"Price                          Open    High      Low    Close  Volume
Datetime                                                             
2026-08-13 14:39:00-04:00  199.1899  200.60  198.695  200.580  555470
2026-08-13 14:40:00-04:00  200.5800  201.43  200.155  201.240  219400
2026-08-13 14:41:00-04:00  201.2000  202.20  201.195  202.100  442083
2026-08-13 14:42:00-04:00  202.1000  202.30  201.340  201.405  189554"
NOW,2026-06-02,2026-08-20,129.9,PLAUSIBLE_FILL (sustained move through level),2026-08-20 11:14:00-04:00,129.915,93813,2,"Price                         Open     High       Low    Close  Volume
Datetime                                                              
2026-08-20 11:13:00-04:00  129.790  129.820  129.6800  129.780   27724
2026-08-20 11:14:00-04:00  129.800  129.965  129.7750  129.915   93813
2026-08-20 11:15:00-04:00  129.915  130.180  129.5100  129.580  422969
2026-08-20 11:16:00-04:00  129.580  129.650  129.3701  129.620   62094"
INTU,2026-08-26,2026-08-27,323.47,PLAUSIBLE_FILL (sustained move through level),2026-08-27 09:30:00-04:00,348.114,153756,5,"Price                         Open    High     Low    Close  Volume
Datetime                                                           
2026-08-27 09:30:00-04:00  353.535  355.50  347.59  348.114  153756
2026-08-27 09:31:00-04:00  348.310  348.96  345.30  346.590   35017
2026-08-27 09:32:00-04:00  346.020  346.02  340.10  340.930   32892"
WSM,2026-08-26,2026-08-27,224.0,PLAUSIBLE_FILL (sustained move through level),2026-08-27 09:30:00-04:00,236.2625,15018,5,"Price                        Open    High       Low     Close  Volume
Datetime                                                             
2026-08-27 09:30:00-04:00  236.45  236.45  236.2625  236.2625   15018
2026-08-27 09:33:00-04:00  235.87  235.87  235.2700  235.2700     659
2026-08-27 09:34:00-04:00  234.13  235.46  233.4500  235.4500    2363"
HPQ,2026-08-27,2026-08-28,27.86,PLAUSIBLE_FILL (sustained move through level),2026-08-28 09:30:00-04:00,30.605,369913,5,"Price                         Open     High    Low    Close  Volume
Datetime                                                           
2026-08-28 09:30:00-04:00  29.8800  30.6050  29.87  30.6050  369913
2026-08-28 09:31:00-04:00  30.5858  31.1395  30.58  30.9277  131749
2026-08-28 09:32:00-04:00  30.9450  31.2456  30.86  30.9484  149656"
DLTR,2026-08-27,2026-08-28,120.0,PLAUSIBLE_FILL (sustained move through level),2026-08-28 09:30:00-04:00,127.11,34643,5,"Price                         Open     High       Low   Close  Volume
Datetime                                                             
2026-08-28 09:30:00-04:00  127.400  127.480  126.6800  127.11   34643
2026-08-28 09:31:00-04:00  127.125  127.125  125.0302  125.82    5772
2026-08-28 09:32:00-04:00  125.190  126.054  124.5150  125.00    4072"
COR,2026-08-12,2026-08-18,319.59,PLAUSIBLE_FILL (sustained move through level),2026-08-18 10:18:00-04:00,319.68,569,1,"Price                        Open    High      Low    Close  Volume
Datetime                                                           
2026-08-18 10:17:00-04:00  319.14  319.21  319.140  319.210     499
2026-08-18 10:18:00-04:00  319.36  319.68  319.120  319.680     569
2026-08-18 10:19:00-04:00  319.13  319.14  319.130  319.140     300
2026-08-18 10:20:00-04:00  319.10  319.31  318.935  318.935     551"
BBY,2026-08-27,2026-08-28,80.6,PLAUSIBLE_FILL (sustained move through level),2026-08-28 09:30:00-04:00,83.0199,60291,5,"Price                       Open     High     Low    Close  Volume
Datetime                                                          
2026-08-28 09:30:00-04:00  83.85  84.0000  82.060  83.0199   60291
2026-08-28 09:31:00-04:00  82.50  82.5000  81.385  81.3850   32599
2026-08-28 09:32:00-04:00  81.27  82.0974  80.820  81.9600   43738"
TSLA,2026-07-23,2026-08-13,341.0,PLAUSIBLE_FILL (sustained move through level),2026-08-13 15:08:00-04:00,341.325,289329,5,"Price                          Open    High      Low    Close  Volume
Datetime                                                             
2026-08-13 15:07:00-04:00  340.4600  340.60  340.300  340.565  100166
2026-08-13 15:08:00-04:00  340.5689  341.35  340.550  341.325  289329
2026-08-13 15:09:00-04:00  341.3100  341.35  340.630  341.180  168691
2026-08-13 15:10:00-04:00  341.2300  341.64  341.174  341.310  199716"
COIN,2026-08-28,2026-08-31,186.03,PLAUSIBLE_FILL (sustained move through level),2026-08-31 13:11:00-04:00,185.93,21758,5,"Price                          Open      High       Low     Close  Volume
Datetime                                                                 
2026-08-31 13:10:00-04:00  185.3465  185.6599  185.3465  185.6599    9704
2026-08-31 13:11:00-04:00  185.6400  186.0550  185.6150  185.9300   21758
2026-08-31 13:12:00-04:00  185.8800  186.5899  185.8800  186.4500   29974
2026-08-31 13:13:00-04:00  186.5800  186.9450  186.5500  186.7500   30155"
CHTR,2026-09-01,2026-09-02,146.09,PLAUSIBLE_FILL (sustained move through level),2026-09-02 09:30:00-04:00,149.0,19331,5,"Price                        Open    High     Low   Close  Volume
Datetime                                                         
2026-09-02 09:30:00-04:00  147.67  149.00  147.67  149.00   19331
2026-09-02 09:31:00-04:00  149.25  149.90  148.51  149.58   29381
2026-09-02 09:32:00-04:00  149.54  150.45  149.54  150.01   24989"
MU,2026-08-18,2026-08-19,957.1,PLAUSIBLE_FILL (sustained move through level),2026-08-19 09:30:00-04:00,957.5944,3624061,4,"Price                         Open     High     Low     Close   Volume
Datetime                                                              
2026-08-19 09:30:00-04:00  959.355  959.355  948.22  957.5944  3624061
2026-08-19 09:31:00-04:00  957.460  959.510  952.00  957.4500   205630
2026-08-19 09:32:00-04:00  956.910  959.500  955.34  958.8943   158441"
ADSK,2026-08-28,2026-08-31,261.16,PLAUSIBLE_FILL (sustained move through level),2026-08-31 09:49:00-04:00,261.64,3327,2,"Price                         Open     High     Low   Close  Volume
Datetime                                                           
2026-08-31 09:48:00-04:00  260.130  260.225  260.13  260.16    1452
2026-08-31 09:49:00-04:00  260.650  261.640  260.65  261.64    3327
2026-08-31 09:50:00-04:00  261.385  261.385  260.21  260.21    3855
2026-08-31 09:51:00-04:00  260.650  260.650  260.62  260.65    1005"
